-- SQL con todo

drop schema if exists main;
create schema main;
use main;


CREATE TABLE persona (
    per_cedula INTEGER PRIMARY KEY,
    per_telefono INTEGER NOT NULL,
    per_celular LONG NOT NULL,
    per_nombre VARCHAR(45) NOT NULL,
    per_apellido VARCHAR(45) NOT NULL,
    per_direccion VARCHAR(100) NOT NULL
);

CREATE TABLE funcionario (
    fun_per_cedula INTEGER PRIMARY KEY,
    fun_identificador VARCHAR(10) NOT NULL,
    fun_nacimiento DATE NOT NULL,
    fun_RH VARCHAR(3) NOT NULL,
    fun_eps VARCHAR(45) NOT NULL,
    fun_fondoPension VARCHAR(100) NOT NULL,
    fun_ger_fun_per_cedula INTEGER NULL,
    FOREIGN KEY (fun_per_cedula)
        REFERENCES persona (per_cedula)
);

CREATE TABLE gerente (
    ger_fun_per_cedula INTEGER PRIMARY KEY,
    FOREIGN KEY (ger_fun_per_cedula)
        REFERENCES funcionario (fun_per_cedula)
);

ALTER TABLE funcionario ADD FOREIGN KEY (fun_ger_fun_per_cedula) REFERENCES gerente(ger_fun_per_cedula);

CREATE TABLE tecnico (
    tec_fun_per_cedula INTEGER PRIMARY KEY,
    tec_experiencia INTEGER(2) NOT NULL,
    tec_areaLaboral VARCHAR(45) NOT NULL,
    FOREIGN KEY (tec_fun_per_cedula)
        REFERENCES funcionario (fun_per_cedula)
);

CREATE TABLE vendedor (
    ven_fun_per_cedula INTEGER PRIMARY KEY,
    ven_cantidadVentas INTEGER NOT NULL,
    ven_gananciaVentas DOUBLE NOT NULL,
    FOREIGN KEY (ven_fun_per_cedula)
        REFERENCES funcionario (fun_per_cedula)
);

CREATE TABLE administrativo (
    adm_fun_per_cedula INTEGER PRIMARY KEY,
    FOREIGN KEY (adm_fun_per_cedula)
        REFERENCES funcionario (fun_per_cedula)
);

CREATE TABLE empresa (
    emp_id INT8 PRIMARY KEY,
    emp_per_cedula INTEGER NOT NULL,
    emp_nombre VARCHAR(200) NOT NULL,
    FOREIGN KEY (emp_per_cedula)
        REFERENCES persona (per_cedula)
);

CREATE TABLE sede (
    sed_id INTEGER NOT NULL,
    sed_emp_id INT8 NOT NULL,
    sed_telefono INTEGER NOT NULL,
    sed_direccion varchar(45) NOT NULL,
    FOREIGN KEY (sed_emp_id)
        REFERENCES empresa (emp_id),
    PRIMARY KEY (sed_id , sed_emp_id)
);

CREATE TABLE proveedor (
    pro_emp_id INT8 PRIMARY KEY,
    FOREIGN KEY (pro_emp_id)
        REFERENCES empresa (emp_id)
);

CREATE TABLE empresaCliente (
    empC_emp_id INT8 PRIMARY KEY,
    FOREIGN KEY (empC_emp_id)
        REFERENCES empresa (emp_id)
);

CREATE TABLE producto (
    prod_id VARCHAR(45) PRIMARY KEY,
    prod_cant INTEGER NOT NULL
);

CREATE TABLE insumo (
    ins_prod_id VARCHAR(45) PRIMARY KEY,
    ins_descripcion VARCHAR(500) NULL,
    FOREIGN KEY (ins_prod_id)
        REFERENCES producto (prod_id)
);

CREATE TABLE equipo (
    equ_prod_id VARCHAR(45) PRIMARY KEY,
    equ_modelo VARCHAR(45) NOT NULL,
    equ_marca VARCHAR(45) NOT NULL,
    equ_contador INTEGER NOT NULL,
    equ_estado VARCHAR(500) NOT NULL,
    equ_ingreso DATE NULL,
    FOREIGN KEY (equ_prod_id)
        REFERENCES producto (prod_id)
);

CREATE TABLE compra (
    com_factura INTEGER PRIMARY KEY,
    com_pro_emp_id INT8 NOT NULL,
    com_adm_fun_per_cedula INTEGER NOT NULL,
    com_fecha DATE NOT NULL,
    com_costoTotal DOUBLE,
    FOREIGN KEY (com_pro_emp_id)
        REFERENCES proveedor (pro_emp_id),
    FOREIGN KEY (com_adm_fun_per_cedula)
        REFERENCES administrativo (adm_fun_per_cedula)
);

CREATE TABLE detalleCompra (
    detC_com_factura INTEGER NOT NULL,
    detC_prod_id VARCHAR(45) NOT NULL,
    detC_cantidad INTEGER NOT NULL,
    detC_costo DOUBLE NOT NULL,
    FOREIGN KEY (detC_com_factura)
        REFERENCES compra (com_factura),
    FOREIGN KEY (detC_prod_id)
        REFERENCES producto (prod_id),
    PRIMARY KEY (detC_com_factura , detC_prod_id)
);

CREATE TABLE venta (
    vent_factura_id INTEGER PRIMARY KEY,
    vent_ven_fun_per_cedula INTEGER NOT NULL,
    vent_empC_emp_id INT8 NOT NULL,
    vent_fecha DATE NOT NULL,
    vent_costoTotal DOUBLE NOT NULL,
    FOREIGN KEY (vent_ven_fun_per_cedula)
        REFERENCES vendedor (ven_fun_per_cedula),
    FOREIGN KEY (vent_empC_emp_id)
        REFERENCES empresaCliente (empC_emp_id)
);

CREATE TABLE servicio (
    ser_ID INTEGER PRIMARY KEY,
    ser_tec_fun_per_Cedula INT NOT NULL,
    ser_equ_pro_ID VARCHAR(45) NOT NULL,
    ser_empC_emp_ID INT8 NOT NULL,
    ser_Fecha_de_solicitud DATE NOT NULL,
    ser_Descripción VARCHAR(500) NULL,
    ser_Cobrable BOOLEAN NOT NULL,
    ser_Fecha_llegada DATE NULL,
    ser_Fecha_salida DATE NULL,
    ser_Hora_salida TIME NULL,
    ser_Trabajo_realizado VARCHAR(200) NULL,
    ser_Pendiente TINYINT(1) NOT NULL,
    ser_Contador_actual INT NOT NULL,
    FOREIGN KEY (ser_tec_fun_per_Cedula)
        REFERENCES tecnico (tec_fun_per_cedula),
    FOREIGN KEY (ser_equ_pro_ID)
        REFERENCES equipo (equ_prod_id),
    FOREIGN KEY (ser_empC_emp_ID)
        REFERENCES empresaCliente (empC_emp_id)
);

CREATE TABLE detalleVenta (
    detV_prod_id VARCHAR(45) NOT NULL,
    detV_vent_factura INTEGER NOT NULL,
    detV_cantidad INTEGER NOT NULL,
    detV_costo DOUBLE NOT NULL,
    FOREIGN KEY (detV_prod_id)
        REFERENCES producto (prod_id),
    FOREIGN KEY (detV_vent_factura)
        REFERENCES venta (vent_factura_id),
    PRIMARY KEY (detV_prod_id , detV_vent_factura)
);

CREATE TABLE renta (
    ren_ID INT PRIMARY KEY,
    ren_ven_fun_per_cedula INT NOT NULL,
    ren_sed_emp_ID INT8 NOT NULL,
	ren_equ_pro_ID VARCHAR(45) NOT NULL,
    ren_sed_ID INT NOT NULL,
    ren_Fecha_Inicio DATE NOT NULL,
    ren_Fecha_final DATE NOT NULL,
    ren_Costo_mensual INT NOT NULL,
    ren_Observaciones VARCHAR(500) NULL,
    FOREIGN KEY (ren_equ_pro_ID)
        REFERENCES equipo (equ_prod_ID),
    FOREIGN KEY (ren_ven_fun_per_cedula)
        REFERENCES vendedor (ven_fun_per_cedula),
    FOREIGN KEY (ren_sed_emp_ID)
        REFERENCES sede (sed_emp_ID),
    FOREIGN KEY (ren_sed_ID)
        REFERENCES sede (sed_ID)
);

CREATE TABLE detalleServicio (
    dets_ser_ID INT PRIMARY KEY,
    dets_ins_pro_ID VARCHAR(45) NOT NULL,
    dets_Cantidad INT NOT NULL,
    dets_Costo INT NOT NULL,
    FOREIGN KEY (dets_ser_ID)
        REFERENCES servicio (ser_ID),
    FOREIGN KEY (dets_ins_pro_ID)
        REFERENCES insumo (ins_prod_ID)
);

insert into persona values
(1671054022, 6604782, 3171733727, "Gema", "Medina", "909 Summerhouse St. Tiffin, OH 44883"),
(1311147076, 1662260, 3016780260, "Rebeca", "Blesa", "401 Mayflower St. Warminster, PA 18974"),
(1085524644, 3088433, 3023105485, "Germán", "Romero", "8558 Hawthorne St. Conyers, GA 30012"),
(1001446282, 8208737, 3166351272, "Anna", "Guerrero", "39 Golf Ave. Warren, MI 48089"),
(1352765716, 2264177, 3057046654, "Simón", "Suárez", "461 South Elmwood Drive Plattsburgh, NY 12901"),
(1828134270, 5166668, 3076118472, "Celia", "Vega", "9260 Somerset Court Wisconsin Rapids, WI 54494"),
(1181720352, 3631868, 3013340431, "Feliciano", "Cabrera", "94 Hudson Avenue Leominster, MA 01453"),
(1453451840, 7571573, 3127348158, "Noelia", "Nieto", "32 E. Brickell Court Colorado Springs, CO 80911"),
(1234725485, 5455245, 3052472153, "Norberto", "Peña", "9345 Nut Swamp St. Iowa City, IA 52240"),
(1027375887, 6770512, 3174301683, "Guido", "Alonso", "7616 Glenholme St. Marlborough, MA 01752"),
(1104457435, 7404423, 3168436645, "Aniano", "Crespo", "7 Division St. Southampton, PA 18966"),
(1716154386, 5138138, 3126755276, "Primo", "Sánchez", "95 Lafayette Avenue Pittsford, NY 14534"),
(1437386203, 1707448, 3034621837, "Ireneo", "Marín", "243 Sunbeam St. Bethel Park, PA 15102"),
(1458518707, 0882157, 3004646445, "Pilar", "Peña", "364 Vale Street Wadsworth, OH 44281"),
(1802022777, 7622416, 3025805462, "Concepción", "Soler", "8717 Jackson St. Clover, SC 29710"),
(1017131420, 6568606, 3015322458, "Gisela", "Garrido", "473 Sutor St. Chelsea, MA 02150"),
(1635142387, 3010581, 3053151287, "Josafat", "Garrido", "63 Illinois Ave. West Bloomfield, MI 48322"),
(1054312534, 2023603, 3136680180, "Colombo", "Ortega", "291 State Street Cockeysville, MD 21030"),
(1872400663, 8146545, 3164503528, "Nicolás", "Peña", "7 S. Windfall Dr. Schererville, IN 46375"),
(1281383230, 1546186, 3015834532, "Marc", "Mora", "8 E. Foxrun Street Bloomfield, NJ 07003"),
(1870455770, 3750630, 3045544310, "Nemesio", "Campos", "93 S. Longfellow Drive Copperas Cove, TX 76522"),
(1085305217, 6873452, 3021861673, "Damián", "Calvo", "9494 Aspen Drive Bel Air, MD 21014"),
(1410180863, 3002405, 3143737840, "Maximiliano", "Santana", "317 Country Drive Hanover Park, IL 60133"),
(1704345475, 5360640, 3042071860, "Noelia", "Parra", "7440 Stonybrook Street Staten Island, NY 10301"),
(1733444265, 0884487, 3158373064, "Casiano", "Castro", "24 Honey Creek Rd. Nicholasville, KY 40356"),
(1360111225, 4146468, 3088741342, "Adón", "Cambil", "89 Williams Lane Vincentown, NJ 08088"),
(1822850174, 0615652, 3174172833, "Julián", "Nieto", "908 North Studebaker St. Harleysville, PA 19438"),
(1617684338, 2083235, 3085431278, "José", "Blanco", "9 Trusel St. Livonia, MI 48150"),
(1765408353, 3818828, 3082635147, "Teodosia", "Iglesias", "3 West Riverside Rd. Emporia, KS 66801"),
(1218537022, 7412166, 3184743615, "Sonia", "Santos", "8733 Sugar St. Coram, NY 11727"),
(1806145541, 0402876, 3166371311, "Maximiliano", "Nieto", "20 Beech Court Floral Park, NY 11001"),
(1541200527, 6336348, 3063783328, "Jonás", "Gutiérrez", "1 Lantern Court Libertyville, IL 60048"),
(1431716417, 8571706, 3122801875, "Ester", "González", "1 Old Logan Drive Stillwater, MN 55082"),
(1011355387, 4535682, 3036243326, "Leonor", "Ramos", "96 Saxon Street Alexandria, VA 22304"),
(1555155273, 4413027, 3131233640, "Aurelia", "Giménez", "88 Shadow Brook Lane Westland, MI 48185"),
(1745260704, 6530220, 3052080844, "Honorio", "Castillo", "7 Clay St. Santa Monica, CA 90403"),
(1277518026, 6260664, 3150746728, "Simón", "Soler", "703 James St. Burbank, IL 60459"),
(1281518756, 8841048, 3188055765, "Colombo", "Gallego", "6 Tower Street Hamilton, OH 45011"),
(1380021251, 2072051, 3107358841, "Blas", "Rubio", "7432 North Roehampton Ave. Marshalltown, IA 50158"),
(1017651081, 1302411, 3103202572, "Bartolomé", "Medina", "956 S. State Dr. Circle Pines, MN 55014"),
(1582001833, 1008407, 3168118076, "Clara", "Román", "371 Lantern St. Lake Charles, LA 70605"),
(1158881322, 0026067, 3006181221, "Roberto", "Nieto", "922 College Drive Council Bluffs, IA 51501"),
(1612578714, 4624607, 3170678503, "Carolina", "Ramírez", "8435 North Galvin Avenue Perth Amboy, NJ 08861"),
(1802068400, 0547253, 3184067671, "Moisés", "Muñoz", "365 Beech Dr. Bardstown, KY 40004"),
(1302762734, 4684376, 3041132581, "Gabriel", "Romero", "98 Augusta Street Scarsdale, NY 10583"),
(1483706841, 6216152, 3048213721, "David", "Torres", "26 Holly Ave. Ottawa, IL 61350"),
(1503600810, 7820603, 3048853536, "Isaac", "Arias", "7310 Gainsway St. Trumbull, CT 06611"),
(1470247865, 1886256, 3142660372, "Vidal", "Prieto", "11 Homestead Street Sebastian, FL 32958"),
(1641600842, 1052566, 3000265486, "Melchor", "Pascual", "706 Ivy Court Barberton, OH 44203"),
(1784875526, 2233603, 3130482244, "Guido", "Campos", "7123B Mountainview St. Chester, PA 19013"),
(1726775007, 5832844, 3140370505, "Melchor", "Núñez", "51 Marlborough Drive Norwich, CT 06360"),
(1326820514, 2035581, 3180155802, "Alonso", "Domínguez", "718 Greenrose Drive West Chicago, IL 60185"),
(1282308833, 7726701, 3022128020, "Porfirio", "Serrano", "57 North Rockville Lane Sicklerville, NJ 08081"),
(1847530581, 7750875, 3174481337, "Alfredo", "Cambil", "30 Broad Street Jenison, MI 49428"),
(1156247710, 1172615, 3068065331, "Venancio", "Durán", "987 Glenwood Ave. New Castle, PA 16101"),
(1748621172, 5380527, 3126004317, "Rafael", "Flores", "9054 North Newbridge Court Baltimore, MD 21206"),
(1382483310, 3363577, 3172746333, "Yolanda", "Peña", "339 Pumpkin Hill Drive Gaithersburg, MD 20877"),
(1311764813, 3623244, 3150534080, "Faustino", "Cambil", "819 Wakehurst Road Johnson City, TN 37601"),
(1721268220, 4140403, 3124163635, "Lidia", "Moreno", "82 Franklin St. Lancaster, NY 14086"),
(1612824655, 3068777, 3110068162, "Oscar", "Ramírez", "89 Smoky Hollow Drive Memphis, TN 38106"),
(1135057257, 2272685, 3024838861, "Natalia", "Marín", "988 South Vernon Street Circle Pines, MN 55014"),
(1566883111, 1460465, 3183873178, "Lucrecia", "Caballero", "8500 Foster Street Lilburn, GA 30047"),
(1476783638, 6747063, 3064673834, "Segismundo", "Serrano", "9534 Wakehurst Road Avon Lake, OH 44012"),
(1222251662, 3324852, 3126661270, "Ildefonso", "Ruiz", "150 Lees Creek Drive Providence, RI 02904"),
(1648760080, 1076416, 3181381782, "Jorge", "Márquez", "21 Sherwood Lane Indiana, PA 15701"),
(1830887468, 6355825, 3047002045, "Oswaldo", "Peña", "69 Garden Ave. Lake Charles, LA 70605"),
(1825121418, 2728281, 3100644376, "Leopoldo", "Ibáñez", "7 Griffin St. Charlottesville, VA 22901"),
(1336213068, 7427645, 3107485245, "Timoteo", "Álvarez", "9988 Sulphur Springs Court Wheaton, IL 60187"),
(1606248327, 1431380, 3013175588, "Teodosia", "Méndez", "815 N. Lilac Drive Mcminnville, TN 37110"),
(1175365032, 3713428, 3121200167, "Oseas", "Giménez", "47 Helen Drive Crystal Lake, IL 60014"),
(1881331571, 0272642, 3120271427, "Evaristo", "Lozano", "373 Glenlake St. West Orange, NJ 07052"),
(1883721628, 6418541, 3051117387, "Sara", "González", "7007 Mammoth St. Alabaster, AL 35007"),
(1177843304, 3575128, 3003253033, "Bartolomé", "Díez", "8837 Linden Rd. Whitestone, NY 11357"),
(1667161722, 2062362, 3023760058, "Camilo", "Jiménez", "323 NW. Ohio Drive Arvada, CO 80003"),
(1646714143, 7006500, 3125548400, "Arturo", "Rubio", "110 Buttonwood Lane Enterprise, AL 36330"),
(1234582127, 3373523, 3128755477, "Esperanza", "Cano", "17 East Armstrong St. Highland, IN 46322"),
(1556051477, 1624768, 3103854631, "Dolores", "Pastor", "2 Rose Dr. Hopewell Junction, NY 12533"),
(1173581525, 6218106, 3140352827, "Aitor", "Martín", "7 Glen Ridge Lane Ft Mitchell, KY 41017"),
(1823223701, 1788844, 3114284157, "Valeriano", "Sanz", "806 Gainsway St. Mount Vernon, NY 10550"),
(1065028680, 5178000, 3056433165, "Lucía", "Vidal", "8486 Miller Ave. Fremont, OH 43420"),
(1823247458, 1246516, 3011808071, "Casiano", "Hernández", "7743 Gates Street Madison Heights, MI 48071"),
(1858540325, 7581782, 3037602445, "Oriol", "Flores", "895 Laurel St. West Lafayette, IN 47906"),
(1103280342, 8632156, 3054536341, "Timoteo", "Ramos", "2 North Randall Mill Circle Baldwin, NY 11510"),
(1825408814, 8263862, 3077475686, "Columba", "Velasco", "21 William Ave. Hudsonville, MI 49426"),
(1505746872, 3031334, 3043261748, "Blanca", "Cortés", "1 Rockledge Lane Mount Airy, MD 21771"),
(1127701276, 8645246, 3042158046, "Moisés", "Suárez", "8801 Old Wakehurst Ave. Uniondale, NY 11553"),
(1710437533, 7773160, 3004653570, "Heraclio", "Blesa", "443 Wintergreen St. Homestead, FL 33030"),
(1327212124, 2303054, 3016138141, "Ananías", "Giménez", "53 Blackburn Road Bethlehem, PA 18015"),
(1088427343, 0175167, 3146226558, "Ananías", "González", "274 South Orchard Street Jenison, MI 49428"),
(1764634000, 6106737, 3136665080, "Rita", "Medina", "578 Vermont St. East Orange, NJ 07017"),
(1135304113, 6368621, 3022443300, "Camilo", "Peña", "364 Ohio St. Montclair, NJ 07042"),
(1188757658, 3738075, 3123026370, "Guillermo", "Medina", "2 Cherry Hill St. Carpentersville, IL 60110"),
(1608363552, 4716833, 3112371185, "Antonia", "Santos", "461 Edgefield St. Warwick, RI 02886"),
(1358304603, 6044510, 3166731773, "Albert", "Carrasco", "34 Elm St. Bluffton, SC 29910"),
(1247785710, 7571816, 3011618815, "Fabio", "Calvo", "40 Creek St. Johnson City, TN 37601"),
(1023760387, 4501451, 3051832484, "José", "Carmona", "7381 Helen St. Morton Grove, IL 60053"),
(1814535606, 0143168, 3050831577, "Vidal", "Martín", "9885 West Shub Farm St. Derry, NH 03038"),
(1014020822, 2172512, 3052327240, "Cristina", "Nieto", "9928 East San Carlos Lane Lawrence, MA 01841"),
(1356203883, 6800835, 3087553661, "Ariadna", "Montoro", "9117 Ann Ave. Saint Paul, MN 55104"),
(1652045316, 3181276, 3155703665, "Conrado", "Moya", "2 Shadow Brook Ave. Covington, GA 30014"),
(1361762011, 6570206, 3156434328, "Rita", "Herrero", "903 Harvard Road Watertown, MA 02472"),
(1801210804, 3258777, 3032654474, "Víctor", "Molina", "3 Corona Street Hudson, NH 03051"),
(1618127014, 3716181, 3100473621, "Elena", "Flores", "704 Maple St. Dawsonville, GA 30534"),
(1801180045, 7236373, 3164610385, "Ariadna", "Blesa", "2 Summit St. Virginia Beach, VA 23451"),
(1607512506, 0877665, 3164474521, "Alicia", "Durán", "2 Old Holly Street Portsmouth, VA 23703"),
(1375133888, 4473348, 3145241273, "Lino", "Iglesias", "822 W. Ridge Rd. Franklin, MA 02038"),
(1037671513, 7487244, 3017081581, "Efrén", "Díaz", "9730 Colonial Court Lemont, IL 60439"),
(1516861852, 5753406, 3058277055, "Leandro", "Montero", "708 Court St. Berwyn, IL 60402"),
(1382141544, 4843026, 3067805610, "Arcadio", "Núñez", "351 Carson Ave. Los Banos, CA 93635"),
(1155136700, 8354474, 3062762382, "Sebastián", "Domínguez", "478 Gonzales Street Butte, MT 59701"),
(1807334787, 3415452, 3166677676, "Inés", "Álvarez", "58 Fremont Road Webster, NY 14580"),
(1815164450, 4020644, 3050307744, "Cecilia", "Sánchez", "544 Evergreen St. Redford, MI 48239"),
(1745878586, 3040718, 3000827730, "Columba", "Cortés", "8682 Pheasant Ave. Chicopee, MA 01020"),
(1712322135, 3761342, 3067578440, "Joan", "Nieto", "890 San Juan Ave. Gulfport, MS 39503"),
(1554570153, 2201683, 3036103231, "Adrián", "Lozano", "210 Blue Spring Lane Kissimmee, FL 34741"),
(1812658428, 1121418, 3076323050, "Teófila", "Sanz", "90 Rockwell Ave. Mansfield, MA 02048"),
(1115468148, 3435063, 3058750370, "Teófila", "López", "364 Fulton St. Tewksbury, MA 01876"),
(1546000646, 4855388, 3022410784, "Sebastián", "Pérez", "28 East Warren Street Orange Park, FL 32065"),
(1560534351, 0154662, 3060408137, "Vicenta", "Durán", "698 Peg Shop Drive Forney, TX 75126"),
(1783557321, 4347317, 3122075221, "Pío", "Muñoz", "11C North Shore Street New Orleans, LA 70115"),
(1678322156, 0317734, 3131013748, "Rafael", "Blanco", "8658 Old York Circle Livonia, MI 48150"),
(1800765267, 1840023, 3136515375, "Casimiro", "Guerrero", "239 North Walt Whitman Drive Evans, GA 30809"),
(1832225600, 7086051, 3067133722, "Fabián", "Herrero", "74 SW. Clinton Lane Mount Pleasant, SC 29464"),
(1880242116, 1608471, 3187146885, "Jordi", "González", "121 Main Rd. Irwin, PA 15642"),
(1157752512, 8601027, 3186515611, "Ramón", "Reyes", "8252 Euclid Dr. Lemont, IL 60439"),
(1847818067, 1053077, 3082288012, "Oriol", "Arias", "4 Pin Oak Ave. Pompano Beach, FL 33060"),
(1881733243, 2048688, 3156035362, "Victorio", "Cano", "9238 Court St. Powell, TN 37849"),
(1843876165, 2222011, 3063676514, "María", "Domínguez", "49 Redwood Street Rock Hill, SC 29730"),
(1216312042, 7566485, 3005235755, "Elías", "Guerrero", "40 Saxton Road Gallatin, TN 37066"),
(1821825667, 0680228, 3158636871, "Patricia", "Cano", "9437 Vernon Street Ridgecrest, CA 93555"),
(1602217878, 4175121, 3140512043, "Begoña", "Carmona", "34 William Dr. Goshen, IN 46526"),
(1628848785, 8833606, 3165835755, "Lourdes", "Ortega", "99 Greenrose Street Romeoville, IL 60446"),
(1777765782, 2315017, 3144306451, "Pascual", "Vega", "33 Poor House St. Laurel, MD 20707"),
(1176151246, 4353781, 3038258802, "Alipio", "Rey", "8849 San Pablo Dr. Lawndale, CA 90260"),
(1344743623, 3833547, 3181420048, "Pancracio", "Delgado", "636 2nd Avenue Battle Ground, WA 98604"),
(1764842822, 6710622, 3013854523, "Natalia", "Velasco", "898 S. Smith Court Valrico, FL 33594"),
(1733416013, 5067308, 3060401575, "Félix", "Martínez", "496 South Lakewood Drive New Orleans, LA 70115"),
(1057756378, 4346728, 3015851833, "Demócrito", "Cruz", "8291 Brickell Avenue Meadville, PA 16335"),
(1764130062, 5778526, 3074607583, "Fidel", "Vicente", "362 Harrison St. Pittsburgh, PA 15206"),
(1342820130, 0811384, 3002720251, "Casiano", "Gutiérrez", "936 Helen Court Trussville, AL 35173"),
(1575357454, 6731642, 3106683448, "Pedro", "Sanz", "54 South Fawn St. Perkasie, PA 18944"),
(1388421732, 1821367, 3171482837, "Renato", "Romero", "4 Griffin Ave. Wallingford, CT 06492"),
(1710610174, 5208578, 3123464082, "Cesáreo", "Arias", "20 East Street Waltham, MA 02453"),
(1625672744, 8574213, 3083535871, "Mario", "Parra", "895 Westminster Court Deerfield, IL 60015"),
(1473311731, 7640038, 3118154512, "Lorenzo", "Lorenzo", "9403 Coffee Ave. Suffolk, VA 23434"),
(1606108122, 5082527, 3010335525, "Anna", "Caballero", "8536 Woodside Rd. Saint Petersburg, FL 33702"),
(1278148341, 6363460, 3108403410, "Guadalupe", "Herrera", "8550 Sulphur Springs St. Kings Mountain, NC 28086"),
(1732800305, 1442824, 3120775840, "Ifigenia", "Arias", "7585 E. Garden Court Holland, MI 49423"),
(1715826213, 5036301, 3065828121, "Eduvigis", "Santos", "892 Corona St. Winter Haven, FL 33880"),
(1842385617, 8807417, 3102140248, "Natividad", "Ortiz", "776 Ridge Dr. Fargo, ND 58102"),
(1718627800, 6462244, 3007747722, "Poncio", "Pastor", "8870 Morris St. Cape Coral, FL 33904"),
(1012784887, 1474572, 3102572580, "Hilarión", "Molina", "37 N. Shirley St. Palatine, IL 60067"),
(1433770506, 3048867, 3020184481, "Benedicto", "Vázquez", "917 Coffee Court Canal Winchester, OH 43110"),
(1363540631, 2355527, 3142803820, "Tomás", "Santana", "131 Jefferson St. Depew, NY 14043"),
(1073074057, 3665422, 3016184223, "Epifanía", "Díez", "486 Orange Ave. Reynoldsburg, OH 43068"),
(1710481552, 6676663, 3174763454, "Aureliano", "Calvo", "8055 Amherst St. Hermitage, TN 37076"),
(1512408506, 2026352, 3021785868, "Rita", "Moya", "523 Orchard Lane Potomac, MD 20854"),
(1554427456, 4585835, 3080758687, "Priscila", "Esteban", "7229 Atlantic Street Amsterdam, NY 12010"),
(1783260778, 0367064, 3043483337, "Antero", "Torres", "29 New Saddle Lane Centreville, VA 20120"),
(1040061368, 0180717, 3176283761, "Xavier", "Arias", "26 53rd Street Suite 49 "),
(1331143147, 0274746, 3108857047, "Baldomero", "Ramos", "Framingham, MA 01701349 E. Glenholme Lane "),
(1633576666, 4571462, 3087266238, "Jaume", "Fuentes", "Winter Haven, FL 338809991 Carson St. "),
(1500502424, 3708844, 3123208718, "Dolores", "Blanco", "Independence, KY 410511 Del Monte Street "),
(1127702534, 5138807, 3027854515, "Iván", "Santana", "Hackensack, NJ 0760127 Broad Dr. "),
(1563134853, 2587558, 3070083634, "Virgilio", "Ruiz", "Madison Heights, MI 480718484 Rockland Street "),
(1182374782, 4300546, 3076603050, "Rubén", "Guerrero", "Miami Gardens, FL 3305655 Wall St. "),
(1663144576, 2316142, 3048438242, "Daciano", "Santiago", "Bergenfield, NJ 0762169 Rockville Road "),
(1336836846, 3416486, 3131727661, "Orestes", "Martín", "Woodbridge, VA 221918993 Cobblestone Drive "),
(1741621680, 7230460, 3036365038, "Eulalia", "Sánchez", "Port Richey, FL 346687365 Elizabeth St. "),
(1011313746, 6835788, 3021576882, "Facundo", "López", "Brainerd, MN 56401134 Leatherwood St. "),
(1540433705, 5142363, 3062357678, "Bernabé", "Montoro", "Longview, TX 756044 Greystone Ave. "),
(1536120668, 6708210, 3054323623, "Camilo", "Gómez", "Defiance, OH 435128107 Warren Court "),
(1586370516, 5288525, 3148207067, "Inés", "Nieto", "Torrington, CT 067909 Thatcher St. "),
(1621117638, 7702800, 3071026655, "Nieves", "Ramos", "Decatur, GA 300309502 S. St Margarets Drive "),
(1885785884, 0583884, 3026106157, "Marcelino", "Medina", "Hopewell Junction, NY 12533566 North Garfield Drive "),
(1716571407, 4655811, 3148505257, "Victorino", "Carmona", "Sterling, VA 20164201 Orchard Drive "),
(1456338187, 4702470, 3103243800, "Octavio", "León", "Knoxville, TN 379189650 East Sleepy Hollow St. "),
(1478140186, 2103337, 3070555507, "Adán", "Ramos", "Colonial Heights, VA 2383489 Saxton St. "),
(1061274130, 5128462, 3115018773, "Odón", "Domínguez", "Providence, RI 029049949 Tarkiln Hill Street "),
(1533535170, 8408322, 3167208700, "Vladimiro", "Rey", "Columbia, MD 21044128 South Military St. "),
(1667051482, 2513366, 3168056678, "Blanca", "López", "Buckeye, AZ 8532667 South Riverview Lane "),
(1550853078, 2507334, 3118864282, "Casio", "Pastor", "Homestead, FL 33030101 Oklahoma Rd. "),
(1817181701, 3400226, 3178050656, "Dámaso", "Castro", "Woodside, NY 113777386 La Sierra Street "),
(1556857166, 3113335, 3061466103, "Oscar", "Benítez", "Moorhead, MN 56560612 S. Hilldale Street "),
(1836778856, 7354320, 3145520507, "Juvenal", "López", "Waterloo, IA 5070198 St Louis St. "),
(1336268676, 0768574, 3151017867, "Elisa", "Gómez", "Quincy, MA 02169387 South Winchester Court "),
(1687252220, 3218110, 3018301467, "Borja", "Rey", "Windsor Mill, MD 2124424 SW. Roehampton Court "),
(1465458745, 0088350, 3043655182, "Evaristo", "Morales", "Fairmont, WV 2655419 Durham Court "),
(1062051512, 0886447, 3050671204, "Arturo", "Pérez", "Woonsocket, RI 028959048 Euclid Ave. "),
(1476872734, 2015388, 3100682134, "Honorio", "Reyes", "Atlantic City, NJ 08401765 North Purple Finch Dr. "),
(1146517147, 8885717, 3181823554, "Luis", "Rubio", "El Dorado, AR 71730361 Prairie Dr. "),
(1885102628, 0687181, 3108540844, "Honorio", "Ortiz", "Milwaukee, WI 532044 Sugar Rd. "),
(1141620351, 3700201, 3073075581, "Carmen", "Blesa", "Westwood, NJ 07675645 Roberts Ave. "),
(1137438516, 0102611, 3112670614, "Esiquio", "Delgado", "Indiana, PA 1570175 Division Court "),
(1467637666, 2011626, 3044508847, "Adela", "Rubio", "Chicago, IL 60621463 Academy Court "),
(1810540653, 3033666, 3138228726, "Tadeo", "Méndez", "Honolulu, HI 9681571 Vernon Rd. "),
(1775184557, 2063158, 3171242408, "Cesáreo", "Caballero", "La Crosse, WI 546019310 George Dr. "),
(1424624014, 1707236, 3158077641, "Atanasio", "Vargas", "Campbell, CA 950083 West Vermont Drive "),
(1316666638, 6812173, 3165317641, "Efrén", "Cruz", "Bountiful, UT 840108305 Edgewood Lane "),
(1700773464, 3833808, 3136052765, "Juvenal", "Giménez", "Worcester, MA 0160433 North Cobblestone Ave. "),
(1578771680, 0847887, 3026826235, "Ascensión", "Pérez", "Philadelphia, PA 1911197 Thorne Street "),
(1245266303, 6285178, 3037587750, "Sixto", "Santiago", "Kenosha, WI 5314085 Wild Horse Avenue "),
(1625104113, 6087500, 3105382207, "Donato", "Cruz", "Zanesville, OH 43701808 Amerige Drive "),
(1017205288, 6230283, 3072707555, "Rebeca", "Santos", "Calumet City, IL 604098386 Smith Store St. "),
(1400323816, 7766234, 3077341362, "Sandra", "Santiago", "New Lenox, IL 604519 Windfall Rd. "),
(1113734316, 2858860, 3161007284, "Marcos", "Giménez", "Youngstown, OH 445121 Newport Ave. "),
(1150812126, 1304726, 3027673720, "Anastasia", "Ortega", "Alliance, OH 446017472 Bay St. "),
(1008366631, 4547242, 3176665384, "Fausto", "Molina", "Fernandina Beach, FL 32034966 North Cedar Road "),
(1648037304, 3751116, 3033665035, "Aurora", "Ibáñez", "Millington, TN 3805369 Trusel Ave. "),
(1420142571, 3485376, 3073526137, "Marina", "Sánchez", "Lapeer, MI 484467835 Rockwell St. "),
(1566413108, 2545346, 3021024478, "Alonso", "Ramos", "Little Falls, NJ 074247272 Front Street "),
(1344120674, 8628683, 3078313476, "Jeremías", "Vázquez", "Downers Grove, IL 605159365 Griffin Avenue "),
(1486866371, 1227608, 3032124682, "Ángel", "León", "Mount Laurel, NJ 08054535 Theatre Dr. "),
(1017037031, 5545132, 3075853517, "Luis", "García", "Maryville, TN 37803622 Bradford Street "),
(1111517365, 6052430, 3078662084, "Vladimiro", "Méndez", "Stroudsburg, PA 183607817 Armstrong St. "),
(1878827761, 2301620, 3162878826, "Esther", "Navarro", "Mesa, AZ 852039874 Deerfield Ave. "),
(1677647528, 4336565, 3178224530, "Purificación", "Torres", "Parsippany, NJ 07054580 Fawn Drive "),
(1754268752, 8644242, 3121262034, "Calixto", "Sanz", "Severn, MD 21144127 Berkshire Ave. "),
(1750280504, 6631303, 3034581324, "Isabel", "Hidalgo", "Warren, MI 480897054 Old Trout Ave. "),
(1687481683, 0410815, 3155853634, "Urbano", "Benítez", "New Milford, CT 0677628 NE. High Ridge Street "),
(1088482700, 4208024, 3167732770, "Francisca", "Garrido", "Lincolnton, NC 28092447 West Southampton Ave. "),
(1816143086, 3608151, 3073088352, "Lorena", "Moreno", "Bemidji, MN 56601287 Edgewood St. "),
(1684613658, 2055165, 3072151382, "Isaías", "Prieto", "Hixson, TN 3734324 West Inverness St. "),
(1724858723, 3118736, 3045085746, "Esiquio", "Santana", "Thomasville, NC 27360101 Primrose St. "),
(1670415638, 4105821, 3080804550, "Jaime", "Delgado", "Delray Beach, FL 33445587 West Armstrong Ave. "),
(1011420513, 8863877, 3066126770, "Bernardo", "Campos", "Beckley, WV 2580137 West 1st Road "),
(1077376337, 5076227, 3106518700, "Cipriano", "Álvarez", "Acworth, GA 301016 Highland Street "),
(1655880627, 6342580, 3080561155, "Ricardo", "López", "Westminster, MD 211578833 Creekside Drive "),
(1640768667, 6637511, 3104773814, "Liduvina", "Gil", "Shepherdsville, KY 401658392 NE. Rockville Court "),
(1113710440, 8508523, 3018548655, "Jacinto", "Arias", "Desoto, TX 75115273 West Argyle Dr. "),
(1067571623, 0600405, 3140583222, "Alfredo", "Esteban", "Piscataway, NJ 088548225 Howard Lane "),
(1120716843, 8444732, 3008827563, "Esteban", "Martín", "Danbury, CT 068108212 Lawrence St. "),
(1531815135, 8644754, 3132006758, "Casimiro", "Prieto", "Dorchester, MA 0212542 N. Market St. "),
(1023688600, 3677744, 3082474560, "Trinidad", "Hernández", "Hampton, VA 23666890 Chapel Street "),
(1488605611, 8416356, 3151441757, "Luciano", "Hernández", "Hamburg, NY 14075403 Vale Drive "),
(1106216867, 6664210, 3122245533, "Augusto", "Santana", "Dekalb, IL 601159977 Race Ave. "),
(1585178205, 7455634, 3073382144, "Lourdes", "González", "Wilson, NC 2789397 West Wall Road "),
(1656651506, 7742541, 3168108670, "Elisa", "Carmona", "Glendale Heights, IL 601394 Cross Ave. "),
(1515557821, 5738841, 3004333417, "Leonor", "Iglesias", "North Canton, OH 4472090 Squaw Creek Circle "),
(1376771615, 2204614, 3010085387, "César", "Guerrero", "Glendora, CA 91740750 Tunnel St. "),
(1444768135, 8772376, 3186101700, "Ubaldo", "Sáez", "Harlingen, TX 785527581 Indian Spring St. "),
(1277367334, 7331864, 3063586763, "Alejandra", "Castillo", "Macon, GA 31204458 Summer Ave. "),
(1752865205, 5665303, 3176858757, "Primo", "Santana", "Ontario, CA 91762204 Rockwell Street "),
(1370678518, 0456680, 3123668446, "Julián", "Flores", "Caldwell, NJ 070068699 Augusta Street "),
(1662186021, 0421360, 3014046102, "Esther", "Medina", "Warminster, PA 189745 Griffin St. "),
(1103182531, 4282637, 3156640035, "Esteban", "Ortiz", "Emporia, KS 6680183 Del Monte Lane "),
(1775536317, 5852844, 3076202765, "Damián", "Mora", "Twin Falls, ID 8330173 New Street "),
(1206726676, 2208637, 3122713521, "Gema", "Benítez", "Savage, MN 5537892 W. Green Hill Court "),
(1851735512, 2181133, 3126887712, "Eugenio", "Iglesias", "Hickory, NC 2860115 Stonybrook Street "),
(1522372137, 2164466, 3085171335, "Francisca", "Cortés", "Charleston, SC 29406752 Oakland Ave. "),
(1543751126, 3477682, 3157157413, "Miguel", "Gómez", "Beckley, WV 25801449 Fairview Ave. "),
(1717602443, 3036475, 3168513571, "Edmundo", "Santiago", "Longwood, FL 32779657 8th Ave. "),
(1442742157, 3303701, 3052678453, "Bartolomé", "Romero", "Hopkins, MN 553437705 Newport St. "),
(1500236620, 4763242, 3145706674, "Bárbara", "Marín", "Taylor, MI 4818063 West Schoolhouse Dr. "),
(1173710242, 8470626, 3100321308, "Josep", "Ortega", "Thornton, CO 80241832 Ridge Drive "),
(1142248885, 4153605, 3183614202, "Agustín", "Ferrer", "Oakland Gardens, NY 113647706 Division St. "),
(1363102825, 8450563, 3084328861, "Albina", "Soler", "Lake Worth, FL 3346067 Lake Forest Ave. "),
(1650684466, 0165101, 3111855367, "Roque", "Moreno", "Rockford, MI 49341774 Canal Circle "),
(1310557070, 5404107, 3032757838, "Matilde", "Sánchez", "Matthews, NC 28104582 6th Ave. "),
(1082126275, 5702786, 3114484066, "Vicente", "Delgado", "Shrewsbury, MA 015455 East Street "),
(1653305084, 0435564, 3171652827, "Eduardo", "Cano", "Fort Dodge, IA 505017832 Tailwater Ave. "),
(1044888588, 4703573, 3037404182, "Josafat", "Pascual", "Great Falls, MT 59404491 NW. Rock Creek Rd. "),
(1745356211, 5715853, 3006502736, "Augusto", "Sanz", "Fargo, ND 58102104 Foster Street "),
(1467520018, 3683345, 3006474652, "Asunción", "Soto", "Ridgefield, CT 068779678 Broad Street "),
(1657238038, 0025100, 3166446247, "María", "Fernández", "Bardstown, KY 4000485 Newbridge Street "),
(1282100271, 0278826, 3047831140, "Pablo", "Gallardo", "Vernon Hills, IL 600617602 S. Leeton Ridge Drive "),
(1058713061, 7204562, 3182816547, "Isaac", "Santos", "Windermere, FL 347867741 SE. Pendergast Drive "),
(1765401105, 1520672, 3128035482, "Patricia", "Gallardo", "Lakeville, MN 55044447 High Noon Dr. "),
(1130086657, 1848223, 3083586224, "Ángela", "Soto", "Goshen, IN 46526105 Valley View Street "),
(1882031478, 8063226, 3175810863, "Inmaculada", "León", "Fort Walton Beach, FL 325475 Carpenter St. "),
(1083402652, 5163506, 3172131877, "Leoncio", "Herrero", "Mcallen, TX 78501464 Princeton Street "),
(1762836831, 3422782, 3154775564, "Esdras", "Romero", "Redford, MI 482398677 George Dr. "),
(1311225410, 0407465, 3176581178, "Mercedes", "Suárez", "Glenview, IL 600259890 W. Pulaski St. "),
(1245752173, 6665667, 3063512163, "Leoncio", "Caballero", "Clarksville, TN 3704057 Golden Star Ave. "),
(1663873845, 1358630, 3133332563, "Luciano", "Cortés", "Marion, NC 28752216 Beach Lane "),
(1275225576, 6020058, 3046482763, "Godofredo", "Romero", "Levittown, NY 11756305 Roehampton Street "),
(1854470265, 8866444, 3100101426, "Timoteo", "Suárez", "Johnson City, TN 376017140 North Applegate Ave. "),
(1281508385, 4857482, 3135625025, "Rosendo", "Díez", "Palm Beach Gardens, FL 334108958 College Rd. "),
(1254435411, 5252133, 3071641631, "Bernarda", "Román", "Rosedale, NY 11422998 Tailwater Drive "),
(1557414002, 5827518, 3070584223, "Juan", "Campos", "Stoughton, MA 020728081 Beechwood Street "),
(1672511817, 5385173, 3071567808, "Heraclio", "Gil", "Fair Lawn, NJ 07410625 SW. Lower River Rd. "),
(1300334243, 3288254, 3178760203, "Carlos", "Ruiz", "Centreville, VA 20120671 Glenlake Road "),
(1253773543, 5301750, 3011223782, "Dario", "Fuentes", "Anderson, SC 29621667 Mammoth Rd. "),
(1056510588, 2306526, 3064640631, "Urbano", "Parra", "Clarkston, MI 48348723 Marshall Street "),
(1055654700, 4328428, 3153160224, "Roberto", "Campos", "Windsor, CT 06095192 Heather Drive "),
(1884037740, 1838537, 3144058446, "Andrea", "Vicente", "Cedar Rapids, IA 5240247 W. Catherine St. "),
(1666275300, 8822016, 3038683788, "Basileo", "Fuentes", "Davenport, IA 52804999 Gates St. "),
(1712650145, 8382506, 3040260546, "Aarón", "Pastor", "Langhorne, PA 190477638 South Ridgeview Ave. "),
(1640048641, 2553308, 3110574745, "Nemesio", "Cabrera", "Harleysville, PA 194389638 Sleepy Hollow Drive "),
(1004714488, 4222115, 3181163083, "Sansón", "Pastor", "Nazareth, PA 18064399 Joy Ridge Street "),
(1875232711, 1227433, 3115705431, "Leoncio", "Morales", "Roseville, MI 4806674 Plumb Branch Ave. "),
(1631725437, 2065213, 3045538134, "Mauricio", "Cano", "Waterford, MI 483297 Rockville St. "),
(1245215642, 7607808, 3104335735, "Julián", "Montoro", "Allison Park, PA 151018796 Meadow Street "),
(1223620155, 8174551, 3064788451, "Vicente", "Herrero", "Port Washington, NY 11050397 Sutor St. "),
(1518716508, 1228166, 3188017015, "Cayo", "Gil", "Wyoming, MI 4950910 Meadow Rd. "),
(1101405428, 0417745, 3006447407, "Victoria", "Nieto", "Marshalltown, IA 501589239 Devon Street "),
(1006500231, 2157758, 3108667835, "Esdras", "Ibáñez", "Alliance, OH 44601352 3rd Rd. "),
(1271862711, 7025003, 3014227624, "Julia", "Ortega", "Redford, MI 48239221 N. Leeton Ridge Dr. "),
(1408275662, 0746628, 3030375008, "Renato", "Bravo", "Poughkeepsie, NY 12601438 Essex Road "),
(1273108642, 4204861, 3174065802, "Sandra", "Guerrero", "Orchard Park, NY 1412771 Selby Rd. ")
;

insert into funcionario values
(1001446282, "MGTBHGNAMX", "1994-09-26", "O+", "Salud", "Caja de Compensación Familiar COMFENALCO ANTIOQUIA", null),
(1004714488, "KYPFVSLCKN", "1992-08-03", "AB-", "Saludcolombia", "Skandia Administradora de Fondos de Pensiones y Cesantías S.A.", null),
(1006500231, "DFLHMJLDOP", "1971-11-05", "A-", "Sanitas", "Compañía Agrícola de Seguros de Vida S.A.", null),
(1008366631, "YWOMUDCITG", "1993-05-10", "A+", "Cafesalud", "Caja Nacional de Previsión Social - CAJANAL E.I.C.E", null),
(1011313746, "VDFOYRIHQM", "1983-04-14", "O+", "Valle", "Skandia Alternativo", null),
(1011355387, "EISZHULNVJ", "1989-02-25", "A-", "Solsalud", "Compañía Colombiana Administradora de Fondos de Pensiones y Cesantías S.A. COLFONDOS", null),
(1011420513, "BGIJZWJQPB", "1965-11-01", "AB+", "Colpatria", "Aseguradora de Vida Colseguros", null),
(1012784887, "ZFECVXXCLO", "1975-09-14", "B-", "Salud", "Caja de Compensación Familiar Camacol COMFAMILIAR CAMACOL", null),
(1014020822, "VNKUCVGJXV", "1975-11-05", "AB-", "Famisanar", "Caja de Compensación Familiar de Barranquilla COMBARRANQUILLA", null),
(1017037031, "UVDLLZKKAF", "1994-11-09", "AB-", "Colpatria", "Caja de Previsión Social de Los Trabajadores de la Universidad del Cauca", null),
(1017131420, "BELVMUBWGM", "1966-04-16", "O+", "Vivir", "Compañía Suramericana Administradora de Riesgos Profesionales y Seguros de Vida", null),
(1017205288, "WMMAKNOYDH", "1975-11-12", "O+", "Colpatria", "Compañía Agrícola de Seguros de Vida S.A.", null),
(1017651081, "STKSQMSAUG", "1965-11-18", "AB-", "Compensar", "Skandia Alternativo", null),
(1023688600, "VTWQIPMWNF", "1996-10-16", "O+", "Antioquia", "Instituto de Seguros Sociales I.S.S. Pensiones", null),
(1023760387, "IJLQREHCKA", "1972-03-23", "AB-", "EPS", "Seguros de Vida Colpatria S.A.", null),
(1027375887, "UGPTKMRDIQ", "1991-01-06", "B+", "Sanitas", "Sociedad Administradora de Fondos de Pensiones y Cesantías Porvenir S.A.", null),
(1037671513, "HHLNUOBNCQ", "1998-05-21", "AB-", "Saludvida", "Caja de Compensación Familiar CAJACOPI ATLANTICO", null),
(1040061368, "RKDITTWJBL", "1990-01-24", "A-", "Convida", "Liberty Seguros de Vida", null),
(1044888588, "JPYYPBNIRE", "1995-11-21", "B-", "Convida", "Caja de Compensación Familiar Camacol COMFAMILIAR CAMACOL", null),
(1054312534, "OZDXLMFZAS", "1984-07-10", "B-", "Colmena", "CIA. de Seguros Bolívar S.A.", null),
(1055654700, "IJXNLBQCML", "1991-03-12", "A+", "Selvasalud", "Pensiones de Antioquia", null),
(1056510588, "TDDNSFXMXJ", "1970-03-02", "A+", "Colmédica", "La Equidad Seguros de Vida Organismo Cooperativo - La Equidad Vida", null),
(1057756378, "ILPZBAEJSA", "1977-06-16", "B-", "de", "Fondo de Previsión Social del Congreso de la República FonpreconP", null),
(1058713061, "BHKWRFJNCI", "1977-01-05", "A-", "Saludcolombia", "Bbva Horizonte Sociedad Administradora de Fondos de Pensiones y de Cesantías S.A", null),
(1061274130, "DKDWXUMVKB", "1966-10-05", "AB+", "Cruz", "La Equidad Seguros de Vida Organismo Cooperativo - La Equidad Vida", null),
(1062051512, "CBSWKNVGDR", "1965-07-03", "AB-", "de", "Riesgos Profesionales Colmena S.A Compañía de Seguros de Vida", null),
(1065028680, "GXFIOHJASE", "1975-03-06", "B+", "los", "Compañía Suramericana Administradora de Riesgos Profesionales y Seguros de Vida", null),
(1067571623, "LUDZGPYUZR", "1986-05-03", "AB+", "Humana", "Fondo de solidaridad pensional", null),
(1073074057, "BATXAJUIZI", "1988-07-14", "B+", "S.O.S", "Sociedad Administradora de Fondos de Pensiones y Cesantías Porvenir S.A.", null),
(1077376337, "NFYFUCDWKM", "1994-04-26", "A+", "Sanitas", "La Previsora Vida S.A. Compañía de Seguros", null),
(1082126275, "WTWTGLRMDG", "1975-01-05", "O+", "Solsalud", "Seguros de Vida Colpatria S.A.", null),
(1083402652, "DIMKWBHZYK", "1969-07-16", "A-", "Sanitas", "Fondo de solidaridad pensional", null),
(1085305217, "MBYUWOCBQW", "1974-01-20", "B-", "EPS", "Caja de Compensación Familiar de Barranquilla COMBARRANQUILLA", null),
(1085524644, "SDIOHYKNLI", "1975-06-05", "B+", "Salud", "Fondo de solidaridad pensional", null),
(1088427343, "NHPOCZJQEM", "1991-04-03", "A+", "Capresoca", "Skandia Administradora de Fondos de Pensiones y Cesantías S.A.", null),
(1088482700, "OQDTOBIKTR", "1977-02-11", "B-", "Coomeva", "Caja de Compensación Familiar COMFAMILIAR DEL ATLANTICO", null),
(1101405428, "KBGFTIGVIF", "1978-08-07", "O+", "Caprecom", "Caja de Compensación Familiar COMFAMILIAR DEL ATLANTICO", null),
(1103182531, "EOAXSZSNXJ", "1980-09-26", "B-", "Salud", "Aseguradora de Vida Colseguros", null),
(1103280342, "KHLZTRORUT", "1994-05-10", "A+", "Salud", "Caja de Previsión Social de Comunicaciones -CaprecomP", null),
(1104457435, "KCMYGFGBFI", "1970-01-12", "A-", "de", "Compañía Agrícola de Seguros de Vida S.A.", null),
(1106216867, "FTOAHEGMQI", "1979-04-27", "B+", "EPS", "Caja de Compensación Familiar COMFENALCO ANTIOQUIA", null),
(1111517365, "YWLSVNOKZL", "1997-05-19", "O+", "Antioquia", "Riesgos Profesionales Colmena S.A Compañía de Seguros de Vida", null),
(1113710440, "TMDMFQSNMJ", "1990-01-16", "AB+", "Instituto", "Fondo de solidaridad pensional", null),
(1113734316, "HSLPMHUALS", "1988-11-16", "AB+", "Convida", "Seguros de Vida Alfa S.A.", null),
(1115468148, "VVLFBGPQQH", "1978-06-05", "AB-", "Valle", "La Previsora Vida S.A. Compañía de Seguros", null),
(1120716843, "TCRJLIVYRB", "1973-06-26", "A-", "Famisanar", "Caja de Compensación Familiar de Antioquia COMFAMA", null),
(1127701276, "PMUAOFZWHY", "1979-08-22", "A-", "Solsalud", "Aseguradora de Vida Colseguros", null),
(1127702534, "JNMVLRQPWR", "1971-02-17", "AB-", "Cruz", "Seguros de Vida Alfa S.A.", null),
(1130086657, "XNCPEKLGIO", "1996-03-14", "A-", "Saludvida", "Compañía Colombiana Administradora de Fondos de Pensiones y Cesantías S.A. COLFONDOS", null),
(1135057257, "EOCFHEKMWP", "1983-10-27", "B+", "Famisanar", "Caja de Previsión Social de Comunicaciones -CaprecomP", null),
(1135304113, "VHCVYGQFPP", "1979-04-15", "A+", "Comfenalco", "Instituto de Seguros Sociales I.S.S. Riesgos Profesionales", null),
(1137438516, "CFMEVYDGXN", "1971-06-25", "A+", "Convida", "Compañía Colombiana Administradora de Fondos de Pensiones y Cesantías S.A. COLFONDOS", null),
(1141620351, "JFSGWSVUFE", "1981-06-03", "B+", "Caprecom", "Pensiones de Antioquia", null),
(1142248885, "NEVYGKWORD", "1969-05-09", "AB+", "Blanca", "Fondo de solidaridad pensional", null),
(1146517147, "FOOXNXXQLI", "1969-06-27", "O+", "Total", "La Previsora Vida S.A. Compañía de Seguros", null),
(1150812126, "AUISUMUEOY", "1989-07-03", "B-", "Colpatria", "Aseguradora de Vida Colseguros", null),
(1155136700, "HVZYKHCABV", "1968-06-05", "A+", "Valle", "BBVA Seguros de Vida Colombia S.A", null),
(1156247710, "NSFEDFTBMC", "1964-01-16", "A+", "de", "Pensiones de Antioquia", null),
(1157752512, "SNHWNHOPUP", "1988-05-27", "B+", "ARS", "Caja de Previsión Social de Comunicaciones -CaprecomP", null),
(1158881322, "OOKSOFGSSY", "1986-09-18", "A+", "Salud", "Skandia Alternativo", null),
(1173581525, "UGKUTAOYCL", "1983-09-21", "A+", "Seguros", "Caja de Previsión Social de Los Trabajadores de la Universidad del Cauca", null),
(1173710242, "JSRKUOGIUK", "1967-01-23", "B+", "Famisanar", "Caja de Compensación Familiar de Barranquilla COMBARRANQUILLA", null),
(1175365032, "PNPMHMFYQG", "1991-04-26", "B+", "Blanca", "Caja de Compensación Familiar de Antioquia COMFAMA", null),
(1176151246, "KTPUNKSJCA", "1968-10-01", "A-", "Capresoca", "Compañía Colombiana Administradora de Fondos de Pensiones y Cesantías S.A. COLFONDOS", null),
(1177843304, "KKWOUROCZM", "1983-04-25", "B-", "Vivir", "Seguros de Vida Alfa S.A.", null),
(1181720352, "FHKGDDSXYZ", "1996-10-12", "AB-", "Saludvida", "La Previsora Vida S.A. Compañía de Seguros", null),
(1182374782, "QDBYTYGLIV", "1992-01-22", "O+", "Caprecom", "Liberty Seguros de Vida", null),
(1188757658, "VOMOYPODWO", "1979-02-09", "A-", "Colmena", "Caja de Auxilios y Prestaciones de la Asociación Colombiana de Aviadores Civiles Acdac", null),
(1206726676, "TWEOBWTUBR", "1984-11-22", "A-", "Coomeva", "Skandia Alternativo", null),
(1216312042, "UFGORVKBLX", "1977-04-11", "B-", "Sanitas", "La Previsora Vida S.A. Compañía de Seguros", null),
(1218537022, "YQCHLEKBJN", "1976-11-17", "O+", "de", "Instituto de Seguros Sociales I.S.S. Riesgos Profesionales", null),
(1222251662, "ONKGHIHLNY", "1981-08-04", "O+", "Solsalud", "Caja de Compensación Familiar de Antioquia COMFAMA", null),
(1223620155, "BKBKTCIBGC", "1971-02-08", "O+", "Solsalud", "Compañía Suramericana Administradora de Riesgos Profesionales y Seguros de Vida", null),
(1234582127, "BOKKQQHBEO", "1990-03-12", "AB-", "Capresoca", "Seguros de Vida Colpatria S.A.", null),
(1234725485, "ZOJTCEVZIM", "1998-08-04", "AB+", "Selvasalud", "Compañía Agrícola de Seguros de Vida S.A.", null),
(1245215642, "RETOYPQFUP", "1973-08-05", "B+", "Cafesalud", "Skandia Alternativo", null),
(1245266303, "IPPLLHCIBR", "1979-01-21", "B-", "Solsalud", "Instituto de Seguros Sociales I.S.S. Pensiones", null),
(1245752173, "NEBVJDTCFZ", "1987-11-19", "AB+", "Colmena", "Liberty Seguros de Vida", null),
(1247785710, "NBNFSCUMFY", "1991-06-14", "AB+", "Sanitas", "Caja de Compensación Familiar COMFAMILIAR DEL ATLANTICO", null),
(1253773543, "XMYWWSDKRL", "1970-03-18", "B-", "Caprecom", "Aseguradora de Vida Colseguros", null),
(1254435411, "TKBDUFBYHD", "1990-07-14", "A+", "Instituto", "Caja Nacional de Previsión Social - CAJANAL E.I.C.E", null),
(1271862711, "LUNNEWUZNI", "1972-03-19", "B+", "Cruz", "Compañía Suramericana Administradora de Riesgos Profesionales y Seguros de Vida", null),
(1273108642, "GRMSDAVUNE", "1976-10-27", "A-", "SaludCoop", "Compañía Colombiana Administradora de Fondos de Pensiones y Cesantías S.A. COLFONDOS", null),
(1275225576, "BHMPHKLMNC", "1974-11-25", "AB-", "Salud", "Skandia Alternativo", null),
(1277367334, "CCQEDWZLRL", "1966-10-02", "O+", "Comfenalco", "BBVA Seguros de Vida Colombia S.A", null),
(1277518026, "PAJIBFXCBL", "1990-06-23", "A-", "Vivir", "La Equidad Seguros de Vida Organismo Cooperativo - La Equidad Vida", null),
(1278148341, "CORACSVUJE", "1986-02-03", "A-", "Solsalud", "Caja de Compensación Familiar de Antioquia COMFAMA", null),
(1281383230, "RLSEDHTREU", "1981-11-19", "B-", "Calisalud", "Caja de Previsión Social de Comunicaciones -CaprecomP", null),
(1281508385, "NDGSWMKABH", "1982-01-25", "AB-", "Selvasalud", "Sociedad Administradora de Fondos de Pensiones y Cesantías Porvenir S.A.", null),
(1281518756, "WYEXHGECNA", "1968-09-09", "A-", "Salud", "Aseguradora de Vida Colseguros", null),
(1282100271, "TDPNQNAWAS", "1970-07-22", "AB-", "S.A.", "Compañía Agrícola de Seguros de Vida S.A.", null),
(1282308833, "EIVPANKHKE", "1973-02-10", "AB-", "EPS", "Instituto de Seguros Sociales I.S.S. Riesgos Profesionales", null),
(1300334243, "PXMLAWDBAR", "1979-03-07", "A+", "Comfenalco", "Liberty Seguros de Vida", null),
(1302762734, "ROXPZZOIMZ", "1998-03-27", "B-", "los", "Compañía Colombiana Administradora de Fondos de Pensiones y Cesantías S.A. COLFONDOS", null),
(1310557070, "DESQPJMWRA", "1974-10-26", "B-", "Vivir", "Sociedad Administradora de Fondos de Pensiones y Cesantías Porvenir S.A.", null),
(1311147076, "XTNXYNSGXK", "1986-08-10", "A-", "Sanitas", "BBVA Seguros de Vida Colombia S.A", null),
(1311225410, "QWXQSBGVLH", "1965-05-06", "B-", "EPS", "Compañía Colombiana Administradora de Fondos de Pensiones y Cesantías S.A. COLFONDOS", null),
(1311764813, "CYPKEBHETV", "1994-09-05", "A-", "Selvasalud", "Seguros de Vida del Estado S.A.", null),
(1316666638, "EJJJGEPPEI", "1970-08-20", "AB-", "Salud", "Fondo de solidaridad pensional", null),
(1326820514, "TWHLMFERXC", "1969-06-04", "O+", "Seguros", "Administradora de Fondos de Pensiones y Cesantía Protección S.A.", null),
(1327212124, "KYRZEKEYDK", "1977-02-21", "AB+", "Cruz", "Seguros de Vida del Estado S.A.", null),
(1331143147, "KNOWTKTEXB", "1977-05-04", "B+", "Convida", "Aseguradora de Vida Colseguros", null),
(1336213068, "TBHGWDYFGR", "1978-07-17", "AB-", "Colmena", "Instituto de Seguros Sociales I.S.S. Pensiones", null),
(1336268676, "XPQOQLFMEK", "1990-02-03", "A+", "Antioquia", "La Previsora Vida S.A. Compañía de Seguros", null),
(1336836846, "JFJMTZPOMT", "1987-08-19", "B+", "Selvasalud", "Instituto de Seguros Sociales I.S.S. Riesgos Profesionales", null),
(1342820130, "GBDFWENQPZ", "1982-07-11", "AB-", "Sociales", "Caja de Auxilios y Prestaciones de la Asociación Colombiana de Aviadores Civiles Acdac", null),
(1344120674, "YSFOIWIEGZ", "1988-02-20", "B-", "Saludcolombia", "Fondo de Previsión Social del Congreso de la República FonpreconP", null),
(1344743623, "PECTAQADJM", "1977-08-14", "B+", "Antioquia", "Caja de Compensación Familiar de Antioquia COMFAMA", null),
(1352765716, "LOSYWNKRNU", "1978-03-16", "B-", "Valle", "Caja de Previsión Social de Los Trabajadores de la Universidad del Cauca", null),
(1356203883, "LRJGYBOCBC", "1964-11-26", "A+", "Vivir", "Aseguradora de Vida Colseguros", null),
(1358304603, "QOIJIJGLMS", "1981-04-27", "B+", "Saludvida", "Seguros de Vida Alfa S.A.", null),
(1360111225, "OXMQXHOEDJ", "1992-02-01", "A+", "Seguros", "Compañía Agrícola de Seguros de Vida S.A.", null),
(1361762011, "TXHHYKRVNL", "1992-05-10", "AB-", "Colmédica", "Skandia Administradora de Fondos de Pensiones y Cesantías S.A.", null),
(1363102825, "PRXAGWVAAB", "1980-05-05", "AB+", "Salud", "CIA. de Seguros Bolívar S.A.", null),
(1363540631, "AXAONEHJHL", "1988-09-17", "B-", "Selvasalud", "Caja de Compensación Familiar de Antioquia COMFAMA", null),
(1370678518, "NHVGRUTWUP", "1992-04-04", "AB-", "Colpatria", "Caja de Compensación Familiar COMFAMILIAR DEL ATLANTICO", null),
(1375133888, "NSVJBPUJER", "1964-07-25", "B+", "Comfenalco", "Liberty Seguros de Vida", null),
(1376771615, "FXRRVBDDZO", "1972-01-15", "AB-", "Solsalud", "Instituto de Seguros Sociales I.S.S. Riesgos Profesionales", null),
(1380021251, "WNKMKDHUEK", "1983-10-07", "B+", "S.O.S", "Instituto de Seguros Sociales I.S.S. Riesgos Profesionales", null),
(1382141544, "PACEOEGBXU", "1965-06-07", "B-", "EPS", "Liberty Seguros de Vida", null),
(1382483310, "NGYVKWZXUK", "1997-09-20", "O+", "Antioquia", "CIA. de Seguros Bolívar S.A.", null),
(1388421732, "ITMFWYEPJZ", "1990-03-20", "A-", "Coomeva", "Riesgos Profesionales Colmena S.A Compañía de Seguros de Vida", null),
(1400323816, "VRRARHDLSF", "1986-11-14", "B-", "Comfenalco", "Fondo de Previsión Social del Congreso de la República FonpreconP", null),
(1408275662, "UCEACEIFLZ", "1997-03-03", "B+", "Valle", "Caja de Compensación Familiar de Barranquilla COMBARRANQUILLA", null),
(1410180863, "ITJOQYCVZE", "1980-02-14", "B-", "Cruz", "La Previsora Vida S.A. Compañía de Seguros", null),
(1420142571, "UHDRDAJQOP", "1969-10-14", "B+", "Convida", "BBVA Seguros de Vida Colombia S.A", null),
(1424624014, "KPJGVOIJKU", "1965-06-04", "AB+", "Selvasalud", "Compañía de Seguros de Vida Aurora", null),
(1431716417, "RARXNQNCXC", "1992-07-06", "A-", "Saludvida", "Fondos de Pensiones y Cesantía Santander S.A.", null),
(1433770506, "QRFCNWJYHF", "1988-10-21", "B-", "Selvasalud", "Compañía Central de Seguros de Vida S.A.", null),
(1437386203, "DWCZQBBNDQ", "1984-09-08", "B-", "EPS", "Instituto de Seguros Sociales I.S.S. Pensiones", null),
(1442742157, "GLROVMEUKD", "1994-01-09", "AB+", "Calisalud", "Seguros de Vida Alfa S.A.", null),
(1444768135, "LKFUIHQCDJ", "1985-09-18", "B-", "Salud", "Seguros de Vida Colpatria S.A.", null),
(1453451840, "TKFMPZVEUM", "1986-05-26", "AB-", "Salud", "Caja de Compensación Familiar COMFENALCO ANTIOQUIA", null),
(1456338187, "COTHWNXORI", "1968-10-23", "AB+", "Saludvida", "Fondo de Previsión Social del Congreso de la República FonpreconP", null),
(1458518707, "DAWCENGLFP", "1998-05-05", "A+", "Solsalud", "Seguros de Vida Colpatria S.A.", null),
(1465458745, "AUIEHMSIIA", "1977-08-17", "A-", "Humana", "Fondo de solidaridad pensional", null),
(1467520018, "HVWXDBVNNT", "1989-06-07", "A+", "Capresoca", "Instituto de Seguros Sociales I.S.S. Pensiones", null),
(1467637666, "JJGXPWADSH", "1978-08-27", "AB-", "ARS", "Caja de Compensación Familiar de Antioquia COMFAMA", null),
(1470247865, "QBNKLCZNKG", "1964-02-07", "AB+", "Antioquia", "Pensiones de Antioquia", null),
(1473311731, "OOXWGGAMFD", "1998-09-14", "O+", "Seguros", "Liberty Seguros de Vida", null),
(1476783638, "KCMJPCLHYO", "1967-08-21", "AB+", "Solsalud", "Instituto de Seguros Sociales I.S.S. Pensiones", null),
(1476872734, "SXXCAIEAOY", "1978-03-07", "AB+", "Salud", "Administradora de Fondos de Pensiones y Cesantía Protección S.A.", null),
(1478140186, "KCTJSHILDA", "1990-06-25", "A+", "Cafesalud", "Caja de Compensación Familiar COMFAMILIAR DEL ATLANTICO", null),
(1483706841, "JKGOCDJRBH", "1966-08-26", "B-", "Calisalud", "Caja de Previsión Social de Comunicaciones -CaprecomP", null),
(1486866371, "TTYBDGUCGX", "1996-04-25", "B-", "los", "La Equidad Seguros de Vida Organismo Cooperativo - La Equidad Vida", null),
(1488605611, "KPOWXBLTBN", "1966-08-24", "A-", "Colpatria", "Compañía Agrícola de Seguros de Vida S.A.", null),
(1500236620, "NPCXYOAPHY", "1977-08-23", "O+", "Cafesalud", "Caja de Compensación Familiar COMFENALCO ANTIOQUIA", null),
(1500502424, "LVWXDWFNHE", "1984-10-21", "AB-", "Colmédica", "Caja de Auxilios y Prestaciones de la Asociación Colombiana de Aviadores Civiles Acdac", null),
(1503600810, "MMZUSVBXOK", "1990-03-15", "O+", "Selvasalud", "Seguros de Vida Colpatria S.A.", null),
(1505746872, "PNIBSESLZC", "1977-08-08", "A+", "Cafesalud", "Caja de Previsión Social de Comunicaciones -CaprecomP", null),
(1512408506, "FGVCYEXNLE", "1971-03-09", "B+", "Comfenalco", "Caja de Compensación Familiar CAJACOPI ATLANTICO", null),
(1515557821, "IZJIDQBSHJ", "1967-06-08", "A+", "Selvasalud", "BBVA Seguros de Vida Colombia S.A", null),
(1516861852, "TZPPLLBOIM", "1980-11-01", "A+", "Salud", "Riesgos Profesionales Colmena S.A Compañía de Seguros de Vida", null),
(1518716508, "RXVIEOHUYW", "1979-05-07", "A-", "Colmédica", "Seguros de Vida Colpatria S.A.", null),
(1522372137, "SIPZVZGDQC", "1970-01-02", "A+", "ARS", "Caja de Previsión Social de Comunicaciones -CaprecomP", null),
(1531815135, "ZKQWMSYGEE", "1979-10-26", "AB+", "Coomeva", "La Previsora Vida S.A. Compañía de Seguros", null),
(1533535170, "PPVKLLWFRH", "1965-04-17", "A+", "Seguros", "Instituto de Seguros Sociales I.S.S. Pensiones", null),
(1536120668, "UCGGMCMKRR", "1969-07-17", "AB+", "EPS", "Fondo de solidaridad pensional", null),
(1540433705, "LCIAZHGNPU", "1988-05-02", "A+", "Blanca", "Fondo de Previsión Social del Congreso de la República FonpreconP", null),
(1541200527, "YBBRWZOXLA", "1966-07-10", "B+", "Saludvida", "Compañía Suramericana Administradora de Riesgos Profesionales y Seguros de Vida", null),
(1543751126, "QUMVHLVEOE", "1973-06-07", "AB-", "Calisalud", "Caja de Compensación Familiar CAJACOPI ATLANTICO", null),
(1546000646, "KBZTVQSECD", "1974-09-10", "AB-", "Humana", "Instituto de Seguros Sociales I.S.S. Riesgos Profesionales", null),
(1550853078, "PJXBTSJHGO", "1991-08-22", "O+", "Valle", "Compañía Suramericana Administradora de Riesgos Profesionales y Seguros de Vida", null),
(1554427456, "ZWKYMCIWES", "1998-01-16", "O+", "EPS", "Liberty Seguros de Vida", null),
(1554570153, "KDUYEPVKNB", "1964-06-12", "B-", "Salud", "Sociedad Administradora de Fondos de Pensiones y Cesantías Porvenir S.A.", null),
(1555155273, "FWFHCZWILG", "1981-03-06", "AB+", "Humana", "Caja de Previsión Social de Los Trabajadores de la Universidad del Cauca", null),
(1556051477, "IQDKOCCIGZ", "1983-04-19", "B+", "SaludCoop", "Instituto de Seguros Sociales I.S.S. Pensiones", null),
(1556857166, "NNLCQJTJYD", "1986-07-11", "AB-", "Vivir", "BBVA Seguros de Vida Colombia S.A", null),
(1557414002, "ACGZWORJDY", "1977-07-07", "AB-", "Salud", "Liberty Seguros de Vida", null),
(1560534351, "MBGYLJSYPK", "1965-06-24", "B-", "S.A.", "Caja de Compensación Familiar CAJACOPI ATLANTICO", null),
(1563134853, "HLTBGAPIEV", "1986-05-05", "A-", "Colmena", "Seguros de Vida del Estado S.A.", null),
(1566413108, "EUKHMUEEQM", "1970-09-05", "O+", "Colmédica", "CIA. de Seguros Bolívar S.A.", null),
(1566883111, "LCZAJWYVVT", "1979-06-10", "A+", "Valle", "Aseguradora de Vida Colseguros", null),
(1575357454, "OCOJXVVUOE", "1967-05-01", "A-", "Solsalud", "Caja de Previsión Social de Comunicaciones -CaprecomP", null),
(1578771680, "HPSWMCGBQS", "1969-05-20", "B-", "Blanca", "Caja de Compensación Familiar Camacol COMFAMILIAR CAMACOL", null),
(1582001833, "HFBCJUURBD", "1987-07-06", "A+", "Total", "CIA. de Seguros Bolívar S.A.", null),
(1585178205, "RCCEBVUDCG", "1979-10-04", "AB-", "Cruz", "Compañía Colombiana Administradora de Fondos de Pensiones y Cesantías S.A. COLFONDOS", null),
(1586370516, "XODLPJGKWS", "1966-01-22", "B-", "Colmena", "Caja de Compensación Familiar Camacol COMFAMILIAR CAMACOL", null),
(1602217878, "DEYKPABWNO", "1984-06-15", "O+", "Capresoca", "Caja Nacional de Previsión Social - CAJANAL E.I.C.E", null),
(1606108122, "YNPIXNHXZM", "1970-02-16", "O+", "Coomeva", "Caja de Compensación Familiar Camacol COMFAMILIAR CAMACOL", null),
(1606248327, "FRKJTNGNHK", "1971-03-07", "B+", "Convida", "Skandia Administradora de Fondos de Pensiones y Cesantías S.A.", null),
(1607512506, "AKSCAUMDBQ", "1992-04-15", "AB-", "Instituto", "La Equidad Seguros de Vida Organismo Cooperativo - La Equidad Vida", null),
(1608363552, "XHQQWNTVYS", "1987-08-11", "AB+", "EPS", "Skandia Administradora de Fondos de Pensiones y Cesantías S.A.", null),
(1612578714, "NMJGGXAWJX", "1976-03-27", "AB+", "Saludvida", "Caja Nacional de Previsión Social - CAJANAL E.I.C.E", null),
(1612824655, "YXLLJPTDEV", "1990-01-25", "O+", "Solsalud", "Caja de Compensación Familiar Camacol COMFAMILIAR CAMACOL", null),
(1617684338, "AYICXBHVNN", "1985-08-07", "A-", "los", "Compañía Agrícola de Seguros de Vida S.A.", null),
(1618127014, "YKFVKTPUCO", "1964-05-01", "O+", "S.A.", "Caja Nacional de Previsión Social - CAJANAL E.I.C.E", null),
(1621117638, "JWBFAQYICX", "1969-10-11", "B+", "Antioquia", "BBVA Seguros de Vida Colombia S.A", null),
(1625104113, "ISIHUBRPMR", "1988-02-03", "AB+", "Comfenalco", "Compañía Colombiana Administradora de Fondos de Pensiones y Cesantías S.A. COLFONDOS", null),
(1625672744, "YAAYGZYMVY", "1997-02-07", "AB-", "Salud", "Caja de Compensación Familiar COMFENALCO ANTIOQUIA", null),
(1628848785, "JZVTIUYPMS", "1982-02-24", "B-", "Humana", "Skandia Administradora de Fondos de Pensiones y Cesantías S.A.", null),
(1631725437, "RWEXZSDJCF", "1994-08-05", "A-", "Saludvida", "Administradora de Fondos de Pensiones y Cesantía Protección S.A.", null),
(1633576666, "EYCNLZPNOK", "1965-03-20", "A-", "Cruz", "Compañía Colombiana Administradora de Fondos de Pensiones y Cesantías S.A. COLFONDOS", null),
(1635142387, "YNXINEWLDF", "1993-03-06", "A-", "Colpatria", "Seguros de Vida Alfa S.A.", null),
(1640048641, "BWJFUMRFGZ", "1984-10-22", "A-", "Salud", "Caja Nacional de Previsión Social - CAJANAL E.I.C.E", null),
(1640768667, "GONZOYIFJT", "1987-01-09", "B-", "Selvasalud", "Compañía de Seguros de Vida Aurora", null),
(1641600842, "XNAZCDEQNN", "1975-07-11", "B+", "Salud", "Caja de Auxilios y Prestaciones de la Asociación Colombiana de Aviadores Civiles Acdac", null),
(1646714143, "ZZFYBMMKIS", "1970-07-16", "A+", "Comfenalco", "Seguros de Vida Alfa S.A.", null),
(1648037304, "QVCXSRJEBT", "1970-06-20", "A+", "Comfenalco", "Sociedad Administradora de Fondos de Pensiones y Cesantías Porvenir S.A.", null),
(1648760080, "XWJIBYAVGJ", "1971-05-12", "A-", "Coomeva", "Instituto de Seguros Sociales I.S.S. Pensiones", null)
;

insert into gerente values
(1001446282),
(1004714488),
(1006500231),
(1008366631),
(1011313746),
(1011355387),
(1011420513),
(1012784887),
(1014020822),
(1017037031),
(1017131420),
(1017205288),
(1017651081),
(1023688600),
(1023760387),
(1027375887),
(1037671513),
(1040061368),
(1044888588),
(1054312534),
(1055654700),
(1056510588),
(1057756378),
(1058713061),
(1061274130),
(1062051512),
(1065028680),
(1067571623),
(1073074057),
(1077376337),
(1082126275),
(1083402652),
(1085305217),
(1085524644),
(1088427343),
(1088482700),
(1101405428),
(1103182531),
(1103280342),
(1104457435),
(1106216867),
(1111517365),
(1113710440),
(1113734316),
(1115468148),
(1120716843),
(1127701276),
(1127702534),
(1130086657),
(1135057257)
;

UPDATE funcionario set fun_ger_fun_per_cedula = 1001446282 where fun_per_cedula = 1135304113;
UPDATE funcionario set fun_ger_fun_per_cedula = 1004714488 where fun_per_cedula = 1137438516;
UPDATE funcionario set fun_ger_fun_per_cedula = 1006500231 where fun_per_cedula = 1141620351;
UPDATE funcionario set fun_ger_fun_per_cedula = 1008366631 where fun_per_cedula = 1142248885;
UPDATE funcionario set fun_ger_fun_per_cedula = 1011313746 where fun_per_cedula = 1146517147;
UPDATE funcionario set fun_ger_fun_per_cedula = 1011355387 where fun_per_cedula = 1150812126;
UPDATE funcionario set fun_ger_fun_per_cedula = 1011420513 where fun_per_cedula = 1155136700;
UPDATE funcionario set fun_ger_fun_per_cedula = 1012784887 where fun_per_cedula = 1156247710;
UPDATE funcionario set fun_ger_fun_per_cedula = 1014020822 where fun_per_cedula = 1157752512;
UPDATE funcionario set fun_ger_fun_per_cedula = 1017037031 where fun_per_cedula = 1158881322;
UPDATE funcionario set fun_ger_fun_per_cedula = 1017131420 where fun_per_cedula = 1173581525;
UPDATE funcionario set fun_ger_fun_per_cedula = 1017205288 where fun_per_cedula = 1173710242;
UPDATE funcionario set fun_ger_fun_per_cedula = 1017651081 where fun_per_cedula = 1175365032;
UPDATE funcionario set fun_ger_fun_per_cedula = 1023688600 where fun_per_cedula = 1176151246;
UPDATE funcionario set fun_ger_fun_per_cedula = 1023760387 where fun_per_cedula = 1177843304;
UPDATE funcionario set fun_ger_fun_per_cedula = 1027375887 where fun_per_cedula = 1181720352;
UPDATE funcionario set fun_ger_fun_per_cedula = 1037671513 where fun_per_cedula = 1182374782;
UPDATE funcionario set fun_ger_fun_per_cedula = 1040061368 where fun_per_cedula = 1188757658;
UPDATE funcionario set fun_ger_fun_per_cedula = 1044888588 where fun_per_cedula = 1206726676;
UPDATE funcionario set fun_ger_fun_per_cedula = 1054312534 where fun_per_cedula = 1216312042;
UPDATE funcionario set fun_ger_fun_per_cedula = 1055654700 where fun_per_cedula = 1218537022;
UPDATE funcionario set fun_ger_fun_per_cedula = 1056510588 where fun_per_cedula = 1222251662;
UPDATE funcionario set fun_ger_fun_per_cedula = 1057756378 where fun_per_cedula = 1223620155;
UPDATE funcionario set fun_ger_fun_per_cedula = 1058713061 where fun_per_cedula = 1234582127;
UPDATE funcionario set fun_ger_fun_per_cedula = 1061274130 where fun_per_cedula = 1234725485;
UPDATE funcionario set fun_ger_fun_per_cedula = 1062051512 where fun_per_cedula = 1245215642;
UPDATE funcionario set fun_ger_fun_per_cedula = 1065028680 where fun_per_cedula = 1245266303;
UPDATE funcionario set fun_ger_fun_per_cedula = 1067571623 where fun_per_cedula = 1245752173;
UPDATE funcionario set fun_ger_fun_per_cedula = 1073074057 where fun_per_cedula = 1247785710;
UPDATE funcionario set fun_ger_fun_per_cedula = 1077376337 where fun_per_cedula = 1253773543;
UPDATE funcionario set fun_ger_fun_per_cedula = 1082126275 where fun_per_cedula = 1254435411;
UPDATE funcionario set fun_ger_fun_per_cedula = 1083402652 where fun_per_cedula = 1271862711;
UPDATE funcionario set fun_ger_fun_per_cedula = 1085305217 where fun_per_cedula = 1273108642;
UPDATE funcionario set fun_ger_fun_per_cedula = 1085524644 where fun_per_cedula = 1275225576;
UPDATE funcionario set fun_ger_fun_per_cedula = 1088427343 where fun_per_cedula = 1277367334;
UPDATE funcionario set fun_ger_fun_per_cedula = 1088482700 where fun_per_cedula = 1277518026;
UPDATE funcionario set fun_ger_fun_per_cedula = 1101405428 where fun_per_cedula = 1278148341;
UPDATE funcionario set fun_ger_fun_per_cedula = 1103182531 where fun_per_cedula = 1281383230;
UPDATE funcionario set fun_ger_fun_per_cedula = 1103280342 where fun_per_cedula = 1281508385;
UPDATE funcionario set fun_ger_fun_per_cedula = 1104457435 where fun_per_cedula = 1281518756;
UPDATE funcionario set fun_ger_fun_per_cedula = 1106216867 where fun_per_cedula = 1282100271;
UPDATE funcionario set fun_ger_fun_per_cedula = 1111517365 where fun_per_cedula = 1282308833;
UPDATE funcionario set fun_ger_fun_per_cedula = 1113710440 where fun_per_cedula = 1300334243;
UPDATE funcionario set fun_ger_fun_per_cedula = 1113734316 where fun_per_cedula = 1302762734;
UPDATE funcionario set fun_ger_fun_per_cedula = 1115468148 where fun_per_cedula = 1310557070;
UPDATE funcionario set fun_ger_fun_per_cedula = 1120716843 where fun_per_cedula = 1311147076;
UPDATE funcionario set fun_ger_fun_per_cedula = 1127701276 where fun_per_cedula = 1311225410;
UPDATE funcionario set fun_ger_fun_per_cedula = 1127702534 where fun_per_cedula = 1311764813;
UPDATE funcionario set fun_ger_fun_per_cedula = 1130086657 where fun_per_cedula = 1316666638;
UPDATE funcionario set fun_ger_fun_per_cedula = 1135057257 where fun_per_cedula = 1326820514;
UPDATE funcionario set fun_ger_fun_per_cedula = 1085305217 where fun_per_cedula = 1327212124;
UPDATE funcionario set fun_ger_fun_per_cedula = 1106216867 where fun_per_cedula = 1331143147;
UPDATE funcionario set fun_ger_fun_per_cedula = 1088427343 where fun_per_cedula = 1336213068;
UPDATE funcionario set fun_ger_fun_per_cedula = 1113734316 where fun_per_cedula = 1336268676;
UPDATE funcionario set fun_ger_fun_per_cedula = 1023688600 where fun_per_cedula = 1336836846;
UPDATE funcionario set fun_ger_fun_per_cedula = 1017205288 where fun_per_cedula = 1342820130;
UPDATE funcionario set fun_ger_fun_per_cedula = 1113710440 where fun_per_cedula = 1344120674;
UPDATE funcionario set fun_ger_fun_per_cedula = 1008366631 where fun_per_cedula = 1344743623;
UPDATE funcionario set fun_ger_fun_per_cedula = 1017651081 where fun_per_cedula = 1352765716;
UPDATE funcionario set fun_ger_fun_per_cedula = 1130086657 where fun_per_cedula = 1356203883;
UPDATE funcionario set fun_ger_fun_per_cedula = 1011420513 where fun_per_cedula = 1358304603;
UPDATE funcionario set fun_ger_fun_per_cedula = 1073074057 where fun_per_cedula = 1360111225;
UPDATE funcionario set fun_ger_fun_per_cedula = 1127701276 where fun_per_cedula = 1361762011;
UPDATE funcionario set fun_ger_fun_per_cedula = 1083402652 where fun_per_cedula = 1363102825;
UPDATE funcionario set fun_ger_fun_per_cedula = 1055654700 where fun_per_cedula = 1363540631;
UPDATE funcionario set fun_ger_fun_per_cedula = 1101405428 where fun_per_cedula = 1370678518;
UPDATE funcionario set fun_ger_fun_per_cedula = 1130086657 where fun_per_cedula = 1375133888;
UPDATE funcionario set fun_ger_fun_per_cedula = 1023688600 where fun_per_cedula = 1376771615;
UPDATE funcionario set fun_ger_fun_per_cedula = 1127701276 where fun_per_cedula = 1380021251;
UPDATE funcionario set fun_ger_fun_per_cedula = 1004714488 where fun_per_cedula = 1382141544;
UPDATE funcionario set fun_ger_fun_per_cedula = 1130086657 where fun_per_cedula = 1382483310;
UPDATE funcionario set fun_ger_fun_per_cedula = 1130086657 where fun_per_cedula = 1388421732;
UPDATE funcionario set fun_ger_fun_per_cedula = 1065028680 where fun_per_cedula = 1400323816;
UPDATE funcionario set fun_ger_fun_per_cedula = 1011355387 where fun_per_cedula = 1408275662;
UPDATE funcionario set fun_ger_fun_per_cedula = 1017651081 where fun_per_cedula = 1410180863;
UPDATE funcionario set fun_ger_fun_per_cedula = 1023760387 where fun_per_cedula = 1420142571;
UPDATE funcionario set fun_ger_fun_per_cedula = 1040061368 where fun_per_cedula = 1424624014;
UPDATE funcionario set fun_ger_fun_per_cedula = 1083402652 where fun_per_cedula = 1431716417;
UPDATE funcionario set fun_ger_fun_per_cedula = 1103182531 where fun_per_cedula = 1433770506;
UPDATE funcionario set fun_ger_fun_per_cedula = 1054312534 where fun_per_cedula = 1437386203;
UPDATE funcionario set fun_ger_fun_per_cedula = 1044888588 where fun_per_cedula = 1442742157;
UPDATE funcionario set fun_ger_fun_per_cedula = 1055654700 where fun_per_cedula = 1444768135;
UPDATE funcionario set fun_ger_fun_per_cedula = 1057756378 where fun_per_cedula = 1453451840;
UPDATE funcionario set fun_ger_fun_per_cedula = 1120716843 where fun_per_cedula = 1456338187;
UPDATE funcionario set fun_ger_fun_per_cedula = 1040061368 where fun_per_cedula = 1458518707;
UPDATE funcionario set fun_ger_fun_per_cedula = 1006500231 where fun_per_cedula = 1465458745;
UPDATE funcionario set fun_ger_fun_per_cedula = 1113734316 where fun_per_cedula = 1467520018;
UPDATE funcionario set fun_ger_fun_per_cedula = 1067571623 where fun_per_cedula = 1467637666;
UPDATE funcionario set fun_ger_fun_per_cedula = 1113734316 where fun_per_cedula = 1470247865;
UPDATE funcionario set fun_ger_fun_per_cedula = 1037671513 where fun_per_cedula = 1473311731;
UPDATE funcionario set fun_ger_fun_per_cedula = 1017131420 where fun_per_cedula = 1476783638;
UPDATE funcionario set fun_ger_fun_per_cedula = 1061274130 where fun_per_cedula = 1476872734;
UPDATE funcionario set fun_ger_fun_per_cedula = 1017205288 where fun_per_cedula = 1478140186;
UPDATE funcionario set fun_ger_fun_per_cedula = 1057756378 where fun_per_cedula = 1483706841;
UPDATE funcionario set fun_ger_fun_per_cedula = 1073074057 where fun_per_cedula = 1486866371;
UPDATE funcionario set fun_ger_fun_per_cedula = 1061274130 where fun_per_cedula = 1488605611;
UPDATE funcionario set fun_ger_fun_per_cedula = 1103280342 where fun_per_cedula = 1500236620;
UPDATE funcionario set fun_ger_fun_per_cedula = 1111517365 where fun_per_cedula = 1500502424;
UPDATE funcionario set fun_ger_fun_per_cedula = 1082126275 where fun_per_cedula = 1503600810;
UPDATE funcionario set fun_ger_fun_per_cedula = 1008366631 where fun_per_cedula = 1505746872;
UPDATE funcionario set fun_ger_fun_per_cedula = 1014020822 where fun_per_cedula = 1512408506;
UPDATE funcionario set fun_ger_fun_per_cedula = 1044888588 where fun_per_cedula = 1515557821;
UPDATE funcionario set fun_ger_fun_per_cedula = 1017131420 where fun_per_cedula = 1516861852;
UPDATE funcionario set fun_ger_fun_per_cedula = 1044888588 where fun_per_cedula = 1518716508;
UPDATE funcionario set fun_ger_fun_per_cedula = 1115468148 where fun_per_cedula = 1522372137;
UPDATE funcionario set fun_ger_fun_per_cedula = 1103280342 where fun_per_cedula = 1531815135;
UPDATE funcionario set fun_ger_fun_per_cedula = 1055654700 where fun_per_cedula = 1533535170;
UPDATE funcionario set fun_ger_fun_per_cedula = 1017131420 where fun_per_cedula = 1536120668;
UPDATE funcionario set fun_ger_fun_per_cedula = 1001446282 where fun_per_cedula = 1540433705;
UPDATE funcionario set fun_ger_fun_per_cedula = 1011355387 where fun_per_cedula = 1541200527;
UPDATE funcionario set fun_ger_fun_per_cedula = 1001446282 where fun_per_cedula = 1543751126;
UPDATE funcionario set fun_ger_fun_per_cedula = 1017131420 where fun_per_cedula = 1546000646;
UPDATE funcionario set fun_ger_fun_per_cedula = 1011313746 where fun_per_cedula = 1550853078;
UPDATE funcionario set fun_ger_fun_per_cedula = 1004714488 where fun_per_cedula = 1554427456;
UPDATE funcionario set fun_ger_fun_per_cedula = 1082126275 where fun_per_cedula = 1554570153;
UPDATE funcionario set fun_ger_fun_per_cedula = 1017131420 where fun_per_cedula = 1555155273;
UPDATE funcionario set fun_ger_fun_per_cedula = 1056510588 where fun_per_cedula = 1556051477;
UPDATE funcionario set fun_ger_fun_per_cedula = 1088482700 where fun_per_cedula = 1556857166;
UPDATE funcionario set fun_ger_fun_per_cedula = 1001446282 where fun_per_cedula = 1557414002;
UPDATE funcionario set fun_ger_fun_per_cedula = 1017205288 where fun_per_cedula = 1560534351;
UPDATE funcionario set fun_ger_fun_per_cedula = 1088427343 where fun_per_cedula = 1563134853;
UPDATE funcionario set fun_ger_fun_per_cedula = 1058713061 where fun_per_cedula = 1566413108;
UPDATE funcionario set fun_ger_fun_per_cedula = 1017131420 where fun_per_cedula = 1566883111;
UPDATE funcionario set fun_ger_fun_per_cedula = 1065028680 where fun_per_cedula = 1575357454;
UPDATE funcionario set fun_ger_fun_per_cedula = 1011313746 where fun_per_cedula = 1578771680;
UPDATE funcionario set fun_ger_fun_per_cedula = 1120716843 where fun_per_cedula = 1582001833;
UPDATE funcionario set fun_ger_fun_per_cedula = 1115468148 where fun_per_cedula = 1585178205;
UPDATE funcionario set fun_ger_fun_per_cedula = 1077376337 where fun_per_cedula = 1586370516;
UPDATE funcionario set fun_ger_fun_per_cedula = 1127702534 where fun_per_cedula = 1602217878;
UPDATE funcionario set fun_ger_fun_per_cedula = 1120716843 where fun_per_cedula = 1606108122;
UPDATE funcionario set fun_ger_fun_per_cedula = 1012784887 where fun_per_cedula = 1606248327;
UPDATE funcionario set fun_ger_fun_per_cedula = 1057756378 where fun_per_cedula = 1607512506;
UPDATE funcionario set fun_ger_fun_per_cedula = 1113710440 where fun_per_cedula = 1608363552;
UPDATE funcionario set fun_ger_fun_per_cedula = 1017037031 where fun_per_cedula = 1612578714;
UPDATE funcionario set fun_ger_fun_per_cedula = 1011313746 where fun_per_cedula = 1612824655;
UPDATE funcionario set fun_ger_fun_per_cedula = 1088482700 where fun_per_cedula = 1617684338;
UPDATE funcionario set fun_ger_fun_per_cedula = 1065028680 where fun_per_cedula = 1618127014;
UPDATE funcionario set fun_ger_fun_per_cedula = 1083402652 where fun_per_cedula = 1621117638;
UPDATE funcionario set fun_ger_fun_per_cedula = 1037671513 where fun_per_cedula = 1625104113;
UPDATE funcionario set fun_ger_fun_per_cedula = 1106216867 where fun_per_cedula = 1625672744;
UPDATE funcionario set fun_ger_fun_per_cedula = 1085305217 where fun_per_cedula = 1628848785;
UPDATE funcionario set fun_ger_fun_per_cedula = 1111517365 where fun_per_cedula = 1631725437;
UPDATE funcionario set fun_ger_fun_per_cedula = 1055654700 where fun_per_cedula = 1633576666;
UPDATE funcionario set fun_ger_fun_per_cedula = 1077376337 where fun_per_cedula = 1635142387;
UPDATE funcionario set fun_ger_fun_per_cedula = 1083402652 where fun_per_cedula = 1640048641;
UPDATE funcionario set fun_ger_fun_per_cedula = 1056510588 where fun_per_cedula = 1640768667;
UPDATE funcionario set fun_ger_fun_per_cedula = 1012784887 where fun_per_cedula = 1641600842;
UPDATE funcionario set fun_ger_fun_per_cedula = 1054312534 where fun_per_cedula = 1646714143;
UPDATE funcionario set fun_ger_fun_per_cedula = 1077376337 where fun_per_cedula = 1648037304;
UPDATE funcionario set fun_ger_fun_per_cedula = 1012784887 where fun_per_cedula = 1648760080;

insert into tecnico values
(1135304113, 6, "Electrónico"),
(1137438516, 18, "Electrónico"),
(1141620351, 6, "Limpieza de equipos"),
(1142248885, 14, "Niño de las llaves"),
(1146517147, 10, "Niño de las llaves"),
(1150812126, 4, "Experto en explosivos"),
(1155136700, 17, "Limpieza de equipos"),
(1156247710, 9, "Mecánico"),
(1157752512, 14, "Limpieza de equipos"),
(1158881322, 19, "Mecánico"),
(1173581525, 6, "Electrónico"),
(1173710242, 11, "Experto en explosivos"),
(1175365032, 10, "Programador"),
(1176151246, 4, "Niño de las llaves"),
(1177843304, 2, "Niño de las llaves"),
(1181720352, 7, "Programador"),
(1182374782, 14, "Programador"),
(1188757658, 19, "Mecánico"),
(1206726676, 2, "Experto en explosivos"),
(1216312042, 12, "Programador"),
(1218537022, 6, "Mecánico"),
(1222251662, 1, "Mecánico"),
(1223620155, 19, "Limpieza de equipos"),
(1234582127, 7, "Niño de las llaves"),
(1234725485, 1, "Experto en explosivos"),
(1245215642, 13, "Mecánico"),
(1245266303, 18, "Experto en explosivos"),
(1245752173, 6, "Experto en explosivos"),
(1247785710, 0, "Mecánico"),
(1253773543, 18, "Mecánico"),
(1254435411, 11, "Programador"),
(1271862711, 9, "Limpieza de equipos"),
(1273108642, 14, "Limpieza de equipos"),
(1275225576, 12, "Limpieza de equipos"),
(1277367334, 12, "Niño de las llaves"),
(1277518026, 9, "Electrónico"),
(1278148341, 7, "Niño de las llaves"),
(1281383230, 16, "Programador"),
(1281508385, 5, "Experto en explosivos"),
(1281518756, 1, "Programador"),
(1282100271, 3, "Niño de las llaves"),
(1282308833, 2, "Electrónico"),
(1300334243, 7, "Limpieza de equipos"),
(1302762734, 6, "Experto en explosivos"),
(1310557070, 9, "Electrónico"),
(1311147076, 18, "Experto en explosivos"),
(1311225410, 10, "Niño de las llaves"),
(1311764813, 19, "Niño de las llaves"),
(1316666638, 14, "Limpieza de equipos"),
(1326820514, 1, "Mecánico")
;

insert into vendedor values
(1327212124, 221, 941447.0),
(1331143147, 65, 686995.0),
(1336213068, 145, 185012.0),
(1336268676, 367, 180275.0),
(1336836846, 255, 783357.0),
(1342820130, 140, 313945.0),
(1344120674, 2, 130669.0),
(1344743623, 293, 633749.0),
(1352765716, 299, 586915.0),
(1356203883, 15, 662350.0),
(1358304603, 300, 996040.0),
(1360111225, 429, 913088.0),
(1361762011, 484, 498579.0),
(1363102825, 384, 379371.0),
(1363540631, 29, 726682.0),
(1370678518, 326, 239738.0),
(1375133888, 45, 874419.0),
(1376771615, 308, 608228.0),
(1380021251, 178, 366201.0),
(1382141544, 323, 199730.0),
(1382483310, 164, 939881.0),
(1388421732, 259, 213295.0),
(1400323816, 173, 833864.0),
(1408275662, 15, 333594.0),
(1410180863, 53, 530813.0),
(1420142571, 318, 90177.0),
(1424624014, 282, 937283.0),
(1431716417, 352, 321655.0),
(1433770506, 499, 474519.0),
(1437386203, 405, 713897.0),
(1442742157, 18, 494968.0),
(1444768135, 445, 932340.0),
(1453451840, 465, 715284.0),
(1456338187, 346, 194483.0),
(1458518707, 437, 339258.0),
(1465458745, 425, 405365.0),
(1467520018, 196, 451930.0),
(1467637666, 12, 129847.0),
(1470247865, 177, 853550.0),
(1473311731, 149, 9946.0),
(1476783638, 221, 35206.0),
(1476872734, 242, 491078.0),
(1478140186, 153, 695700.0),
(1483706841, 258, 659584.0),
(1486866371, 56, 5530.0),
(1488605611, 56, 682051.0),
(1500236620, 266, 579302.0),
(1500502424, 292, 915157.0),
(1503600810, 321, 155535.0),
(1505746872, 80, 426819.0)
;

insert into administrativo values
(1512408506),
(1515557821),
(1516861852),
(1518716508),
(1522372137),
(1531815135),
(1533535170),
(1536120668),
(1540433705),
(1541200527),
(1543751126),
(1546000646),
(1550853078),
(1554427456),
(1554570153),
(1555155273),
(1556051477),
(1556857166),
(1557414002),
(1560534351),
(1563134853),
(1566413108),
(1566883111),
(1575357454),
(1578771680),
(1582001833),
(1585178205),
(1586370516),
(1602217878),
(1606108122),
(1606248327),
(1607512506),
(1608363552),
(1612578714),
(1612824655),
(1617684338),
(1618127014),
(1621117638),
(1625104113),
(1625672744),
(1628848785),
(1631725437),
(1633576666),
(1635142387),
(1640048641),
(1640768667),
(1641600842),
(1646714143),
(1648037304),
(1648760080)
;


insert into producto values
('UL1957LE9228', 1),
('HY8719MH4574', 1),
('XO1752YP1259', 1),
('BM7206AM5066', 1),
('NY3708DK6421', 1),
('DQ7481QF1414', 1),
('IP9050UX7441', 1),
('AB1443LT8540', 1),
('SB3975NH5678', 1),
('MH6166VY589', 1),
('VJ8380KL6902', 1),
('AM877VV8326', 1),
('PE7985JM4090', 1),
('GJ9968LH7490', 1),
('DA8585AW8456', 1),
('WV544EG5898', 1),
('VU2225EN2982', 1),
('KY805PD5900', 1),
('TB792VY3731', 1),
('KC4764CN8764', 1),
('VN6972NT6008', 1),
('FS9659PA7216', 1),
('TP5172OB7431', 1),
('VX2177EG1103', 1),
('VC3948WY2598', 1),
('GX5002BE1546', 1),
('FM5348CW3183', 1),
('SV5037UG9444', 1),
('KR7441HD9057', 1),
('CY2304BJ1492', 1),
('EO1831OU5816', 1),
('LY4291CD8362', 1),
('TB4379ON9548', 1),
('GU4311VI6290', 1),
('GT1352YN2793', 1),
('SM6231KF1312', 1),
('KA5048LV5607', 1),
('TJ8107OY9880', 1),
('VI8403CE1043', 1),
('HR7318DU5896', 1),
('MC1478AO5898', 1),
('LV2838LJ1442', 1),
('SU8920VW468', 1),
('NF1218CX1116', 1),
('UR4796YF7458', 1),
('KG1377NB995', 1),
('RA3621UM2027', 1),
('WS5991TD6487', 1),
('JC6322CW5845', 1),
('SX212WP5699', 1),
('DW229QK6437', 1),
('AW9928UV9243', 1),
('WN9606TM4312', 1),
('NR4393BL4732', 1),
('VG9560EH9333', 1),
('DF1595QA6324', 1),
('RE2164UX1368', 1),
('HQ8471SC1758', 1),
('WJ254OT9948', 1),
('WB3290BG2342', 1),
('KK6251GA1964', 1),
('UC34MK4337', 1),
('HH828VU3305', 1),
('RA7327BD3254', 1),
('KK7678TP9883', 1),
('QM9708OR8965', 1),
('GR5643KY289', 1),
('SC1318NE8133', 1),
('RE401GF7910', 1),
('HT251PI8817', 1),
('GH3406HU5987', 1),
('EM1972MB8105', 1),
('EE2377TP7850', 1),
('LC7767UF8759', 1),
('NB2863CP4198', 1),
('HM6798DK2261', 1),
('IQ5053XC4558', 1),
('VK9956UP8726', 1),
('JS502YC5165', 1),
('VS9587YM5184', 1),
('CJ4737OL6771', 1),
('JX9836LB2153', 1),
('HE9234MW4226', 1),
('OV8523YH9601', 1),
('HM9093JJ2756', 1),
('AJ8393KC798', 1),
('HY5308GJ1329', 1),
('GW5397NL603', 1),
('PJ6015WF536', 1),
('TA6243IX1035', 1),
('AV3002NA5145', 1),
('QH511DJ4889', 1),
('SJ5250VF810', 1),
('XA2563KA9463', 1),
('WX3039SC900', 1),
('BF575QN9554', 1),
('DO5280TK5546', 1),
('LG9274JS7526', 1),
('HF1075LD7938', 1),
('LA6163XM50', 1),
('ME9204DI6707', 1),
('DE9773TD5747', 1),
('FN7152FV1525', 1),
('DQ1134ST6172', 1),
('NM3655YM7577', 1),
('CW4348XJ8161', 1),
('JI5551ME3478', 1),
('YL8799AS8128', 1),
('JX4096PV3727', 1),
('RB8879WC6547', 1),
('FQ7097KH7763', 1),
('EA8596SY2119', 1),
('TP8294HF1817', 1),
('BP9347SG2156', 1),
('SH2685IQ436', 1),
('YP2518RF6179', 1),
('RA7209GT2136', 1),
('NQ2295RH9820', 1),
('MG7522FG7990', 1),
('BU2655FK2513', 1),
('CI9077WD5021', 1),
('NT441YD5501', 1),
('JI410HR4505', 1),
('QJ9830WO2026', 1),
('MP8072JR2173', 1),
('LU3337QL3662', 1),
('UI1276KI5836', 1),
('KD8515FY348', 1),
('GO3563AX1239', 1),
('SS5220NR5163', 1),
('JU3058CE8508', 1),
('AG5004KJ2246', 1),
('KD9748GG6005', 1),
('HO5968YN9809', 1),
('YS1128VU1977', 1),
('QR4109TR3029', 1),
('KP8174IO5059', 1),
('QC6455WR133', 1),
('SH4408HT5453', 1),
('FK4580MT1290', 1),
('DA7554HD8860', 1),
('LV6528XO4551', 1),
('QV7554BV4602', 1),
('JW4883RC7157', 1),
('HK6148GR8798', 1),
('PH2299IO8588', 1),
('DV2692EK9116', 1),
('KB8979LF4090', 1),
('MV1989WD2024', 1),
('SG9500VV2580', 1),
('BR2334TE991', 1),
('SJ4402OK579', 1),
('KT4538YH5460', 1),
('AX3897QS8265', 1),
('RM280WS3296', 1),
('GP9440LE1294', 1),
('KE5048EJ2525', 1),
('XT344BU5211', 1),
('MQ1962FQ9527', 1),
('KG5575YF4403', 1),
('XW2005KM9058', 1),
('SR3138BO75', 1),
('ET7749PA9670', 1),
('KK5366VK829', 1),
('YU274FP9815', 1),
('HV221BN8257', 1),
('KT4231EC2983', 1),
('AY9136JP6876', 1),
('RD4135NB3523', 1),
('KU198OO9960', 1),
('NU5852DW8440', 1),
('EL1541VN403', 1),
('LN976UU4445', 1),
('HF3667SK8569', 1),
('VC8336GJ3752', 1),
('WN1128XN7295', 1),
('PV6190DQ6760', 1),
('OG3508OV7660', 1),
('PS853AT4578', 1),
('QF2919WR7986', 1),
('XQ2453JK9626', 1),
('LC408CM2584', 1),
('UT6311NA8016', 1),
('XP6568QI6237', 1),
('PP9018CO3257', 1),
('RE2410HJ5120', 1),
('OV1705FM6988', 1),
('MH5132RB4905', 1),
('JS9216UF8879', 1),
('IY9777AJ2173', 1),
('AT2929UF4606', 1),
('KO1976KF5930', 1),
('GM6814KV7913', 1),
('YF8964UM1983', 1),
('UB974YB129', 1),
('PB5881HN4271', 1),
('PH4398IC8238', 1),
('QY1984QK3830', 1),
('NG8913OV617', 1),
('NL6861DK7999', 1),
('YS9446LO7876', 1),
('KI9950XA9716', 1),
('QP1597UX4875', 1),
('QJ7763DT9301', 1),
('NH6249DS8971', 1),
('RX2095BK8984', 1),
('CA2475FL8786', 1),
('FW9150YH3598', 1),
('KB4353MF7386', 1),
('LA4056TA9371', 1),
('HA4446JX3649', 1),
('VJ7547AL6515', 1),
('JK6684BQ5799', 1),
('EF1697SS453', 1),
('GO4168GW1613', 1),
('CW9556YM928', 1),
('QA3010KV626', 1),
('BX9279GT7975', 1),
('GS1724AT4805', 1),
('SP6896AP8814', 1),
('DV6920HT5631', 1),
('SD3260GO27', 1),
('CA70XI7263', 1),
('YK9902OW5130', 1),
('IF6969QM7583', 1),
('YE5502GX8556', 1),
('RA1175PG1271', 1),
('DC9527DE3447', 1),
('EU5168YX1796', 1),
('II2196XQ2183', 1),
('CS8272SN2200', 1),
('MU378PW5570', 1),
('MM8466NM7915', 1),
('FY7277RR8800', 1),
('RA6118PH8450', 1),
('AL9830JY9860', 1),
('BT1404XR8795', 1),
('GT1617RF8934', 1),
('JX3703YN5602', 1),
('JD757FC5501', 1),
('NA598OW7826', 1),
('XX1804HU3340', 1),
('SM6296QF6379', 1),
('RG7920CP2421', 1),
('FI4208FU2554', 1),
('SK4776QK812', 1),
('AA6261MA516', 1),
('RL544CM9108', 1),
('CK2074GP4951', 1),
('RQ7103HH4681', 1),
('YC4550MA1144', 1),
('VQ6138UU3037', 1),
('GQ4669SK1185', 1),
('NS218GX8981', 1),
('WN7278UN6784', 1),
('PV3077VG939', 1),
('KM1534AD6244', 1),
('OW5375VL7757', 1),
('QH4314BC557', 1),
('VP2002NQ8645', 1),
('VY2370XW1256', 1),
('XB4618UB3488', 1),
('LH9289UR715', 1),
('OG8571MN2714', 1),
('GK6437FS3877', 1),
('DF6572GR3116', 1),
('NN2928JV9083', 1),
('VV2595KM8595', 1),
('IE8434KS4569', 1),
('QH8315TX2637', 1),
('DU4140DH6526', 1),
('OI1109JI2523', 1),
('BE1521UA4150', 1),
('MF7149XS3745', 1),
('KI5766FL7035', 1),
('LM5406AQ6907', 1),
('WO645IY445', 1),
('IV8540MH8506', 1),
('WE4400DG4535', 1),
('YD4579RK1401', 1),
('LQ1836SG4402', 1),
('GX9021KR524', 1),
('LS6199TY9019', 1),
('YX611PL4419', 1),
('JC5638FN8519', 1),
('WX5349LN3594', 1),
('VB3102NL1109', 1),
('OO2549BT2290', 1),
('JA5339YY2935', 1),
('MI3708TH1309', 1),
('TG6361AJ6639', 1),
('DW9802KP5809', 1),
('WH3160ID7038', 1),
('IT5236ET3596', 1),
('IX6804LM5376', 1),
('YU7101GK6380', 1),
('KL72PK6941', 1),
('LN6679GH8660', 1),
('VN3749ES462', 1),
('MQ6162SQ6507', 1),
('VU7401LJ1673', 1),
('NO7452MW1318', 1),
('LC6968LK7693', 1),
('HL1594CE1836', 1),
('MP894EY3444', 1),
('PE6894IS1186', 1),
('EN8636RW6235', 1),
('JA1081CM4488', 1),
('WT393DY9833', 1),
('PC8019UG6717', 1),
('JE4657VC4869', 1),
('JT2388RY9908', 1),
('FB800FX8245', 1),
('IV6534XL3536', 1),
('OA7304MR372', 1),
('NX2223EN1947', 1),
('CS2484KK5494', 1),
('YA6433EE8083', 1),
('HT3561QV7146', 1),
('YN4501MR3420', 1),
('IO1800GS7870', 1),
('OH5935BV14', 1),
('AW6105UY9679', 1),
('CT8035SN1853', 1),
('JH4881JW9523', 1),
('YG70QM9346', 1),
('SX6330MR1947', 1),
('PV6217YO2648', 1),
('QP371ST9538', 1),
('SR8706QC6831', 1),
('AC1330WE361', 1),
('KA3700OC4397', 1),
('UI9257KK529', 1),
('SO1280VS8518', 1),
('RV9245MN9363', 1),
('RA7641BN3571', 1),
('NG2476JX4128', 1),
('ED2058VJ7993', 1),
('GT9909RM1262', 1),
('FT3539DB8307', 1),
('KE9439BD1201', 1),
('AJ2181YF2271', 1),
('KF188QI4420', 1),
('SV8195EV3518', 1),
('LN3164TE7153', 1),
('XT7312KF9811', 1),
('HD5930LY6386', 1),
('SU4857LI2062', 1),
('TA157FC5171', 1),
('GA2148PT1642', 1),
('JR4954VF1086', 1),
('EH8061XK9186', 1),
('LK5726CE2750', 1),
('GD5613MT9058', 1),
('BC7969XQ1658', 1),
('VI8232LQ9976', 1),
('CN7869PI9372', 1),
('HT2995BX3879', 1),
('KN6864GC3047', 1),
('OO8569NA2046', 1),
('HX5430EX5665', 1),
('CJ3837SL9744', 1),
('QA2252RD952', 1),
('HY9254WW8174', 1),
('CQ8654MT6915', 1),
('MS6855VY5409', 1),
('IU4715AX6232', 1),
('RJ6533XR6136', 1),
('ST2829SO6263', 1),
('RM5689TI3539', 1),
('YL6632FG6372', 1),
('IA6702MG5443', 1),
('GK8174VC5463', 1),
('VM1754MT951', 1),
('JS4035LW8106', 1),
('NX7529NC3225', 1),
('QL1628XV3526', 1),
('VR3004VU8814', 1),
('GC383VK7800', 1),
('SQ2175QW3971', 1),
('GD8712YD6121', 1),
('WF9879CQ3749', 1),
('PG6674CM8710', 1),
('DT3119PN372', 1),
('TY6131DC1076', 1),
('RK2236SL3330', 1),
('BK4823OU6688', 1),
('UF6162MQ4970', 1),
('HR8271SF7831', 1),
('TT3544YU1950', 1),
('XF3699JQ8468', 1),
('EN7019NF4862', 1),
('YK3258QQ1198', 1),
('LU1144CP5542', 1),
('TW9749QH9116', 1),
('PW5560KB4173', 1),
('WB6753FG2274', 1),
('TO3848LY6106', 1),
('TJ6623MH7746', 1),
('NN5219IH1524', 1),
('OQ4127LW1867', 1),
('LQ679FL9554', 1),
('MV698IM3112', 1),
('YB7636YJ2229', 1),
('MU4203XN4278', 1),
('XA7034TH2814', 1),
('SG1946NP3170', 1),
('JG5040JF7437', 1),
('JW208AU1793', 1),
('TU7060OT8695', 1),
('UO2022EB5218', 1),
('XE5437HE4962', 1),
('NC6121HF2740', 1),
('TQ3536VQ9483', 1),
('AT4021PE5705', 1),
('OP8137KI9009', 1),
('XB9053NY8463', 1),
('YE9045JE2731', 1),
('KF792EI1325', 1),
('YM9641VP8532', 1),
('JK853XT7052', 1),
('JL4726DL5243', 1),
('JP1238AA5485', 1),
('LG2456KI6453', 1),
('GJ4585NC4201', 1),
('WC5402VD3709', 1),
('ED6514DO6758', 1),
('OB1855QP4462', 1),
('QC4042EH4031', 1),
('PD2357SL2978', 1),
('DQ527VQ8412', 1),
('RL8127YU630', 1),
('VI6970EC5228', 1),
('BG7573DF5439', 1),
('SB1669NX626', 1),
('RR4363XL9559', 1),
('KH5157EX365', 1),
('NY5696HF7496', 1),
('UN5183FX9497', 1),
('XF2306RO7290', 1),
('GL7053RT8732', 1),
('QB2532IK1601', 1),
('OF8077KI9421', 1),
('HG1312EJ5714', 1),
('WV1089OD5559', 1),
('BT1360DO4831', 1),
('LE1015BQ7976', 1),
('EU7961RB3683', 1),
('YW358WV2949', 1),
('QP841WI7487', 1),
('QT4074YG4883', 1),
('EU6347OM4583', 1),
('VQ1816NO397', 1),
('VC838GT7678', 1),
('YR5808RJ9170', 1),
('ER1605KN2561', 1),
('QA5675FQ5244', 1),
('TW4898KY384', 1),
('MA7511MD1118', 1),
('RA1692AA2157', 1),
('RT3144HR5902', 1),
('HM721SQ1961', 1),
('XK7109UX8111', 1),
('NU4976SS8559', 1),
('SB3197SF3215', 1),
('MW2382OX3575', 1),
('AX9581JM5976', 1),
('MR3672KL8205', 1),
('CL1510EN7811', 1),
('UI610OK9532', 1),
('NQ3337GT9923', 1),
('NY5654TP1961', 1),
('QJ7248OY3782', 1),
('WS9896IG8987', 1),
('JM4456SO1685', 1),
('QK9690LF5608', 1),
('FF5862HN1557', 1),
('HU3739IM2007', 1),
('UD3204HI1959', 1),
('EF1636KY4847', 1),
('FA8560OA5309', 1),
('TO1801SY3463', 1),
('CF9748MQ9746', 1),
('ME1635UI4574', 1),
('XI1608LB2757', 1),
('VS5276FU730', 1),
('CM8467NJ2701', 1),
('NU4844RF4625', 1),
('IV1141WR7711', 1),
('EX9247SB3669', 1),
('WS2795KB5082', 1),
('XI749RI6736', 1),
('EN1633OO8207', 1),
('RJ3331OR7872', 1),
('BG4991JW2412', 1),
('JF8587MW9941', 1),
('OY8698KY5588', 1),
('LQ4398JB4637', 1),
('TI7760XW4445', 1),
('GK8932AO4126', 1),
('JL9386BU2387', 1),
('BQ7652EJ3664', 1),
('KU7140JI548', 1),
('JW3965GH3978', 1),
('LP5635TC9352', 1),
('VV4859FH6934', 1),
('VS8557DA4087', 1),
('WI1491SH8045', 1),
('GW9044UQ4474', 1),
('RH1022WU4760', 1),
('OD483TI4933', 1),
('IB215FA137', 1),
('TM7628EU9370', 1),
('ID3285IT7473', 1),
('PN2589CJ1679', 1),
('IL6341XN2802', 1),
('LR7735QN861', 1),
('KT8349WX8736', 1),
('AN7822AR7679', 1),
('XC4011EH5092', 1),
('VO6758XK8114', 1),
('EN7201GF8948', 1),
('UH315PF7497', 1),
('WY4645VQ9349', 1),
('QD4843OX8184', 1),
('NS8445OR9720', 1),
('HO3542PW2881', 1),
('SC2700IQ4242', 1),
('KG6224PQ5316', 1),
('SL4005MI2906', 1),
('OA5634ML9858', 1),
('TG7903AL3784', 1),
('MG3376QN1859', 1),
('BL3516XN153', 1),
('BP1277WT1052', 1),
('PE6489ID4536', 1),
('UV9624IX1134', 1),
('UV6172EF1455', 1),
('LF2087QM9821', 1),
('HK6484YE5753', 1),
('XQ8404RB5123', 1),
('PU1329JV3687', 1),
('QM9902DE5331', 1),
('HJ4575KQ9678', 1),
('RV9802IN2320', 1),
('JC1652BL2594', 1),
('OS9881KU142', 1),
('VU4604JE1720', 1),
('NF7573YW3589', 1),
('CG5088IX4212', 1),
('LL2841KX4439', 1),
('RX223WM2731', 1),
('XC2272KK6405', 1),
('AA4466US4192', 1),
('TS8735HV3483', 1),
('HY6752NF8131', 1),
('AY8684UR300', 1),
('RA5998DI6020', 1),
('HN5696WN7397', 1),
('UY9782MI1081', 1),
('AY8206JP8886', 1),
('JT490VI1584', 1),
('SP1545UD4888', 1),
('JJ555HP9453', 1),
('XN9346LK6300', 1),
('FT3527RO96', 1),
('EX7199FD5001', 1),
('VG660LP8805', 1),
('YM2001UH8419', 1),
('NA3445WR3809', 1),
('AF3868HI3511', 1),
('TJ1096OV6103', 1),
('NE3693JM1704', 1),
('OI8363PV1547', 1),
('CH8480TO3055', 1),
('BU3228YO1407', 1),
('LA8403WA5022', 1),
('NN6071JD3479', 1),
('LS4227ES8600', 1),
('DH1674UF7251', 1),
('LL1183II2287', 1),
('GP3066VO3161', 1),
('RK5660HJ2360', 1),
('BM1681QR7944', 1),
('HN4213UT6292', 1),
('LM1508AP5280', 1),
('GC240SQ4744', 1),
('GT6003TU3516', 1),
('GW2452ND6566', 1),
('MB5415VW103', 1),
('IF760QS464', 1),
('OA8841NK5535', 1),
('PI9561XK6616', 1),
('AE9858MN8104', 1),
('CW5561YX1373', 1),
('UW6870PQ4534', 1),
('GS7254UW8404', 1),
('AU9454OO733', 1),
('ED5934FX167', 1),
('LK9903QL1248', 1),
('DQ3745UQ4406', 1),
('LY4958QS5819', 1),
('SY2651DV1521', 1),
('HP6225JA6420', 1),
('EF9457RR115', 1),
('QS9223NK8572', 1),
('BN6018EJ9788', 1),
('YX130PQ6374', 1),
('WN646SO2327', 1),
('BE6336WM1669', 1),
('RM6364IA4841', 1),
('QK1723FW4102', 1),
('LL4122JI1075', 1),
('ME201UT391', 1),
('DV4404FW181', 1),
('RX1490JC8082', 1),
('LJ8711FQ5544', 1),
('CC1372UQ1302', 1),
('FH3351QF9883', 1),
('GY4713OA3548', 1),
('FF1643AC6844', 1),
('WH3425OO5430', 1),
('AN7232SD3520', 1),
('DU3239BU3459', 1),
('PK506DH2967', 1),
('DP2642LP9440', 1),
('YM2289RY626', 1),
('XS4664IL8866', 1),
('TC3959PA3798', 1),
('EI7321VM764', 1),
('CU903CD8835', 1),
('NK1454LY930', 1),
('AJ6839MY6518', 1),
('UJ5472IV5176', 1),
('ST9932HM2269', 1),
('YX5050UD9295', 1),
('VM7845HC4264', 1),
('UM2220GT7783', 1),
('JD7909TF9304', 1),
('FR2502VJ4062', 1),
('WM457EQ3387', 1),
('FH675ED903', 1),
('NW7974XJ1283', 1),
('IP5661QX1074', 1),
('LM256CC7163', 1),
('SP2576YU4821', 1),
('BQ5991YK6311', 1),
('RC5466XN2751', 1),
('LI4307GB6311', 1),
('NU7492YW9880', 1),
('24L5739', 2883),
('16L5814', 1393),
('48Q8763', 1976),
('63X4419', 2758),
('67A6728', 1505),
('38X763', 499),
('33W7380', 1948),
('37O9196', 1629),
('18I9055', 272),
('11V6150', 758),
('11K5606', 453),
('25N4444', 2000),
('28S608', 1573),
('85E1977', 2037),
('1M9178', 586),
('33O9373', 296),
('17R8215', 2595),
('60V3649', 972),
('17A8387', 2228),
('87X7480', 2344),
('63E3690', 2453),
('18J6119', 2612),
('50V6884', 2926),
('73Q6569', 1211),
('23F1642', 1699),
('40Q6037', 2321),
('3D4732', 900),
('9D9285', 1037),
('52D4032', 1697),
('82N6908', 2414),
('35B728', 1666),
('75U9144', 1355),
('40U6492', 2373),
('41V2256', 2048),
('75J8973', 2785),
('87K7082', 425),
('54Q1411', 2833),
('78X1802', 857),
('40K4707', 227),
('27G3507', 1045),
('4W2760', 355),
('34Q5638', 2828),
('19X4393', 2862),
('8U856', 2369),
('1C7692', 1248),
('97X1424', 932),
('63P5071', 2569),
('7R1666', 222),
('46I9891', 88),
('71A9578', 994),
('42W7955', 466),
('26T7150', 403),
('16M9682', 820),
('86W1485', 2309),
('11S1306', 762),
('24P1276', 1492),
('72E5897', 231),
('13O5708', 2511),
('35C7542', 730),
('73D5366', 2650),
('65B4497', 1299),
('30N7208', 1182),
('31U9625', 2304),
('89S8187', 1912),
('72E8959', 908),
('75E4572', 706),
('65C1691', 1787),
('85H6564', 1483),
('22F7416', 1439),
('65G251', 2876),
('64D8951', 1193),
('3W1493', 526),
('54V1550', 2724),
('99H8798', 2739),
('88R1834', 703),
('60N4761', 943),
('67N2252', 2882),
('17C8129', 2194),
('15T9404', 742),
('79E1081', 659),
('1P7035', 515),
('57G8773', 2831),
('86X7026', 182),
('35Y728', 2897),
('7C4205', 2786),
('59P6145', 518),
('61A3289', 1155),
('81B7684', 950),
('55K8790', 1858),
('72V816', 1238),
('37O1192', 1003),
('93E8292', 2951),
('22C5228', 2210),
('1C1803', 2661),
('77H8581', 2837),
('95B5420', 2139),
('26E1811', 1325),
('66I7853', 2979),
('1L2853', 1220),
('96O3130', 2118),
('36S1887', 243),
('98E1744', 2467),
('87O4909', 1473),
('19P6852', 2612),
('26D6823', 494),
('39J2590', 2309),
('35I7370', 2101),
('35V4073', 1225),
('11F5721', 891),
('91L1158', 2158),
('41L2048', 1840),
('84A529', 682),
('23N6895', 1704),
('63M3187', 946),
('33X1676', 2826),
('12L6903', 2081),
('69E6106', 2701),
('64P5717', 2441),
('18B899', 2381),
('90T1038', 630),
('29T6551', 2560),
('5T1431', 47),
('90D1515', 1929),
('48V649', 388),
('39E5614', 1151),
('33N5994', 2354),
('52S6982', 1522),
('84E1552', 1495),
('7J3376', 192),
('82P3411', 1931),
('94P1176', 2496),
('8K6391', 403),
('25R7876', 774),
('57W4387', 2868),
('86J6414', 1742),
('42D8881', 1606),
('4Q2136', 2260),
('29X2693', 559),
('35O5730', 104),
('61A8553', 354),
('5B7942', 1049),
('72X4546', 2238),
('46S4405', 2391),
('94E1015', 878),
('7J1382', 2716),
('1L5991', 2755),
('51S5766', 1519),
('58R8708', 2600),
('50U5143', 1023),
('57I3294', 1103),
('45C6235', 2263),
('62S7182', 845),
('30O2564', 301),
('96L1341', 2185),
('87R4632', 2141),
('37M1872', 546),
('69L8451', 1700),
('18P5050', 2336),
('10G747', 2911),
('34V387', 2449),
('23B1644', 2812),
('4L8779', 2080),
('91J8162', 195),
('54V5304', 2306),
('81C4345', 169),
('97K8756', 2645),
('34L6332', 719),
('47V2469', 1577),
('98N3205', 2104),
('82N3508', 2714),
('20V6922', 2678),
('37T9807', 1114),
('12Q7165', 2489),
('14N7300', 2926),
('54C9411', 721),
('16L1643', 352),
('98R7061', 845),
('50P1579', 1627),
('88K939', 2053),
('68R3524', 490),
('13D1979', 1317),
('23R9436', 1359),
('49D5427', 1168),
('65B2554', 1170),
('70V7374', 1028),
('18B8060', 603),
('25Q6943', 1692),
('86J8238', 1153),
('7G9944', 2294),
('0U4214', 2262),
('71B2330', 2852),
('6H8825', 1487),
('81I4260', 2223),
('34N7710', 1395),
('69H8097', 70),
('19C8172', 680),
('61J6162', 173),
('58Q7898', 1692),
('99D6559', 1171),
('23W8103', 1357),
('47W7901', 587),
('57G8156', 2199),
('79R6241', 2714),
('38A1285', 2924),
('81I49', 702),
('79K3395', 790),
('9R1535', 2949),
('93S9609', 2721),
('93M5159', 620),
('57E5565', 881),
('77C6622', 1890),
('38A3074', 1175),
('32C8190', 1259),
('75T2176', 1891),
('82V8642', 2010),
('30B4189', 446),
('35E8684', 670),
('38T2817', 1953),
('10S5132', 2055),
('42K2871', 1072),
('84D9704', 2229),
('80F8697', 2366),
('29J715', 488),
('50D6861', 1110),
('92G8528', 193),
('88U179', 297),
('40K8048', 1044),
('34J2642', 2269),
('84J4104', 1139),
('56I7330', 1226),
('42U8029', 908),
('66A1864', 544),
('12Y6257', 1758),
('53N8480', 1642),
('60J4262', 2020),
('10C8285', 1845),
('51D1659', 2538),
('30T1781', 475),
('76B6780', 1994),
('3R207', 1118),
('39B1557', 1802),
('34A4784', 1789),
('33E23', 2165),
('60U3431', 1468),
('97S6254', 1631),
('59F7016', 1206),
('42T77', 1247),
('45F9716', 2777),
('90Q1353', 142),
('12R566', 2587),
('54C6169', 126),
('77L5742', 311),
('72V753', 1658),
('13L3683', 454),
('43K1423', 1260),
('98K7588', 833),
('66P1412', 1227),
('0L2380', 1658),
('46O7867', 1210),
('79X5709', 708),
('35K4858', 2029),
('87B5041', 797),
('22I706', 1788),
('84Q5432', 2502),
('83C462', 1146),
('11L5041', 873),
('66C6846', 2326),
('72O7950', 2577),
('51T5472', 2204),
('38B6375', 2704),
('38J2682', 1568),
('62Y6826', 2190),
('36Y6799', 2387),
('61V7291', 576),
('51B6136', 1680),
('27U5012', 1575),
('12Y9563', 324),
('48X6930', 641),
('71E7963', 887),
('64E7361', 2533),
('74A7399', 2341),
('92A9979', 563),
('80G7304', 221),
('83C3667', 12),
('79I9519', 1594),
('7W4326', 914),
('47K6504', 1904),
('71P7190', 185),
('15C9531', 560),
('21V6730', 1805),
('64E188', 835),
('82D3712', 521),
('60J1015', 415),
('26J1488', 1277),
('90S3587', 715),
('98Y6079', 2356),
('77P4864', 766),
('14N7123', 2924),
('60Y5135', 2285),
('19G9268', 460),
('96S3371', 2267),
('76R6067', 1277),
('1G8308', 1179),
('17E952', 2099),
('34E6084', 1602),
('85B2362', 418),
('13K7738', 2912),
('27D2578', 2087),
('93S2414', 1337),
('44F2362', 1357),
('58E4566', 2479),
('97U5946', 2348),
('4O6001', 146),
('18V3450', 1639),
('15E6072', 2077),
('78R306', 2462),
('56U5841', 906),
('25K5750', 2709),
('42R4545', 2449),
('73S4953', 1711),
('54E9164', 2163),
('19R1864', 2516),
('2H428', 2352),
('18J2337', 2119),
('71L1079', 1475),
('29O9603', 1868),
('95H4705', 1638),
('36S6674', 1998),
('34A5968', 114),
('88R2730', 2030),
('62B5554', 468),
('15J3073', 2474),
('93D5646', 1651),
('21H4715', 1069),
('89U4262', 2132),
('56T2165', 1521),
('34Y9269', 2909),
('20T493', 2445),
('79A5387', 7),
('48Q5238', 989),
('70V12', 2780),
('79R1228', 1346),
('33M6183', 1122),
('18C4887', 1122),
('72H3493', 422),
('24H7093', 1275),
('95E289', 851),
('3M6167', 2085),
('89Q2963', 2324),
('85O3050', 2379),
('1N664', 226),
('95A3253', 1968),
('97D6249', 739),
('78V2640', 2019),
('0P6789', 1369),
('12B6614', 1808),
('44I9459', 2995),
('29W4784', 98),
('79O1122', 552),
('39L5682', 1085),
('23W2440', 2170),
('99M8587', 1628),
('48F9814', 1368),
('1K2046', 237),
('35U997', 1641),
('56O1152', 36),
('46U2678', 1528),
('98F8141', 2648),
('90X872', 2004),
('45X3402', 2736),
('95R7425', 2782),
('75Q6445', 2652),
('89E8472', 2869),
('16K8912', 1423),
('76T3145', 459),
('58H4196', 19),
('48O3368', 16),
('35L744', 2634),
('63Y8058', 2122),
('20M8602', 444),
('3K7539', 435),
('58L1292', 41),
('64G6513', 1855),
('14G7566', 532),
('59E6381', 2725),
('99M136', 996),
('32M255', 1664),
('36Q920', 778),
('16H6473', 1373),
('42K4904', 824),
('78M8938', 499),
('58F7164', 38),
('38W5100', 1399),
('57V139', 2355),
('53G4906', 399),
('89D713', 8),
('6J6532', 2876),
('67I9177', 1209),
('36J7225', 1262),
('1V4651', 186),
('6C65', 1814),
('9E4027', 1324),
('87P9979', 725),
('93B4000', 2840),
('8K4816', 2927),
('44S8271', 2233),
('8J9816', 677),
('13R4483', 2465),
('76L6278', 758),
('68L7958', 1580),
('70R7761', 889),
('17M1811', 242),
('65W9631', 2685),
('73V5512', 2391),
('45E277', 2258),
('91Q6461', 2990),
('59H4814', 2291),
('2X1649', 2583),
('4Y4593', 185),
('10S8979', 2112),
('91W8349', 612),
('59B304', 1227),
('27C3283', 2564),
('54X776', 42),
('1R6930', 1749),
('11G1553', 2052),
('69V3106', 1897),
('63P5443', 1686),
('76C7767', 2357),
('47M7562', 694),
('45G3104', 2027),
('57Y5565', 2355),
('37Q683', 502),
('26U6528', 2196),
('65V6957', 1994),
('83G47', 704),
('98K6975', 1389),
('85L9633', 1248),
('98K4594', 1514),
('36W6952', 2155),
('77R32', 463),
('33I6012', 1681),
('75W8067', 2572),
('1C6836', 2324),
('76D2709', 2378),
('8E717', 1700),
('25Q6674', 2648),
('75V1603', 2945),
('14G6458', 2340),
('21U700', 364),
('54R6354', 2051),
('4V3857', 1782),
('35F7219', 323),
('53P3795', 2818),
('52V8321', 2882),
('0C1770', 48),
('57D3069', 1649),
('55Q5715', 1764),
('47Q1973', 1118),
('84F4456', 1808),
('7Y8627', 2442),
('89E51', 2679),
('76S7051', 312),
('94U2845', 891),
('89G1215', 463),
('77X6282', 1287),
('22V52', 420),
('26H1079', 1786),
('46T3787', 2797),
('88P794', 1765),
('57T9910', 2248),
('42O3402', 1045),
('50J9599', 1927),
('31E5903', 2205),
('43L7925', 2014),
('8R1569', 2672),
('81I3652', 2676),
('0H1886', 2817),
('55C6956', 1538),
('98V7754', 14),
('45S5885', 2510),
('8Y7028', 2379),
('54W4870', 2553),
('32R7969', 650),
('79U1128', 1729),
('76U662', 2434),
('77I7249', 1631),
('78V994', 2770),
('82D813', 13),
('22M4233', 2734),
('92B4349', 2237),
('82Q7812', 2552),
('47Q1442', 1849),
('95M5356', 1426),
('53M7333', 399),
('76L6550', 1042),
('21U4812', 2325),
('10L9892', 1488),
('32C8739', 2504),
('99Q7930', 18),
('51E4999', 2799),
('31S7024', 911),
('43F2226', 1708),
('8Q6229', 359),
('68K7103', 932),
('55A2349', 1124),
('48Q6569', 1476),
('92N745', 1408),
('59X2744', 1600),
('38X3968', 2168),
('59V8907', 734),
('80E2770', 2830),
('73G7321', 2171),
('33N6593', 1117),
('5O2260', 2151),
('62X3074', 1466),
('15R4026', 1659),
('60D8659', 1239),
('18O2297', 35),
('82C4891', 2687),
('73P9618', 2240),
('90R7436', 410),
('69N8359', 352),
('63X7421', 2736),
('35O6955', 1652),
('68T7162', 2274),
('23W3751', 2370),
('1Y4835', 575),
('42Q9279', 1951),
('40X5177', 640),
('52E275', 416),
('80M5784', 1720),
('26F1266', 155),
('25Q1062', 1638),
('60C2041', 1265),
('68G8424', 583),
('81E1830', 1242),
('89Y3788', 1110),
('71G3516', 1640),
('32O5945', 2795),
('30M3683', 1030),
('66F1880', 2757),
('27I6845', 2339),
('25S7605', 2039),
('20C4654', 427),
('81T1578', 521),
('45H3423', 478),
('5H277', 2872),
('2J5772', 1549),
('15Y8008', 1723),
('89S4729', 366),
('16I5500', 1045),
('57R1097', 2210),
('76R4371', 2442),
('1I7412', 2483),
('5H7038', 817),
('98V4313', 2284),
('18I4123', 640),
('48R7640', 2099),
('5J3951', 1767),
('13I7082', 2437),
('49Q1180', 536),
('21V9704', 1999),
('42J4168', 1603),
('98M4152', 2732),
('6O3116', 725),
('54Q3884', 1839),
('21O3574', 1468),
('16P222', 2604),
('10A2380', 540),
('0H8566', 1612),
('31R5596', 233),
('55X3569', 703),
('82A515', 2164),
('23B1620', 2751),
('24T6307', 303),
('10L1428', 2115),
('55H383', 987),
('42G6043', 2337),
('22P30', 2398),
('62R2135', 1447),
('31P1407', 1706),
('97G4843', 2939),
('95V455', 2852),
('86L9021', 287),
('42J2809', 1680),
('68O199', 568),
('60I2261', 890),
('50G1074', 537),
('56S9865', 18),
('14F1867', 259),
('59O8243', 2412),
('45V5346', 2110),
('86S8162', 923),
('63D9850', 768),
('59O6958', 767),
('8M6128', 505),
('42B869', 781),
('18W6319', 893),
('24A5862', 2030),
('76I5880', 749),
('87F4006', 2491),
('32I1802', 1916),
('14L4971', 266),
('28G2915', 1215),
('40S4731', 1547),
('78K619', 1666),
('51D6020', 297),
('67G846', 2805),
('75X7632', 2360),
('96K585', 2702),
('23R2129', 2464),
('79B4788', 6),
('78F4020', 334),
('44X1967', 117),
('44M2988', 1882),
('38D9321', 320),
('88D9240', 179),
('7K694', 1468),
('50Y536', 693),
('96I3203', 1563),
('1P2983', 2979),
('26H834', 2317),
('68K154', 1819),
('1L5852', 534),
('66X7607', 2498),
('81B1320', 2905),
('1U2371', 703),
('11S574', 1557),
('30A9471', 1239),
('90O1943', 1438),
('96G66', 551),
('39K9562', 2392),
('80O8264', 2743),
('68F3590', 1498),
('29H6189', 1574),
('88S5639', 1022),
('45L9361', 2640),
('94W7756', 2074),
('70X6983', 1713),
('18I5768', 802),
('78Q4168', 941),
('42F301', 1716),
('65K5717', 1380),
('2H1317', 489),
('5R3485', 1079),
('29T4466', 309),
('99U1925', 1671),
('19C84', 638),
('59W8876', 195),
('12S8157', 2963),
('75J1155', 601),
('30I5073', 869),
('75R7044', 2172),
('7J474', 537),
('75Q222', 811),
('96S5039', 1503),
('73U2219', 913),
('63V2507', 266),
('37J2973', 289),
('75Q1778', 2080),
('95T1544', 1361),
('54E7384', 30),
('14B1560', 577),
('61P9186', 1230),
('43D8478', 1778),
('22G4581', 724),
('48L8212', 977),
('8T9069', 2435),
('61V9207', 1755),
('43A3485', 1261),
('26V2532', 1257),
('90J8713', 142),
('17T7055', 1480),
('45V1222', 1697),
('54U9281', 2344),
('44T5213', 1768),
('39X9908', 2740),
('44A9735', 968),
('8C1687', 525),
('58Q1556', 58),
('41A5647', 1185),
('36L7128', 2757),
('5C5255', 630),
('33E9466', 2322),
('3T587', 1323),
('2F8255', 977),
('57A7079', 1726),
('95R4006', 1048),
('54P5922', 1767),
('79V9585', 378),
('35D5676', 1795),
('82P4935', 1375),
('93Y7180', 235),
('35B3308', 1772),
('19I6313', 1916),
('74F9827', 1945),
('18U1689', 1779),
('11D5706', 1382),
('67X6852', 2436),
('4D3941', 2625),
('2F9042', 1782),
('68H4787', 2810),
('54V9098', 1647),
('12V1860', 1597),
('63V9578', 2180),
('5D2164', 1130),
('44U655', 1447),
('83D5877', 1322),
('90R5868', 2446),
('78H4205', 595),
('27F2293', 509),
('13J6142', 875),
('61I2207', 2810),
('88H7431', 1472),
('84U5818', 435),
('76N7572', 149),
('17W7118', 233),
('76I3177', 2495),
('27C7455', 2416),
('15O8510', 2430),
('28L3860', 2618),
('81O6512', 2437),
('59L1735', 1880),
('29A6151', 1851),
('9R3944', 2776),
('8F4408', 2311),
('11G892', 643),
('84E3717', 2202),
('43Q8660', 634),
('60W8183', 680),
('2N4764', 2051),
('26P4398', 2624),
('39K3609', 186),
('80G5181', 1599),
('71K6209', 2618),
('15B7043', 2671),
('2Q1243', 697),
('50N4728', 673),
('36N7019', 2667),
('57Q8616', 1240),
('43M6413', 1649),
('12J3338', 1735),
('24V9354', 1456),
('67R8404', 2873),
('90G9929', 1932),
('36W4174', 2652),
('28T7672', 2311),
('17S8988', 2932),
('52C5118', 782),
('14O5774', 2739),
('34L6174', 2247),
('25X8965', 1146),
('76Y2401', 1970),
('4R5027', 312),
('73I6754', 592),
('24D2437', 25),
('58G6869', 1728),
('90N9416', 2841),
('51E2457', 1099),
('77W250', 1647),
('45Q3875', 930),
('5B3510', 248),
('95X1449', 62),
('66I7993', 1318),
('98Y7622', 1011),
('62L4716', 1802),
('81M6486', 921),
('28D5757', 602),
('40D7775', 140),
('47D3296', 154),
('80A4898', 2872),
('72A4648', 2217),
('65U9063', 133),
('24J1630', 1981),
('78E4081', 962),
('31J5064', 315),
('38O8906', 1615),
('5V7749', 761),
('28G7493', 2192),
('6V1720', 615),
('46P8035', 928),
('20L8112', 1159),
('62O6157', 2103),
('43U444', 2925),
('50T9130', 2283),
('65A4657', 540),
('39G679', 1370),
('92G1715', 1523),
('82L8461', 1661),
('44P1094', 1103),
('60M8766', 888),
('12L5975', 1913),
('45R5537', 957),
('86L3469', 136),
('10M3254', 847),
('55P5686', 1455),
('56B5767', 2877),
('66M9976', 1889),
('75H5647', 2319),
('86D9153', 1360),
('96N1121', 67),
('90Q5033', 1572),
('74L162', 820),
('94H1098', 559),
('2Y3808', 2004),
('88Q2611', 2970),
('79G3278', 390),
('39B4999', 2949),
('59Q7953', 2126),
('77O3828', 2186),
('48A3799', 1652),
('79R2184', 497),
('44R4290', 704),
('20W3792', 1996),
('32U8420', 1378),
('40K2678', 2728),
('66A2855', 967),
('64L2707', 1331),
('16H7806', 2041),
('69Q2813', 78),
('56K8694', 971),
('77U6237', 381),
('20Y8170', 2877),
('27M4600', 614),
('54U5572', 710),
('51I127', 1815),
('35M3371', 927),
('61W1846', 639),
('48I2699', 1982),
('14Y4078', 627),
('27Q2508', 590),
('21U8041', 1649),
('10K9450', 2490),
('8O9888', 98),
('65B8029', 159),
('56C998', 179),
('80D3109', 699),
('72W8843', 1387),
('27P9346', 1865),
('55O9249', 7),
('49H4606', 934),
('91J3370', 1234),
('23B6956', 1906),
('62R5202', 238),
('94U7274', 2222),
('57J7947', 2290),
('99O2075', 984),
('39J56', 2754),
('8R3604', 2386),
('83C4269', 1567),
('62B6772', 823),
('7L5469', 1533),
('81O5014', 882),
('43I5675', 508),
('74K9619', 200),
('34G6991', 349),
('76W9626', 1882),
('56K5831', 2178),
('80Y1840', 959),
('91X4248', 333),
('62E3044', 1100),
('98N6671', 76),
('99R8978', 1528),
('68U2889', 908),
('36K7150', 2874),
('62V593', 2072),
('47B3060', 426),
('54L3289', 598),
('2I1897', 2981),
('37X1921', 959),
('31Q280', 2277),
('67T1006', 2204),
('44V5121', 1710),
('46N2614', 1130),
('63Q9175', 807),
('69A4004', 2856),
('49M5349', 670),
('96X7243', 875),
('55C4329', 346),
('12P1625', 430),
('28N2625', 2855),
('88F2216', 799),
('33S564', 2323),
('71U327', 2839),
('89V2339', 2447),
('39A4270', 861),
('26U2655', 256),
('22M1172', 2699),
('7W7064', 1870),
('66S3215', 2537),
('78R5543', 2742),
('93P4078', 2859),
('39P1400', 584),
('81T3938', 2595),
('38A61', 1940),
('65Q3825', 1307),
('45M4829', 2135),
('46F2664', 1007),
('63U9164', 48),
('45W2822', 2946),
('54M7575', 1940),
('42A2475', 464),
('14H9672', 2282),
('90S5626', 2739),
('25C4473', 2326),
('96D3085', 2025),
('51L4514', 1848),
('4Q230', 1726),
('65I1846', 2313),
('23C9880', 1383),
('26N486', 405),
('83K1092', 420),
('42A2388', 2641),
('25F7205', 2249),
('83Y6512', 2537),
('38V8942', 1055),
('42J3056', 544),
('8P917', 364),
('39J7419', 707),
('56Q2328', 2229),
('34S974', 2773),
('51R5193', 2625),
('87I8211', 214),
('51C5930', 2397),
('77E2334', 1363),
('95K8597', 1838),
('75Q3859', 1650),
('48Q633', 1752),
('27X9317', 641),
('86Y4400', 1586),
('4Q9594', 2342),
('53J353', 963),
('98I15', 992),
('40O166', 2722),
('6E6711', 301),
('64K621', 1292),
('11I6361', 858),
('53F1589', 987),
('43J8874', 2161),
('58D3926', 1583),
('5E5070', 494),
('41W5591', 239),
('76A3944', 616),
('30K6821', 2619),
('35H6583', 2963),
('25O7676', 810),
('65B6293', 852),
('2Q3775', 2349),
('30T7024', 1878),
('39O8545', 485),
('39M4647', 1480),
('79R2797', 1487),
('37I8163', 2394),
('91F4964', 599),
('87I420', 452),
('89R7804', 2986),
('26B384', 1942),
('42C9896', 754),
('29A1570', 494),
('57X2756', 880),
('88C3665', 1213),
('41D6882', 1661),
('7A6950', 514),
('66H2549', 1994),
('77N1561', 1881),
('78H3690', 2601),
('51S6178', 1517),
('57Y5659', 1028),
('66H3203', 1583),
('88S216', 1007),
('68O5', 1519),
('13T3548', 519),
('33W8294', 2634),
('77W5642', 1666),
('2O6198', 1947),
('78N1832', 2159),
('60H120', 2994),
('1X9853', 1046),
('29V5929', 45),
('67F8197', 996),
('73Y1571', 982),
('64D4116', 2240),
('10S5668', 1767),
('8E2080', 2005),
('88O9161', 234),
('70L6010', 2033),
('79X9590', 2674),
('69Y1109', 523),
('93C61', 1406),
('94M3617', 2588),
('3B7484', 1325),
('31M9295', 63),
('48R7144', 124),
('2G3974', 1258),
('61I3177', 1659),
('32N1984', 2994),
('14P7028', 1681),
('1E775', 2014),
('2V8454', 2880),
('62Q2569', 2598),
('95I6137', 2981),
('28L6340', 1995),
('27P7500', 2334),
('37P5961', 1986),
('20L9762', 228),
('73F2832', 2683),
('39E6839', 884),
('6A3807', 1401),
('34S9132', 2856),
('46F7742', 2193),
('24R5788', 280),
('55M6484', 382),
('21G1498', 1217),
('60G8625', 191),
('99T2410', 25),
('37E6834', 1299),
('48I8215', 501),
('84D2094', 1924),
('92D9988', 1236),
('94Q665', 762),
('37S5843', 2415),
('94K2078', 1882),
('87A8992', 1009),
('12D9009', 405),
('49P5245', 2097),
('93R2326', 2572),
('0F9565', 2764),
('67K7139', 2529),
('10V3701', 1788),
('44N8184', 919),
('23I9512', 2104),
('1S5339', 1131),
('44D5024', 733),
('58C2616', 783),
('97G2798', 658),
('89K6434', 2792),
('42X2690', 1851),
('97L1493', 2103),
('56S3552', 1425),
('44N5084', 943),
('42A970', 626),
('38H3133', 1157),
('95M583', 2114),
('99M3824', 999),
('53I9074', 2768),
('52S7100', 443),
('12O7396', 2975),
('38M874', 1866),
('75N3297', 100),
('33F7266', 2689),
('74U2727', 635),
('3Q4695', 1318),
('72Y2182', 2205),
('54O4126', 2472),
('56P6575', 2426),
('44M316', 2744),
('45B9682', 2312),
('70H1368', 970),
('8D6750', 2703),
('48T2406', 769),
('46O1334', 1928),
('43V1710', 322),
('87N923', 667),
('17Q111', 1243),
('1X8442', 2724),
('20H6985', 125),
('26Q9186', 1182),
('17N8649', 2106),
('75P5263', 154),
('31S7493', 538),
('59A2120', 84),
('72X2659', 2613),
('37G4208', 1332),
('38I5599', 1514),
('89S9374', 490),
('46B6311', 448),
('76G4040', 2651),
('6D8603', 2651),
('17E3743', 1602),
('56J5173', 2189),
('14A6096', 643),
('26E5857', 2167),
('97O5765', 508),
('75G4836', 662),
('68L3499', 1593),
('56R5144', 2493),
('70B3815', 2473),
('68C1292', 1652),
('11J8387', 1396),
('21P3315', 2988),
('15S4717', 2241),
('18T8083', 2495),
('83T2156', 155),
('24X6182', 2274),
('81K9853', 813),
('85U5190', 2034),
('99O3694', 2038),
('15N2670', 2695),
('35F1794', 2237),
('55E4694', 1453),
('5U639', 1865),
('82S8228', 393),
('88U6419', 888),
('22O8188', 476),
('38I8638', 1955),
('89O2496', 1512),
('48K5565', 2745),
('57A948', 2438),
('29I3610', 708),
('36S6228', 12),
('41V5166', 1159),
('15S7865', 2734),
('5P2024', 2442),
('79U2481', 2617),
('57X3906', 1629),
('28R6128', 1125),
('46N4184', 1971),
('53P7048', 373),
('75W7386', 1061),
('32F9671', 434),
('36F5515', 2430),
('69W3165', 2336),
('3S2791', 1033),
('82F377', 2095),
('60M862', 1848),
('10W5461', 872),
('0T9065', 2549),
('3T1036', 85),
('8E6800', 964),
('0E8176', 2086),
('19R7599', 1794),
('29E5065', 1720),
('19Y6945', 791),
('73O2632', 2870),
('20S8424', 381),
('78A7983', 1828),
('31Y5275', 426),
('14K8963', 69),
('13E6909', 1601),
('7F5646', 1789),
('78J2464', 2605),
('0Q7104', 272),
('73A5973', 159),
('14B4239', 2948),
('78F213', 1509),
('16I2035', 1719),
('74B8799', 2914),
('19Q7023', 2896),
('85Y8603', 2306),
('67D8287', 838),
('3E7060', 1114),
('81A2845', 2129),
('27L1439', 1949),
('66Y8699', 892),
('97U9647', 623),
('8F1403', 1568),
('97L4621', 1715),
('20A2442', 257),
('50Y6914', 648),
('95F269', 1461),
('43M2503', 1993),
('89N7293', 815),
('45B5424', 462),
('52C8667', 148),
('9Q7278', 1813),
('51Y1169', 1967),
('66M8202', 2620),
('74E3016', 199),
('69L6355', 1630),
('22K7923', 2777),
('24C5501', 2173),
('85L9225', 2426),
('19N2756', 1841),
('2S2391', 1721),
('62I1071', 2382),
('29J6743', 1264),
('56P3516', 1563),
('69K9701', 1574),
('88B8941', 1419),
('42W9378', 1022),
('17J1087', 2146),
('91B3842', 2907),
('73H5702', 2572),
('64L7863', 507),
('9G2757', 1938),
('99I481', 2706),
('75U3303', 1445),
('31J9184', 1518),
('92L3071', 1790),
('66Y9053', 2620),
('48C7355', 2648),
('12V7665', 712),
('61S4267', 1816),
('57U9093', 1318),
('56Q5937', 1493),
('27E2812', 2339),
('71O9707', 2892),
('79E5839', 2478),
('76M3918', 1177),
('97K8917', 2352),
('72W5332', 2403),
('2F82', 894),
('17W7783', 966),
('94K1410', 2384),
('79G4111', 736),
('88O7283', 2196),
('19N5961', 1874),
('12H4984', 1098),
('55Q8505', 2020),
('76Y943', 2705),
('66R9672', 1338),
('33K8462', 409),
('28T5941', 1614),
('87F5227', 2898),
('86D9276', 2390),
('28J1436', 1075),
('21W2282', 834),
('87D1858', 2000),
('61M1126', 2821),
('47U7652', 1160),
('23X8322', 2434),
('58P6253', 2193),
('23W9936', 1849),
('34L160', 1870),
('58O4274', 329),
('32C7932', 2952),
('65C1651', 1775),
('43L3222', 1253),
('7M7273', 1065),
('43V172', 1993),
('32G1833', 138),
('83F5972', 1285),
('25E6884', 535),
('28S3928', 1352),
('29S4543', 870),
('49T2839', 2806),
('13K3622', 1441),
('52O1009', 2078),
('13O6738', 942),
('90C5726', 1848),
('79E5476', 1003),
('83M1508', 1053),
('95S3179', 2006),
('62K2949', 821),
('58Y7439', 1410),
('88N493', 423),
('31X6840', 536),
('26J9929', 71),
('22A9053', 2528),
('82D8961', 1164),
('25T9826', 2966),
('16B6646', 1316),
('48J4954', 2336),
('96C4038', 258),
('11U9801', 1319),
('62X6849', 449),
('76G3430', 627),
('2I3448', 1996),
('59I6928', 837),
('81O4026', 1209),
('22H7984', 1445),
('47I9234', 2896),
('53D6303', 2105),
('22P9128', 227),
('84V6907', 767),
('54W5735', 2754),
('94L914', 2171),
('81E5054', 1944),
('5F5855', 2934),
('32X6829', 1298),
('76Q96', 1162),
('68N2893', 1898),
('28X8442', 1333),
('45S7426', 2983),
('87N8495', 896),
('43H4923', 2880),
('2G9827', 2813),
('95W4220', 1391),
('84M547', 2994),
('7A9368', 2466),
('86K8326', 1361),
('67T703', 1762),
('90O5458', 1981),
('64D1914', 1417),
('3Y17', 1511),
('81V1435', 2141),
('64X7692', 1888),
('27F8983', 1450),
('97J1359', 10),
('13L565', 648),
('0O7971', 849),
('9X7761', 2882),
('25C4823', 2224),
('18I9622', 370),
('95L9779', 2195),
('52V7989', 642),
('68H2519', 2791),
('19U9556', 1372),
('42K6377', 2540),
('34H508', 1158),
('70G2847', 1018),
('12N2036', 2328),
('99B3322', 370),
('26A7566', 1612),
('93S5139', 1535),
('23W5011', 1279),
('76K1497', 2623),
('25R9875', 2067),
('10O7322', 1677),
('82E7522', 6),
('4X5648', 763),
('25N5435', 966),
('4E1581', 128),
('58D8783', 1527),
('22W3426', 1860),
('78K5113', 2502),
('5Y3033', 1303),
('5O6504', 2214),
('39B9944', 2153),
('85K9973', 1355),
('43C6408', 1979),
('67D9487', 1030),
('19J2832', 620),
('85P5373', 308),
('32X5739', 671),
('99E9469', 392),
('47K2809', 37),
('64M6817', 2228),
('64M2059', 1252),
('42U7232', 151),
('5K4756', 40),
('64O2562', 1916),
('50M4103', 326),
('19E7959', 1188),
('36H4301', 1672),
('22M7983', 340),
('55J7024', 1837),
('85P860', 2147),
('20J4910', 939),
('98L6704', 721),
('87N4110', 433),
('90I8048', 2769),
('37T486', 2856),
('35C3473', 10),
('84P6515', 1074),
('5X7679', 364),
('39S8477', 484),
('9W3807', 1218),
('49H5993', 1381),
('56F6338', 1894),
('7P8488', 1473),
('20P5386', 130),
('81D5642', 1237),
('25D5702', 2181),
('25N1407', 1596),
('54L6216', 1881),
('60C3657', 2131),
('55Q8439', 1736),
('36E4035', 2778),
('1N4533', 2914),
('28I5086', 749),
('25I8383', 2705),
('10X4221', 2121),
('44P5482', 2795),
('19E6602', 2315),
('27F9956', 2446),
('98A1511', 1433),
('89N9543', 2414),
('88P9273', 1167),
('9U1853', 1213),
('0H8303', 2739),
('89O7719', 2041),
('89H4349', 2092),
('33H9979', 1475),
('15B6504', 300),
('90R8480', 770),
('53G7048', 2900),
('89N4655', 348),
('6G4704', 625),
('75X1467', 1822),
('10V3361', 2743),
('17B7066', 647),
('49S852', 2974),
('39B2951', 1223),
('18O4849', 1689),
('3X9982', 65),
('97F5440', 1867),
('52Y8051', 352),
('32X6468', 2026),
('73D7729', 1969),
('23W197', 1076),
('57F4715', 1865),
('79I2380', 831),
('55V415', 1321),
('84A7289', 1627),
('58W4447', 2481),
('78C4791', 2272),
('53A7422', 1211),
('60B4029', 1287),
('37G4802', 2150),
('58F784', 157),
('78W5153', 1525),
('20V8091', 1053),
('66I8637', 1082),
('30Q2167', 1239),
('94A4029', 218),
('53F8237', 2137),
('49D5115', 1152),
('51X3321', 754),
('23Y9758', 2726),
('35N5547', 943),
('54I7475', 1179),
('43J2069', 1713),
('66O3846', 1981),
('57G159', 1546),
('78B2550', 2568),
('3C8538', 1442),
('77B8383', 2562),
('89U8518', 2159),
('1K7050', 2832),
('76Y7036', 857),
('56L70', 459),
('6M6129', 2107),
('76C5601', 2477),
('6S5941', 1999),
('99E8515', 955),
('51D822', 788),
('5T5540', 2767),
('59E589', 1309),
('61M3784', 1144),
('57M1524', 2130),
('50J3472', 1848),
('24X4176', 1141),
('83R8207', 1550),
('6M7536', 2055),
('33E8580', 2758),
('77B1663', 2038),
('23N7446', 385),
('56B3319', 2425),
('69B7694', 1794),
('39Q1695', 1240),
('56W5817', 1914),
('87U3791', 1991),
('90J7121', 760),
('80L1523', 1943),
('78O873', 1453),
('33R5129', 1842),
('98X6228', 2580),
('29T9936', 1806),
('81U2242', 2479),
('25C6075', 2840),
('14P7790', 788),
('23T3196', 1200),
('30Y9726', 1364),
('18X4761', 2560),
('54E84', 382),
('65P8991', 2708),
('6B5655', 1235),
('33K6028', 2224),
('98S5755', 2554),
('24V3386', 366),
('60M6501', 2446),
('82M4264', 1125),
('91F2427', 2790),
('35N5786', 2154),
('24H8745', 1178),
('10M6744', 1057),
('35S82', 842),
('51L6907', 230),
('45V4010', 659),
('11V2477', 1235),
('9X190', 68),
('91Q4751', 1413),
('64P8446', 501),
('72H1566', 209),
('89V1599', 647),
('36N3597', 2411),
('19B1372', 1664),
('90E74', 282),
('87F8186', 160),
('28F993', 1293),
('4M8180', 1537),
('6D5391', 916),
('92I3258', 49),
('10A7753', 1710),
('40Q2495', 1643),
('26D7119', 639),
('38S5720', 1444),
('76R5972', 2363),
('11P2591', 2459),
('52L8461', 2946),
('63B2993', 854),
('61X43', 211),
('1P7066', 1868),
('93L3111', 697),
('98P5696', 2243),
('32Q5676', 2934),
('8I4779', 1720),
('4W2667', 510),
('54X9084', 1967),
('28O1939', 1132),
('52A4036', 21),
('92J9534', 1653),
('30B6236', 2082),
('1M1291', 780),
('61B6041', 246),
('47H349', 2927),
('22W8018', 2529),
('3X2637', 423),
('53I7604', 262),
('50N4906', 50),
('59L4783', 689),
('74N2379', 1616),
('93E8103', 1384),
('5E5590', 2034),
('25U4849', 2800),
('77O8482', 118),
('51V5707', 48),
('37U2325', 2062),
('28H4718', 759),
('29M2547', 1322),
('27W7859', 2598),
('26N8018', 355),
('40B6063', 2785),
('93N4889', 1438),
('85C1006', 1706),
('5W9523', 2537),
('87C4469', 2456),
('50C7625', 1921),
('47S4606', 2905),
('85O9104', 1006),
('13U4934', 1620),
('38P770', 1639),
('6B4369', 747),
('59S1412', 780),
('94P9123', 1672),
('78W6340', 1300),
('89U9781', 2078),
('17E962', 1364),
('25F9388', 706),
('53W5459', 611),
('38C861', 1939),
('49H5130', 2093),
('53G4537', 1034),
('87I3485', 1692),
('55X9197', 586),
('66X7645', 2480),
('92F2366', 1584),
('68J8130', 2233),
('49M8227', 128),
('89S7596', 2063),
('73V3950', 659),
('79G5598', 896),
('54G7780', 290),
('72I8947', 1239),
('84A4683', 1574),
('66D9726', 1469),
('53B7881', 799),
('94O5554', 1602),
('46R7092', 1662),
('13N9135', 2256),
('64V6804', 2885),
('73F6699', 1274),
('72R390', 2151),
('66L7383', 2223),
('41A8392', 2407),
('57L8123', 1732),
('62N1800', 1413),
('49U1139', 1384),
('26E3628', 99),
('36H3572', 631),
('94X4633', 82),
('37K1350', 2937),
('29C1470', 437),
('32Q1848', 2125),
('37I8124', 1545),
('23Q2422', 639),
('52R3934', 630),
('9J4371', 1180),
('60F4021', 304),
('34L4414', 939),
('38C450', 1227),
('58N8245', 389),
('74Q4942', 1708),
('49Y3231', 348),
('71C6459', 848),
('6E9836', 779),
('62E9479', 2557),
('60P3828', 552),
('94K1282', 537),
('0K3853', 1111),
('45A9070', 77),
('40R1426', 2785),
('88M237', 1235),
('11H2941', 1187),
('30A1616', 766),
('51P5730', 934),
('58A6017', 1870),
('17M2780', 1639),
('1Q6873', 610),
('57M3155', 1897),
('80Y4330', 2580),
('5D7693', 1727),
('93P8582', 1173),
('86K2067', 2686),
('72N8789', 2539),
('52N1757', 2623),
('3L8377', 55),
('84B6023', 777),
('4H68', 2923),
('25Q431', 2699),
('85I6432', 2220),
('28Y23', 201),
('43P4307', 1485),
('55T7681', 1304),
('83I3881', 2703),
('28I4770', 2891),
('40A5783', 1253),
('41X3622', 543),
('56Q1985', 2177),
('84E3937', 1763),
('42U8837', 1852),
('19M7665', 550),
('25G3066', 2901),
('39F9443', 1053),
('56U4049', 1946),
('64A2165', 1753),
('25N8188', 1529),
('86D9733', 2397),
('30F3691', 2299),
('55J1590', 645),
('74P6608', 1302),
('63K6072', 153),
('94T1413', 1963),
('75E2184', 1540),
('47G1974', 102),
('10R1840', 2474),
('11S1212', 1077),
('77K7151', 830),
('70O289', 879),
('14Q9840', 1628),
('90L635', 2796),
('79K2333', 2241),
('11T4628', 952),
('9F2614', 57),
('10N3261', 840),
('27Y7407', 1583),
('5T1611', 676),
('72T760', 692),
('9T5424', 2159),
('88A7588', 2490),
('60Q4643', 2989),
('73K4267', 2004),
('75P2203', 2223),
('12A831', 1667),
('7G8901', 2317),
('12T1848', 2309),
('11H7671', 1433),
('22N5552', 2124),
('34C3085', 364),
('19S3288', 2817),
('1R4393', 1154),
('74U3853', 1911),
('50W2928', 2263),
('44H9796', 1920),
('41S7192', 1863),
('43A5250', 1849),
('46K1454', 601),
('98X7366', 242),
('85L6164', 1928),
('84N5917', 752),
('83P1011', 2819),
('95W8147', 2918),
('44T3958', 1498),
('10L8430', 653),
('74I2044', 1476),
('37O4817', 2626),
('5W2309', 1023),
('57N7026', 2519),
('94G3635', 2891),
('5O2968', 1871),
('3F2833', 1889),
('56I3361', 2969),
('84G803', 1651),
('95H6502', 1007),
('16A7074', 1675),
('96N7787', 2477),
('87K3555', 1492),
('51B1025', 1504),
('5W814', 533),
('96Q1129', 2588),
('73W2699', 53),
('52T258', 1973),
('82P7638', 2189),
('61D1968', 2610),
('96T7414', 1998),
('93A454', 419),
('28Q6761', 2063),
('57G4442', 322),
('43A9578', 2010),
('20O7817', 1259),
('27P104', 14),
('59U1541', 1161),
('14Q9851', 2157),
('55X3938', 1572),
('60U3638', 200),
('30X8923', 1417),
('95R524', 2130),
('81O4231', 100),
('11G7981', 2563),
('62V4231', 919),
('56J113', 2846),
('17O4381', 499),
('35I3249', 2439),
('55K6914', 1716),
('50N4724', 933),
('46C9797', 1327),
('33Y3175', 2779),
('54N3567', 260),
('36P1166', 2575),
('41S3078', 1291),
('97A3473', 1500),
('23D3768', 1574),
('95F6828', 1235),
('42F4479', 224),
('57E9471', 455),
('91A1430', 2931),
('81L1308', 1746),
('23U393', 322),
('94B7998', 1519),
('9M6655', 2517),
('55L4807', 2276),
('24B4832', 121),
('65J8524', 306),
('1V3102', 1593),
('61T8277', 1660),
('63E8929', 720),
('88Y8564', 2993),
('21H5857', 1658),
('85D321', 606),
('12U3429', 1752),
('35P8339', 1784),
('97D4814', 1103),
('49C5865', 1272),
('64N9206', 598),
('95I9693', 474),
('89H8566', 1861),
('95K1574', 713),
('51O779', 2351),
('40G4264', 1652),
('24X3797', 557),
('3M3031', 700),
('60K7833', 24),
('54H5927', 2013),
('61J5187', 1652),
('95O8677', 2409),
('99N9757', 1504),
('78O2473', 300),
('21P826', 78),
('76U5506', 2481),
('61B8180', 2752),
('11B1567', 1358),
('43M8132', 881),
('63Q1514', 957),
('37O2524', 1750),
('23G5950', 2816),
('18V5276', 2349),
('47E9912', 1578),
('28S3554', 693),
('35M2905', 1891),
('43H3121', 1140),
('45Q95', 2958),
('5B9950', 929),
('2Q2980', 2805),
('51R2664', 2907),
('82P367', 134),
('71U2873', 1144),
('61M2966', 2331),
('62Q2983', 920),
('70Y7426', 977),
('66S3544', 288),
('96G8135', 2956),
('9P4702', 2179),
('14C7602', 1984),
('77R8837', 761),
('51X8737', 1170),
('92R3950', 529),
('4S4862', 2932),
('90X9869', 1326),
('69A5755', 367),
('97K1843', 268),
('54S565', 1910),
('52L8606', 2286),
('83I910', 1875),
('48A4460', 1752),
('13V9976', 2218),
('67G7472', 396),
('19B5940', 2607),
('29U8335', 1494),
('24G541', 2643),
('2A6971', 2024),
('68R6115', 827),
('26A6454', 2265),
('62A6915', 2596),
('41D6308', 2059),
('57J3033', 2542),
('49N9762', 1682),
('14P7755', 2629),
('28P2029', 2064),
('90I1656', 16),
('77P9175', 2800),
('39C9264', 1820),
('75Y9659', 179),
('3I6611', 1901),
('72S3100', 197),
('67F492', 2527),
('50H3355', 2260),
('68L2749', 2489),
('20F5467', 54),
('92Q5405', 19),
('34F8562', 1779),
('21S4963', 2594),
('49K9261', 734),
('86V6699', 471),
('57W2679', 1953),
('46J2258', 2540),
('65W573', 1356),
('12W6382', 2833),
('0B8732', 637),
('67S1085', 1784),
('65H8146', 859),
('67H8104', 74),
('81B7056', 2448),
('9N2930', 655),
('73T3437', 1077),
('16O6258', 1291),
('3A9985', 2642),
('65K1161', 2708),
('52V6188', 292),
('58A6823', 1190),
('94T4544', 1239),
('23K2133', 1210),
('34V498', 2797),
('78Q4979', 443),
('91B8162', 888),
('10M5551', 2240),
('34Q6407', 948),
('42C4472', 412),
('35S2375', 1984),
('95S9091', 1911),
('73S1992', 214),
('70M3737', 744),
('5T9554', 2529),
('99Y2278', 216),
('93A957', 1724),
('48P3782', 1337),
('56L7629', 1234),
('70F4621', 1990),
('80X750', 809),
('32Y2826', 1183),
('1U7824', 2378),
('75O3012', 501),
('66O6171', 39),
('79T2702', 1571),
('99I407', 2903),
('39D3370', 2151),
('63H3498', 2258),
('71N2008', 169),
('82T3433', 2260),
('12Y1559', 809),
('56M115', 118),
('74A1021', 1480),
('92X9510', 499),
('81L8550', 2260),
('32R4653', 2599),
('81M3372', 158),
('57E5562', 1108),
('11N4847', 1274),
('79V2634', 1036),
('92Q9472', 1706),
('73Q606', 2096),
('29D9174', 2796),
('3Y2626', 2138),
('84O6698', 1038),
('31O6534', 819),
('34B6410', 1763),
('32B7902', 500),
('15H1343', 1417),
('43P6907', 2061),
('57M9794', 1036),
('27C8615', 118),
('10V7313', 259),
('17F8745', 849),
('46F2377', 2954),
('83Q9470', 2392),
('90H6593', 316),
('34V2343', 1529),
('96H2738', 11),
('44M7911', 1131),
('84S6459', 2718),
('69P4079', 2569),
('2R9956', 2150),
('92M7814', 1054),
('79G8461', 1399),
('13M7237', 2629),
('72J2842', 188),
('67Y3690', 1280),
('52L4150', 1385),
('46U5838', 2361),
('45A8423', 1849),
('51A387', 2326),
('45H2576', 2460),
('3P6475', 461),
('75H4692', 925),
('84L3316', 2091),
('23N4534', 692),
('96H3163', 471),
('29G2607', 1063),
('51T4165', 338),
('65D8571', 348),
('31X184', 2819),
('41Q2355', 2659),
('90H7139', 1178),
('46P3755', 1660),
('72U7958', 1610),
('79L8873', 2389),
('79D696', 43),
('55K4192', 1977),
('7Y6903', 2666),
('75U1620', 851),
('41P9795', 1657),
('98R313', 2781),
('63V4316', 1304),
('63T3615', 1830),
('30Q3651', 1508),
('35Q1910', 77),
('18O9257', 2365),
('83G4730', 1684),
('34Y4000', 1306),
('10G7929', 1652),
('60U440', 2992),
('93H4238', 357),
('55Y8869', 2951),
('9D8032', 706),
('52F2134', 2648),
('43K7623', 2502),
('13L6854', 480),
('12C902', 356),
('37E3069', 2882),
('58W2645', 1237),
('25U6909', 1530),
('75Y4315', 505),
('50G3354', 1345),
('89O9665', 10),
('1Q8639', 1775),
('2X1971', 2593),
('70B4399', 2547),
('68J1223', 2096),
('25J8101', 880),
('56V2074', 704),
('79S6847', 1860),
('29K5885', 2211),
('49G4115', 1438),
('45R2680', 2562),
('66V1511', 1276),
('38W1331', 2744),
('71R86', 1404),
('60M8794', 880),
('30Y8323', 1395),
('85F1716', 2111),
('25R6323', 2533),
('89Q6234', 1595),
('30K8290', 1177),
('86M4283', 1737),
('56U7876', 305),
('66S7242', 2463),
('40A3451', 926),
('53X229', 151),
('11A2878', 1853),
('15H2865', 1535),
('46B9854', 1028),
('63I4839', 2704),
('11I6394', 1381),
('25S7080', 995),
('45R8528', 930),
('99X1867', 411),
('38D4776', 1583),
('7V7691', 1873),
('94F9474', 2872),
('1K7187', 411),
('4I5528', 1558),
('0L8972', 132),
('54N3654', 857),
('69Q6686', 1550),
('40H7683', 714),
('47Q1076', 622),
('84G7998', 1373),
('93G3432', 583),
('56I7678', 2181);

insert into equipo values
('UL1957LE9228', 'Duplicadora', 'HP', 397683, 'Vendido', null),
('HY8719MH4574', 'Fotocopiadora', 'Dell', 781942, 'Vendido', null),
('XO1752YP1259', 'Duplicadora', 'Canon', 183290, 'Vendido', null),
('BM7206AM5066', 'Fotocopiadora', 'Epson', 744724, 'Vendido', null),
('NY3708DK6421', 'Ploter', 'Dell', 380788, 'Vendido', null),
('DQ7481QF1414', 'Ploter', 'Dell', 643615, 'Vendido', null),
('IP9050UX7441', 'Duplicadora', 'Brother', 403977, 'Vendido', null),
('AB1443LT8540', 'Escaner', 'Epson', 818843, 'Vendido', null),
('SB3975NH5678', 'Fax', 'Brother', 411730, 'Vendido', null),
('MH6166VY589', 'Ploter', 'Epson', 141298, 'Vendido', null),
('VJ8380KL6902', 'Ploter', 'HP', 345690, 'Vendido', null),
('AM877VV8326', 'Duplicadora', 'HP', 893184, 'Vendido', null),
('PE7985JM4090', 'Duplicadora', 'Epson', 881915, 'Vendido', null),
('GJ9968LH7490', 'Fotocopiadora', 'Dell', 607630, 'Vendido', null),
('DA8585AW8456', 'Escaner', 'Brother', 669810, 'Vendido', null),
('WV544EG5898', 'Escaner', 'HP', 212222, 'Vendido', null),
('VU2225EN2982', 'Duplicadora', 'Brother', 32538, 'Vendido', null),
('KY805PD5900', 'Multifuncional', 'Dell', 409866, 'Vendido', null),
('TB792VY3731', 'Impresora', 'Canon', 672586, 'Vendido', null),
('KC4764CN8764', 'Ploter', 'Dell', 141905, 'Vendido', null),
('VN6972NT6008', 'Impresora', 'Canon', 861375, 'Vendido', null),
('FS9659PA7216', 'Impresora 3D', 'Canon', 217902, 'Vendido', null),
('TP5172OB7431', 'Fax', 'HP', 418001, 'Vendido', null),
('VX2177EG1103', 'Fax', 'HP', 221871, 'Vendido', null),
('VC3948WY2598', 'Duplicadora', 'Dell', 402576, 'Vendido', null),
('GX5002BE1546', 'Duplicadora', 'Canon', 777259, 'Vendido', null),
('FM5348CW3183', 'Duplicadora', 'Dell', 595748, 'Vendido', null),
('SV5037UG9444', 'Ploter', 'HP', 286804, 'Vendido', null),
('KR7441HD9057', 'Escaner', 'HP', 317362, 'Vendido', null),
('CY2304BJ1492', 'Fax', 'Canon', 675953, 'Vendido', null),
('EO1831OU5816', 'Escaner', 'Canon', 91555, 'Vendido', null),
('LY4291CD8362', 'Multifuncional', 'HP', 230301, 'Vendido', null),
('TB4379ON9548', 'Duplicadora', 'Brother', 808690, 'Vendido', null),
('GU4311VI6290', 'Fotocopiadora', 'Canon', 802182, 'Vendido', null),
('GT1352YN2793', 'Impresora', 'HP', 910376, 'Vendido', null),
('SM6231KF1312', 'Escaner', 'Brother', 895793, 'Vendido', null),
('KA5048LV5607', 'Multifuncional', 'Dell', 354465, 'Vendido', null),
('TJ8107OY9880', 'Impresora 3D', 'Brother', 54020, 'Vendido', null),
('VI8403CE1043', 'Fotocopiadora', 'Brother', 652560, 'Vendido', null),
('HR7318DU5896', 'Duplicadora', 'Dell', 646429, 'Vendido', null),
('MC1478AO5898', 'Fotocopiadora', 'Epson', 641487, 'Vendido', null),
('LV2838LJ1442', 'Multifuncional', 'Canon', 382803, 'Vendido', null),
('SU8920VW468', 'Impresora', 'HP', 208919, 'Vendido', null),
('NF1218CX1116', 'Fax', 'Epson', 389456, 'Vendido', null),
('UR4796YF7458', 'Impresora', 'Epson', 376350, 'Vendido', null),
('KG1377NB995', 'Ploter', 'HP', 428673, 'Vendido', null),
('RA3621UM2027', 'Duplicadora', 'Dell', 712691, 'Vendido', null),
('WS5991TD6487', 'Multifuncional', 'Dell', 210534, 'Vendido', null),
('JC6322CW5845', 'Multifuncional', 'Epson', 349643, 'Vendido', null),
('SX212WP5699', 'Fax', 'Dell', 839735, 'Vendido', null),
('DW229QK6437', 'Multifuncional', 'Epson', 64712, 'Vendido', null),
('AW9928UV9243', 'Escaner', 'Brother', 309534, 'Vendido', null),
('WN9606TM4312', 'Impresora 3D', 'Brother', 236272, 'Vendido', null),
('NR4393BL4732', 'Fotocopiadora', 'Brother', 855545, 'Vendido', null),
('VG9560EH9333', 'Duplicadora', 'Dell', 532678, 'Vendido', null),
('DF1595QA6324', 'Duplicadora', 'Brother', 621774, 'Vendido', null),
('RE2164UX1368', 'Impresora 3D', 'Canon', 127435, 'Vendido', null),
('HQ8471SC1758', 'Escaner', 'HP', 881161, 'Vendido', null),
('WJ254OT9948', 'Duplicadora', 'Brother', 16211, 'Vendido', null),
('WB3290BG2342', 'Ploter', 'Dell', 357245, 'Vendido', null),
('KK6251GA1964', 'Duplicadora', 'Canon', 708687, 'Vendido', null),
('UC34MK4337', 'Ploter', 'Epson', 579731, 'Vendido', null),
('HH828VU3305', 'Multifuncional', 'Epson', 566501, 'Vendido', null),
('RA7327BD3254', 'Impresora 3D', 'Brother', 695314, 'Vendido', null),
('KK7678TP9883', 'Escaner', 'HP', 323763, 'Vendido', null),
('QM9708OR8965', 'Impresora', 'Canon', 469627, 'Vendido', null),
('GR5643KY289', 'Impresora 3D', 'Epson', 652608, 'Vendido', null),
('SC1318NE8133', 'Duplicadora', 'Canon', 33468, 'Vendido', null),
('RE401GF7910', 'Multifuncional', 'Dell', 895258, 'Vendido', null),
('HT251PI8817', 'Escaner', 'Dell', 126362, 'Vendido', null),
('GH3406HU5987', 'Impresora 3D', 'Epson', 476117, 'Vendido', null),
('EM1972MB8105', 'Impresora 3D', 'Canon', 506083, 'Vendido', null),
('EE2377TP7850', 'Impresora', 'HP', 810951, 'Vendido', null),
('LC7767UF8759', 'Ploter', 'Canon', 860045, 'Vendido', null),
('NB2863CP4198', 'Multifuncional', 'Dell', 351602, 'Vendido', null),
('HM6798DK2261', 'Fotocopiadora', 'Canon', 962832, 'Vendido', null),
('IQ5053XC4558', 'Impresora 3D', 'Epson', 428526, 'Vendido', null),
('VK9956UP8726', 'Escaner', 'HP', 165910, 'Vendido', null),
('JS502YC5165', 'Impresora', 'Dell', 792481, 'Vendido', null),
('VS9587YM5184', 'Multifuncional', 'Brother', 226197, 'Vendido', null),
('CJ4737OL6771', 'Fax', 'HP', 801612, 'Vendido', null),
('JX9836LB2153', 'Duplicadora', 'Dell', 328421, 'Vendido', null),
('HE9234MW4226', 'Fax', 'HP', 470121, 'Vendido', null),
('OV8523YH9601', 'Fotocopiadora', 'Dell', 233733, 'Vendido', null),
('HM9093JJ2756', 'Impresora 3D', 'HP', 586533, 'Vendido', null),
('AJ8393KC798', 'Fotocopiadora', 'HP', 298740, 'Vendido', null),
('HY5308GJ1329', 'Fax', 'Epson', 648653, 'Vendido', null),
('GW5397NL603', 'Escaner', 'Brother', 613073, 'Vendido', null),
('PJ6015WF536', 'Escaner', 'Dell', 851844, 'Vendido', null),
('TA6243IX1035', 'Multifuncional', 'Canon', 360861, 'Vendido', null),
('AV3002NA5145', 'Fax', 'Epson', 38758, 'Vendido', null),
('QH511DJ4889', 'Ploter', 'Canon', 336309, 'Vendido', null),
('SJ5250VF810', 'Fax', 'HP', 681668, 'Vendido', null),
('XA2563KA9463', 'Escaner', 'Brother', 153436, 'Vendido', null),
('WX3039SC900', 'Fotocopiadora', 'Brother', 260766, 'Vendido', null),
('BF575QN9554', 'Escaner', 'Epson', 355281, 'Vendido', null),
('DO5280TK5546', 'Impresora 3D', 'Brother', 39058, 'Vendido', null),
('LG9274JS7526', 'Fax', 'Brother', 322365, 'Vendido', null),
('HF1075LD7938', 'Fax', 'Dell', 260719, 'Vendido', null),
('LA6163XM50', 'Escaner', 'Epson', 530413, 'Vendido', null),
('ME9204DI6707', 'Multifuncional', 'Canon', 337039, 'Vendido', null),
('DE9773TD5747', 'Impresora 3D', 'Brother', 443452, 'Vendido', null),
('FN7152FV1525', 'Ploter', 'Brother', 82640, 'Vendido', null),
('DQ1134ST6172', 'Impresora 3D', 'Brother', 733143, 'Vendido', null),
('NM3655YM7577', 'Impresora 3D', 'Epson', 552701, 'Vendido', null),
('CW4348XJ8161', 'Fax', 'Dell', 874955, 'Vendido', null),
('JI5551ME3478', 'Duplicadora', 'Brother', 366047, 'Vendido', null),
('YL8799AS8128', 'Escaner', 'Epson', 725606, 'Vendido', null),
('JX4096PV3727', 'Multifuncional', 'HP', 513625, 'Vendido', null),
('RB8879WC6547', 'Impresora', 'Brother', 876601, 'Vendido', null),
('FQ7097KH7763', 'Impresora', 'HP', 809826, 'Vendido', null),
('EA8596SY2119', 'Impresora', 'Brother', 301127, 'Vendido', null),
('TP8294HF1817', 'Duplicadora', 'HP', 186166, 'Vendido', null),
('BP9347SG2156', 'Impresora', 'HP', 664660, 'Vendido', null),
('SH2685IQ436', 'Impresora 3D', 'Brother', 621925, 'Vendido', null),
('YP2518RF6179', 'Escaner', 'Canon', 205206, 'Vendido', null),
('RA7209GT2136', 'Ploter', 'Epson', 401512, 'Vendido', null),
('NQ2295RH9820', 'Fotocopiadora', 'Dell', 61917, 'Vendido', null),
('MG7522FG7990', 'Impresora', 'HP', 658850, 'Vendido', null),
('BU2655FK2513', 'Impresora 3D', 'Canon', 549060, 'Vendido', null),
('CI9077WD5021', 'Fotocopiadora', 'Brother', 468172, 'Vendido', null),
('NT441YD5501', 'Ploter', 'Epson', 46894, 'Vendido', null),
('JI410HR4505', 'Fax', 'HP', 549818, 'Vendido', null),
('QJ9830WO2026', 'Multifuncional', 'Canon', 776426, 'Vendido', null),
('MP8072JR2173', 'Fotocopiadora', 'HP', 538479, 'Vendido', null),
('LU3337QL3662', 'Impresora 3D', 'Epson', 808431, 'Vendido', null),
('UI1276KI5836', 'Duplicadora', 'Brother', 597453, 'Vendido', null),
('KD8515FY348', 'Duplicadora', 'Dell', 749197, 'Vendido', null),
('GO3563AX1239', 'Duplicadora', 'Epson', 421877, 'Vendido', null),
('SS5220NR5163', 'Duplicadora', 'Epson', 869752, 'Vendido', null),
('JU3058CE8508', 'Fotocopiadora', 'Canon', 650249, 'Vendido', null),
('AG5004KJ2246', 'Impresora', 'Dell', 178626, 'Vendido', null),
('KD9748GG6005', 'Multifuncional', 'HP', 769225, 'Vendido', null),
('HO5968YN9809', 'Impresora', 'Epson', 460376, 'Vendido', null),
('YS1128VU1977', 'Impresora', 'Canon', 451596, 'Vendido', null),
('QR4109TR3029', 'Escaner', 'Dell', 446167, 'Vendido', null),
('KP8174IO5059', 'Impresora', 'HP', 190035, 'Vendido', null),
('QC6455WR133', 'Fotocopiadora', 'Brother', 584769, 'Vendido', null),
('SH4408HT5453', 'Impresora 3D', 'Epson', 185979, 'Vendido', null),
('FK4580MT1290', 'Fotocopiadora', 'Epson', 831717, 'Vendido', null),
('DA7554HD8860', 'Ploter', 'Epson', 908513, 'Vendido', null),
('LV6528XO4551', 'Fax', 'Epson', 163372, 'Vendido', null),
('QV7554BV4602', 'Impresora 3D', 'HP', 65021, 'Vendido', null),
('JW4883RC7157', 'Duplicadora', 'HP', 296838, 'Vendido', null),
('HK6148GR8798', 'Escaner', 'Canon', 14455, 'Vendido', null),
('PH2299IO8588', 'Fotocopiadora', 'Brother', 204653, 'Vendido', null),
('DV2692EK9116', 'Fax', 'Dell', 824392, 'Vendido', null),
('KB8979LF4090', 'Fax', 'Canon', 256741, 'Vendido', null),
('MV1989WD2024', 'Ploter', 'Canon', 221516, 'Vendido', null),
('SG9500VV2580', 'Multifuncional', 'Epson', 206099, 'Vendido', null),
('BR2334TE991', 'Impresora', 'Epson', 10434, 'En venta', null),
('SJ4402OK579', 'Impresora 3D', 'Canon', 88182, 'En venta', null),
('KT4538YH5460', 'Impresora', 'Dell', 148445, 'En bodega', null),
('AX3897QS8265', 'Multifuncional', 'Epson', 57562, 'En venta', null),
('RM280WS3296', 'Ploter', 'Epson', 896477, 'Rentada', null),
('GP9440LE1294', 'Fotocopiadora', 'HP', 997951, 'En bodega', null),
('KE5048EJ2525', 'Ploter', 'Brother', 805995, 'Rentada', null),
('XT344BU5211', 'Duplicadora', 'Brother', 744302, 'En bodega', null),
('MQ1962FQ9527', 'Fotocopiadora', 'Canon', 483869, 'En venta', null),
('KG5575YF4403', 'Fotocopiadora', 'HP', 165384, 'Rentada', null),
('XW2005KM9058', 'Fax', 'Canon', 545488, 'En venta', null),
('SR3138BO75', 'Impresora 3D', 'Canon', 124345, 'En bodega', null),
('ET7749PA9670', 'Fax', 'Epson', 892605, 'En bodega', null),
('KK5366VK829', 'Escaner', 'Brother', 866700, 'Rentada', null),
('YU274FP9815', 'Ploter', 'Dell', 411174, 'En bodega', null),
('HV221BN8257', 'Ploter', 'Dell', 964672, 'Rentada', null),
('KT4231EC2983', 'Fotocopiadora', 'Dell', 72120, 'En bodega', null),
('AY9136JP6876', 'Multifuncional', 'Brother', 100147, 'Rentada', null),
('RD4135NB3523', 'Multifuncional', 'Canon', 86911, 'Rentada', null),
('KU198OO9960', 'Duplicadora', 'Dell', 403068, 'En bodega', null),
('NU5852DW8440', 'Fax', 'Dell', 220042, 'Rentada', null),
('EL1541VN403', 'Multifuncional', 'HP', 777912, 'Rentada', null),
('LN976UU4445', 'Impresora 3D', 'Dell', 591926, 'En venta', null),
('HF3667SK8569', 'Impresora 3D', 'Canon', 647986, 'En bodega', null),
('VC8336GJ3752', 'Multifuncional', 'HP', 318441, 'En bodega', null),
('WN1128XN7295', 'Fotocopiadora', 'Epson', 825549, 'En bodega', null),
('PV6190DQ6760', 'Fotocopiadora', 'Dell', 127279, 'Rentada', null),
('OG3508OV7660', 'Ploter', 'Dell', 775403, 'En venta', null),
('PS853AT4578', 'Ploter', 'Epson', 666477, 'En venta', null),
('QF2919WR7986', 'Multifuncional', 'Epson', 380355, 'En bodega', null),
('XQ2453JK9626', 'Impresora', 'Dell', 576922, 'En bodega', null),
('LC408CM2584', 'Fotocopiadora', 'HP', 439063, 'En venta', null),
('UT6311NA8016', 'Fotocopiadora', 'Dell', 538350, 'En venta', null),
('XP6568QI6237', 'Impresora 3D', 'Brother', 530087, 'En venta', null),
('PP9018CO3257', 'Multifuncional', 'Brother', 417269, 'En bodega', null),
('RE2410HJ5120', 'Fax', 'Epson', 560519, 'En venta', null),
('OV1705FM6988', 'Impresora', 'Dell', 345466, 'En bodega', null),
('MH5132RB4905', 'Impresora', 'Dell', 283428, 'En venta', null),
('JS9216UF8879', 'Escaner', 'Canon', 39179, 'Rentada', null),
('IY9777AJ2173', 'Impresora 3D', 'Epson', 315376, 'En bodega', null),
('AT2929UF4606', 'Ploter', 'Dell', 931717, 'En venta', null),
('KO1976KF5930', 'Impresora 3D', 'Dell', 713616, 'En bodega', null),
('GM6814KV7913', 'Impresora 3D', 'Canon', 736264, 'En venta', null),
('YF8964UM1983', 'Fax', 'Dell', 982150, 'En venta', null),
('UB974YB129', 'Impresora', 'HP', 880787, 'En bodega', null),
('PB5881HN4271', 'Ploter', 'Canon', 466624, 'En bodega', null),
('PH4398IC8238', 'Ploter', 'Dell', 863419, 'Rentada', null),
('QY1984QK3830', 'Escaner', 'Epson', 470135, 'Rentada', null),
('NG8913OV617', 'Escaner', 'Canon', 964387, 'Rentada', null),
('NL6861DK7999', 'Fax', 'Canon', 75322, 'En venta', null),
('YS9446LO7876', 'Fax', 'Dell', 919488, 'En venta', null),
('KI9950XA9716', 'Multifuncional', 'Epson', 592700, 'En bodega', null),
('QP1597UX4875', 'Impresora', 'Epson', 110328, 'Rentada', null),
('QJ7763DT9301', 'Multifuncional', 'Dell', 771007, 'En bodega', null),
('NH6249DS8971', 'Fotocopiadora', 'Brother', 557969, 'Rentada', null),
('RX2095BK8984', 'Fotocopiadora', 'Canon', 402408, 'En bodega', null),
('CA2475FL8786', 'Fotocopiadora', 'Epson', 519334, 'Rentada', null),
('FW9150YH3598', 'Ploter', 'HP', 733718, 'En bodega', null),
('KB4353MF7386', 'Escaner', 'Brother', 779664, 'En venta', null),
('LA4056TA9371', 'Fax', 'Dell', 154377, 'En bodega', null),
('HA4446JX3649', 'Fax', 'Brother', 809507, 'Rentada', null),
('VJ7547AL6515', 'Escaner', 'Dell', 972737, 'En bodega', null),
('JK6684BQ5799', 'Impresora', 'Dell', 811184, 'Rentada', null),
('EF1697SS453', 'Ploter', 'Brother', 714274, 'Rentada', null),
('GO4168GW1613', 'Fotocopiadora', 'Canon', 317345, 'Rentada', null),
('CW9556YM928', 'Ploter', 'Canon', 278683, 'Rentada', null),
('QA3010KV626', 'Impresora', 'Brother', 423208, 'Rentada', null),
('BX9279GT7975', 'Fotocopiadora', 'Brother', 477360, 'En venta', null),
('GS1724AT4805', 'Duplicadora', 'Brother', 934223, 'En bodega', null),
('SP6896AP8814', 'Impresora', 'Canon', 938612, 'En bodega', null),
('DV6920HT5631', 'Multifuncional', 'Dell', 692409, 'En venta', null),
('SD3260GO27', 'Duplicadora', 'Canon', 114995, 'En bodega', null),
('CA70XI7263', 'Escaner', 'HP', 107239, 'En bodega', null),
('YK9902OW5130', 'Fax', 'Brother', 155518, 'En venta', null),
('IF6969QM7583', 'Fax', 'HP', 460952, 'En bodega', null),
('YE5502GX8556', 'Escaner', 'HP', 714991, 'En bodega', null),
('RA1175PG1271', 'Ploter', 'Brother', 883336, 'En bodega', null),
('DC9527DE3447', 'Fax', 'Dell', 363651, 'Rentada', null),
('EU5168YX1796', 'Fotocopiadora', 'Canon', 997467, 'En bodega', null),
('II2196XQ2183', 'Escaner', 'Brother', 132239, 'En venta', null),
('CS8272SN2200', 'Escaner', 'Canon', 125608, 'En venta', null),
('MU378PW5570', 'Impresora 3D', 'Brother', 881049, 'En bodega', null),
('MM8466NM7915', 'Impresora', 'HP', 613403, 'En bodega', null),
('FY7277RR8800', 'Duplicadora', 'HP', 616007, 'En venta', null),
('RA6118PH8450', 'Escaner', 'Canon', 280682, 'En bodega', null),
('AL9830JY9860', 'Impresora', 'Dell', 590702, 'Rentada', null),
('BT1404XR8795', 'Impresora', 'Epson', 238678, 'En bodega', null),
('GT1617RF8934', 'Impresora 3D', 'Dell', 30314, 'En bodega', null),
('JX3703YN5602', 'Escaner', 'Epson', 326103, 'En bodega', null),
('JD757FC5501', 'Fax', 'HP', 591745, 'Rentada', null),
('NA598OW7826', 'Duplicadora', 'Dell', 210521, 'En venta', null),
('XX1804HU3340', 'Multifuncional', 'Epson', 233796, 'Rentada', null),
('SM6296QF6379', 'Impresora 3D', 'Canon', 776615, 'En bodega', null),
('RG7920CP2421', 'Escaner', 'Dell', 12086, 'En bodega', null),
('FI4208FU2554', 'Escaner', 'HP', 779415, 'En venta', null),
('SK4776QK812', 'Multifuncional', 'Epson', 435450, 'En venta', null),
('AA6261MA516', 'Duplicadora', 'Canon', 878240, 'En bodega', null),
('RL544CM9108', 'Duplicadora', 'Canon', 423883, 'En bodega', null),
('CK2074GP4951', 'Impresora', 'Epson', 86047, 'Rentada', null),
('RQ7103HH4681', 'Fotocopiadora', 'Epson', 592690, 'En venta', null),
('YC4550MA1144', 'Impresora 3D', 'Dell', 369083, 'En bodega', null),
('VQ6138UU3037', 'Fotocopiadora', 'Brother', 553269, 'Rentada', null),
('GQ4669SK1185', 'Impresora 3D', 'Epson', 613182, 'En bodega', null),
('NS218GX8981', 'Impresora 3D', 'HP', 168097, 'En bodega', null),
('WN7278UN6784', 'Escaner', 'Dell', 435740, 'En bodega', null),
('PV3077VG939', 'Fax', 'Dell', 225733, 'Rentada', null),
('KM1534AD6244', 'Ploter', 'Brother', 366344, 'Rentada', null),
('OW5375VL7757', 'Multifuncional', 'Dell', 811285, 'En venta', null),
('QH4314BC557', 'Multifuncional', 'HP', 744237, 'Rentada', null),
('VP2002NQ8645', 'Impresora 3D', 'Brother', 738567, 'En venta', null),
('VY2370XW1256', 'Multifuncional', 'Brother', 287234, 'En venta', null),
('XB4618UB3488', 'Ploter', 'Dell', 782273, 'Rentada', null),
('LH9289UR715', 'Escaner', 'Brother', 674402, 'En bodega', null),
('OG8571MN2714', 'Impresora 3D', 'Canon', 101778, 'En venta', null),
('GK6437FS3877', 'Duplicadora', 'Dell', 653779, 'En venta', null),
('DF6572GR3116', 'Duplicadora', 'Brother', 182794, 'Rentada', null),
('NN2928JV9083', 'Escaner', 'HP', 136566, 'En bodega', null),
('VV2595KM8595', 'Impresora 3D', 'Epson', 838880, 'En bodega', null),
('IE8434KS4569', 'Impresora', 'HP', 470718, 'En bodega', null),
('QH8315TX2637', 'Duplicadora', 'Dell', 311920, 'En bodega', null),
('DU4140DH6526', 'Impresora 3D', 'Brother', 599511, 'Rentada', null),
('OI1109JI2523', 'Impresora', 'Epson', 288964, 'En venta', null),
('BE1521UA4150', 'Impresora', 'Canon', 104638, 'En bodega', null),
('MF7149XS3745', 'Escaner', 'Brother', 712430, 'Rentada', null),
('KI5766FL7035', 'Escaner', 'Brother', 208568, 'En venta', null),
('LM5406AQ6907', 'Fax', 'Epson', 601460, 'En venta', null),
('WO645IY445', 'Fotocopiadora', 'Epson', 667355, 'Rentada', null),
('IV8540MH8506', 'Fotocopiadora', 'Brother', 724314, 'En bodega', null),
('WE4400DG4535', 'Impresora 3D', 'Canon', 122766, 'Rentada', null),
('YD4579RK1401', 'Multifuncional', 'Epson', 864988, 'En bodega', null),
('LQ1836SG4402', 'Impresora', 'Epson', 901563, 'En bodega', null),
('GX9021KR524', 'Impresora', 'Canon', 611826, 'En venta', null),
('LS6199TY9019', 'Multifuncional', 'Epson', 449948, 'En bodega', null),
('YX611PL4419', 'Fotocopiadora', 'Dell', 61711, 'En venta', null),
('JC5638FN8519', 'Impresora', 'Dell', 572641, 'Rentada', null),
('WX5349LN3594', 'Impresora 3D', 'Brother', 580490, 'En venta', null),
('VB3102NL1109', 'Ploter', 'Dell', 408750, 'Rentada', null),
('OO2549BT2290', 'Impresora 3D', 'Canon', 788603, 'En venta', null),
('JA5339YY2935', 'Escaner', 'HP', 620531, 'En venta', null),
('MI3708TH1309', 'Escaner', 'Epson', 250473, 'Rentada', null),
('TG6361AJ6639', 'Impresora 3D', 'Epson', 596354, 'Rentada', null),
('DW9802KP5809', 'Ploter', 'HP', 937015, 'En venta', null),
('WH3160ID7038', 'Fotocopiadora', 'Dell', 575596, 'En venta', null),
('IT5236ET3596', 'Multifuncional', 'Brother', 402707, 'Rentada', null),
('IX6804LM5376', 'Impresora', 'Canon', 490926, 'En venta', null),
('YU7101GK6380', 'Fotocopiadora', 'Dell', 771972, 'En venta', null),
('KL72PK6941', 'Duplicadora', 'Canon', 992356, 'Rentada', null),
('LN6679GH8660', 'Impresora', 'Canon', 64205, 'En bodega', null),
('VN3749ES462', 'Duplicadora', 'Brother', 567635, 'Rentada', null),
('MQ6162SQ6507', 'Fax', 'Dell', 102593, 'Rentada', null),
('VU7401LJ1673', 'Escaner', 'Brother', 905024, 'Rentada', null),
('NO7452MW1318', 'Ploter', 'Dell', 248938, 'En bodega', null),
('LC6968LK7693', 'Ploter', 'Dell', 657168, 'En bodega', null),
('HL1594CE1836', 'Impresora 3D', 'HP', 485038, 'En venta', null),
('MP894EY3444', 'Impresora', 'HP', 558726, 'Rentada', null),
('PE6894IS1186', 'Fax', 'HP', 920707, 'En venta', null),
('EN8636RW6235', 'Ploter', 'Dell', 425640, 'En bodega', null),
('JA1081CM4488', 'Fax', 'HP', 649399, 'En bodega', null),
('WT393DY9833', 'Impresora 3D', 'Dell', 920327, 'En bodega', null),
('PC8019UG6717', 'Escaner', 'Dell', 994400, 'En bodega', null),
('JE4657VC4869', 'Fotocopiadora', 'HP', 104816, 'Rentada', null),
('JT2388RY9908', 'Duplicadora', 'Epson', 591933, 'Rentada', null),
('FB800FX8245', 'Multifuncional', 'Dell', 722770, 'En bodega', null),
('IV6534XL3536', 'Ploter', 'Canon', 442052, 'En bodega', null),
('OA7304MR372', 'Escaner', 'Canon', 851538, 'Rentada', null),
('NX2223EN1947', 'Impresora', 'Brother', 24043, 'Rentada', null),
('CS2484KK5494', 'Impresora 3D', 'Brother', 46825, 'Rentada', null),
('YA6433EE8083', 'Impresora', 'HP', 820104, 'En venta', null),
('HT3561QV7146', 'Duplicadora', 'HP', 365272, 'Rentada', null),
('YN4501MR3420', 'Multifuncional', 'Epson', 119419, 'Rentada', null),
('IO1800GS7870', 'Fax', 'HP', 694160, 'En venta', null),
('OH5935BV14', 'Duplicadora', 'Epson', 784275, 'Rentada', null),
('AW6105UY9679', 'Fotocopiadora', 'Epson', 642680, 'En venta', null),
('CT8035SN1853', 'Impresora 3D', 'Epson', 750742, 'Rentada', null),
('JH4881JW9523', 'Fax', 'Epson', 855634, 'En venta', null),
('YG70QM9346', 'Fax', 'Brother', 408448, 'En venta', null),
('SX6330MR1947', 'Duplicadora', 'Epson', 998120, 'En venta', null),
('PV6217YO2648', 'Escaner', 'Canon', 657355, 'En venta', null),
('QP371ST9538', 'Impresora 3D', 'Dell', 828736, 'En bodega', null),
('SR8706QC6831', 'Fotocopiadora', 'Canon', 373977, 'En venta', null),
('AC1330WE361', 'Impresora', 'HP', 728985, 'Rentada', null),
('KA3700OC4397', 'Duplicadora', 'Dell', 235310, 'En venta', null),
('UI9257KK529', 'Impresora', 'Dell', 788050, 'En bodega', null),
('SO1280VS8518', 'Fotocopiadora', 'HP', 345829, 'En venta', null),
('RV9245MN9363', 'Impresora', 'Canon', 54780, 'Rentada', null),
('RA7641BN3571', 'Fotocopiadora', 'Canon', 891199, 'En bodega', null),
('NG2476JX4128', 'Escaner', 'HP', 862673, 'En bodega', null),
('ED2058VJ7993', 'Impresora', 'Epson', 101954, 'Rentada', null),
('GT9909RM1262', 'Fotocopiadora', 'Brother', 208857, 'En bodega', null),
('FT3539DB8307', 'Escaner', 'Epson', 151171, 'Rentada', null),
('KE9439BD1201', 'Impresora 3D', 'Epson', 24484, 'En bodega', null),
('AJ2181YF2271', 'Ploter', 'Dell', 232298, 'En bodega', null),
('KF188QI4420', 'Fotocopiadora', 'HP', 811692, 'Rentada', null),
('SV8195EV3518', 'Duplicadora', 'Brother', 966543, 'En bodega', null),
('LN3164TE7153', 'Ploter', 'Epson', 541170, 'En bodega', null),
('XT7312KF9811', 'Impresora', 'Canon', 473868, 'Rentada', null),
('HD5930LY6386', 'Ploter', 'Canon', 904637, 'En venta', null),
('SU4857LI2062', 'Impresora 3D', 'HP', 907411, 'En bodega', null),
('TA157FC5171', 'Fotocopiadora', 'Dell', 997917, 'En venta', null),
('GA2148PT1642', 'Impresora', 'Epson', 998241, 'En venta', null),
('JR4954VF1086', 'Fax', 'Epson', 273032, 'Rentada', null),
('EH8061XK9186', 'Impresora', 'Dell', 185672, 'En venta', null),
('LK5726CE2750', 'Fax', 'Brother', 141674, 'En bodega', null),
('GD5613MT9058', 'Impresora 3D', 'Epson', 217942, 'Rentada', null),
('BC7969XQ1658', 'Multifuncional', 'Dell', 937589, 'En venta', null),
('VI8232LQ9976', 'Impresora 3D', 'Dell', 698853, 'En bodega', null),
('CN7869PI9372', 'Ploter', 'Canon', 51889, 'En bodega', null),
('HT2995BX3879', 'Duplicadora', 'Brother', 928084, 'Rentada', null),
('KN6864GC3047', 'Escaner', 'Dell', 942962, 'Rentada', null),
('OO8569NA2046', 'Ploter', 'Brother', 536163, 'En bodega', null),
('HX5430EX5665', 'Fax', 'Epson', 391635, 'Rentada', null),
('CJ3837SL9744', 'Multifuncional', 'Dell', 849684, 'Rentada', null),
('QA2252RD952', 'Duplicadora', 'Canon', 822403, 'Rentada', null),
('HY9254WW8174', 'Impresora 3D', 'Dell', 638170, 'En venta', null),
('CQ8654MT6915', 'Impresora 3D', 'Brother', 743020, 'En bodega', null),
('MS6855VY5409', 'Impresora 3D', 'Epson', 891047, 'En bodega', null),
('IU4715AX6232', 'Escaner', 'Canon', 367405, 'En venta', null),
('RJ6533XR6136', 'Impresora', 'Epson', 551510, 'Rentada', null),
('ST2829SO6263', 'Impresora 3D', 'Canon', 280796, 'En bodega', null),
('RM5689TI3539', 'Ploter', 'Canon', 693651, 'Rentada', null),
('YL6632FG6372', 'Escaner', 'HP', 581250, 'En bodega', null),
('IA6702MG5443', 'Impresora', 'Canon', 470029, 'En venta', null),
('GK8174VC5463', 'Impresora', 'HP', 288066, 'En venta', null),
('VM1754MT951', 'Duplicadora', 'Dell', 278910, 'Rentada', null),
('JS4035LW8106', 'Impresora', 'HP', 945358, 'En bodega', null),
('NX7529NC3225', 'Impresora 3D', 'Dell', 3780, 'En bodega', null),
('QL1628XV3526', 'Duplicadora', 'Dell', 268005, 'Rentada', null),
('VR3004VU8814', 'Fax', 'Dell', 862238, 'En bodega', null),
('GC383VK7800', 'Fax', 'Brother', 377350, 'En venta', null),
('SQ2175QW3971', 'Fax', 'Dell', 367258, 'Rentada', null),
('GD8712YD6121', 'Fotocopiadora', 'HP', 655494, 'En bodega', null),
('WF9879CQ3749', 'Impresora 3D', 'Epson', 150822, 'En bodega', null),
('PG6674CM8710', 'Impresora', 'Epson', 509729, 'En bodega', null),
('DT3119PN372', 'Escaner', 'Dell', 928304, 'En venta', null),
('TY6131DC1076', 'Escaner', 'HP', 382570, 'En bodega', null),
('RK2236SL3330', 'Ploter', 'Epson', 691497, 'En bodega', null),
('BK4823OU6688', 'Fax', 'HP', 168082, 'Rentada', null),
('UF6162MQ4970', 'Escaner', 'Epson', 309058, 'En bodega', null),
('HR8271SF7831', 'Ploter', 'HP', 801607, 'Rentada', null),
('TT3544YU1950', 'Fax', 'HP', 85141, 'Rentada', null),
('XF3699JQ8468', 'Impresora 3D', 'Brother', 177714, 'En venta', null),
('EN7019NF4862', 'Fotocopiadora', 'Canon', 480395, 'Rentada', null),
('YK3258QQ1198', 'Fax', 'Dell', 720132, 'En bodega', null),
('LU1144CP5542', 'Impresora 3D', 'HP', 133993, 'En bodega', null),
('TW9749QH9116', 'Ploter', 'Epson', 877620, 'En bodega', null),
('PW5560KB4173', 'Duplicadora', 'HP', 541231, 'Rentada', null),
('WB6753FG2274', 'Escaner', 'HP', 551179, 'En bodega', null),
('TO3848LY6106', 'Duplicadora', 'Dell', 238297, 'En venta', null),
('TJ6623MH7746', 'Fax', 'HP', 970697, 'En bodega', null),
('NN5219IH1524', 'Duplicadora', 'Brother', 124103, 'En venta', null),
('OQ4127LW1867', 'Fax', 'Canon', 833084, 'Rentada', null),
('LQ679FL9554', 'Impresora 3D', 'HP', 608684, 'En venta', null),
('MV698IM3112', 'Impresora 3D', 'HP', 589106, 'Rentada', null),
('YB7636YJ2229', 'Ploter', 'HP', 618453, 'En venta', null),
('MU4203XN4278', 'Fotocopiadora', 'Dell', 622640, 'En bodega', null),
('XA7034TH2814', 'Duplicadora', 'HP', 110694, 'En bodega', null),
('SG1946NP3170', 'Duplicadora', 'Epson', 703688, 'En bodega', null),
('JG5040JF7437', 'Duplicadora', 'Canon', 652991, 'Rentada', null),
('JW208AU1793', 'Fax', 'Dell', 515506, 'En bodega', null),
('TU7060OT8695', 'Escaner', 'Canon', 807843, 'En bodega', null),
('UO2022EB5218', 'Duplicadora', 'Brother', 256345, 'Rentada', null),
('XE5437HE4962', 'Multifuncional', 'HP', 528569, 'En venta', null),
('NC6121HF2740', 'Duplicadora', 'HP', 297781, 'En venta', null),
('TQ3536VQ9483', 'Impresora', 'Brother', 519645, 'En bodega', null),
('AT4021PE5705', 'Duplicadora', 'Canon', 644285, 'En bodega', null),
('OP8137KI9009', 'Ploter', 'Epson', 542954, 'En venta', null),
('XB9053NY8463', 'Escaner', 'HP', 482647, 'En bodega', null),
('YE9045JE2731', 'Duplicadora', 'Brother', 960997, 'Rentada', null),
('KF792EI1325', 'Multifuncional', 'Canon', 435041, 'En venta', null),
('YM9641VP8532', 'Fax', 'Canon', 398922, 'En venta', null),
('JK853XT7052', 'Fax', 'Brother', 235993, 'En bodega', null),
('JL4726DL5243', 'Ploter', 'Epson', 279326, 'En bodega', null),
('JP1238AA5485', 'Multifuncional', 'HP', 441174, 'Rentada', null),
('LG2456KI6453', 'Impresora 3D', 'Epson', 137063, 'Rentada', null),
('GJ4585NC4201', 'Duplicadora', 'Epson', 444922, 'Rentada', null),
('WC5402VD3709', 'Fotocopiadora', 'Dell', 55909, 'En bodega', null),
('ED6514DO6758', 'Fotocopiadora', 'Epson', 533558, 'En bodega', null),
('OB1855QP4462', 'Escaner', 'Dell', 284716, 'Rentada', null),
('QC4042EH4031', 'Ploter', 'Dell', 933040, 'En bodega', null),
('PD2357SL2978', 'Multifuncional', 'Brother', 87776, 'En venta', null),
('DQ527VQ8412', 'Escaner', 'Brother', 822159, 'En venta', null),
('RL8127YU630', 'Multifuncional', 'HP', 162439, 'En venta', null),
('VI6970EC5228', 'Fotocopiadora', 'Canon', 76454, 'En bodega', null),
('BG7573DF5439', 'Duplicadora', 'Canon', 516589, 'En venta', null),
('SB1669NX626', 'Fotocopiadora', 'Dell', 83215, 'Rentada', null),
('RR4363XL9559', 'Fax', 'Brother', 539406, 'Rentada', null),
('KH5157EX365', 'Fotocopiadora', 'Epson', 324359, 'En bodega', null),
('NY5696HF7496', 'Impresora 3D', 'Brother', 120920, 'Rentada', null),
('UN5183FX9497', 'Multifuncional', 'Dell', 561717, 'Rentada', null),
('XF2306RO7290', 'Impresora', 'HP', 79163, 'En bodega', null),
('GL7053RT8732', 'Multifuncional', 'Dell', 378142, 'En bodega', null),
('QB2532IK1601', 'Impresora', 'Brother', 838327, 'En bodega', null),
('OF8077KI9421', 'Multifuncional', 'Dell', 528109, 'En venta', null),
('HG1312EJ5714', 'Multifuncional', 'Brother', 267121, 'Rentada', null),
('WV1089OD5559', 'Fotocopiadora', 'Brother', 32894, 'Rentada', null),
('BT1360DO4831', 'Impresora 3D', 'HP', 833623, 'En venta', null),
('LE1015BQ7976', 'Fotocopiadora', 'Dell', 218095, 'En bodega', null),
('EU7961RB3683', 'Fax', 'HP', 761214, 'En bodega', null),
('YW358WV2949', 'Fax', 'Epson', 935253, 'Rentada', null),
('QP841WI7487', 'Ploter', 'Brother', 679772, 'En bodega', null),
('QT4074YG4883', 'Impresora 3D', 'Dell', 34478, 'En venta', null),
('EU6347OM4583', 'Escaner', 'Epson', 357118, 'Rentada', null),
('VQ1816NO397', 'Fotocopiadora', 'Canon', 761460, 'Rentada', null),
('VC838GT7678', 'Fotocopiadora', 'Dell', 467780, 'Rentada', null),
('YR5808RJ9170', 'Duplicadora', 'Dell', 139927, 'En bodega', null),
('ER1605KN2561', 'Fax', 'Epson', 9438, 'Rentada', null),
('QA5675FQ5244', 'Escaner', 'HP', 569561, 'En bodega', null),
('TW4898KY384', 'Escaner', 'Dell', 912031, 'Rentada', null),
('MA7511MD1118', 'Fotocopiadora', 'HP', 819580, 'En venta', null),
('RA1692AA2157', 'Impresora', 'Brother', 600271, 'En venta', null),
('RT3144HR5902', 'Fax', 'Dell', 329639, 'En bodega', null),
('HM721SQ1961', 'Fax', 'Brother', 767431, 'En bodega', null),
('XK7109UX8111', 'Multifuncional', 'Brother', 242390, 'En bodega', null),
('NU4976SS8559', 'Ploter', 'HP', 396551, 'Rentada', null),
('SB3197SF3215', 'Multifuncional', 'Epson', 886002, 'En bodega', null),
('MW2382OX3575', 'Impresora', 'Canon', 124804, 'En venta', null),
('AX9581JM5976', 'Duplicadora', 'Dell', 500120, 'En bodega', null),
('MR3672KL8205', 'Fotocopiadora', 'Canon', 387583, 'En venta', null),
('CL1510EN7811', 'Escaner', 'HP', 855209, 'Rentada', null),
('UI610OK9532', 'Ploter', 'HP', 400915, 'En bodega', null),
('NQ3337GT9923', 'Fotocopiadora', 'Brother', 52891, 'En venta', null),
('NY5654TP1961', 'Escaner', 'HP', 944169, 'En venta', null),
('QJ7248OY3782', 'Impresora', 'Dell', 213870, 'En venta', null),
('WS9896IG8987', 'Escaner', 'Brother', 89550, 'En bodega', null),
('JM4456SO1685', 'Fotocopiadora', 'Brother', 960196, 'En bodega', null),
('QK9690LF5608', 'Impresora', 'Dell', 490737, 'En venta', null),
('FF5862HN1557', 'Fax', 'Canon', 580098, 'En venta', null),
('HU3739IM2007', 'Multifuncional', 'Brother', 590047, 'Rentada', null),
('UD3204HI1959', 'Duplicadora', 'Dell', 526278, 'En venta', null),
('EF1636KY4847', 'Ploter', 'Brother', 131874, 'En bodega', null),
('FA8560OA5309', 'Impresora 3D', 'Brother', 442539, 'Rentada', null),
('TO1801SY3463', 'Fax', 'Brother', 679682, 'En venta', null),
('CF9748MQ9746', 'Fax', 'HP', 238782, 'En venta', null),
('ME1635UI4574', 'Fax', 'Canon', 424674, 'En bodega', null),
('XI1608LB2757', 'Duplicadora', 'Brother', 840877, 'En bodega', null),
('VS5276FU730', 'Fax', 'Brother', 446331, 'En bodega', null),
('CM8467NJ2701', 'Impresora 3D', 'Dell', 129591, 'En bodega', null),
('NU4844RF4625', 'Impresora', 'HP', 738307, 'En venta', null),
('IV1141WR7711', 'Duplicadora', 'Epson', 251720, 'En venta', null),
('EX9247SB3669', 'Impresora 3D', 'Brother', 747794, 'En bodega', null),
('WS2795KB5082', 'Fotocopiadora', 'Brother', 936742, 'En bodega', null),
('XI749RI6736', 'Impresora 3D', 'Canon', 892207, 'En venta', null),
('EN1633OO8207', 'Impresora 3D', 'Dell', 683780, 'En venta', null),
('RJ3331OR7872', 'Multifuncional', 'Canon', 514205, 'En venta', null),
('BG4991JW2412', 'Fax', 'Canon', 696341, 'En bodega', null),
('JF8587MW9941', 'Escaner', 'HP', 14298, 'Rentada', null),
('OY8698KY5588', 'Fotocopiadora', 'Brother', 236245, 'En bodega', null),
('LQ4398JB4637', 'Impresora 3D', 'HP', 459924, 'En venta', null),
('TI7760XW4445', 'Impresora 3D', 'Dell', 643372, 'Rentada', null),
('GK8932AO4126', 'Duplicadora', 'Canon', 810657, 'En venta', null),
('JL9386BU2387', 'Duplicadora', 'Brother', 624256, 'Rentada', null),
('BQ7652EJ3664', 'Multifuncional', 'Brother', 21316, 'En bodega', null),
('KU7140JI548', 'Impresora 3D', 'HP', 550316, 'Rentada', null),
('JW3965GH3978', 'Impresora', 'HP', 688019, 'Rentada', null),
('LP5635TC9352', 'Fax', 'Dell', 425387, 'Rentada', null),
('VV4859FH6934', 'Escaner', 'Canon', 586840, 'En bodega', null),
('VS8557DA4087', 'Impresora 3D', 'Dell', 882476, 'En venta', null),
('WI1491SH8045', 'Escaner', 'Dell', 420531, 'En venta', null),
('GW9044UQ4474', 'Duplicadora', 'Canon', 51050, 'Rentada', null),
('RH1022WU4760', 'Fax', 'Epson', 335824, 'En bodega', null),
('OD483TI4933', 'Ploter', 'HP', 398925, 'Rentada', null),
('IB215FA137', 'Impresora', 'Dell', 302173, 'Rentada', null),
('TM7628EU9370', 'Ploter', 'Dell', 696707, 'En bodega', null),
('ID3285IT7473', 'Escaner', 'HP', 252365, 'En venta', null),
('PN2589CJ1679', 'Impresora', 'Epson', 77975, 'Rentada', null),
('IL6341XN2802', 'Fax', 'Dell', 976224, 'En bodega', null),
('LR7735QN861', 'Multifuncional', 'HP', 774822, 'En bodega', null),
('KT8349WX8736', 'Impresora', 'Brother', 130737, 'En venta', null),
('AN7822AR7679', 'Multifuncional', 'Epson', 496073, 'Rentada', null),
('XC4011EH5092', 'Ploter', 'Brother', 383218, 'Rentada', null),
('VO6758XK8114', 'Multifuncional', 'Dell', 584435, 'En venta', null),
('EN7201GF8948', 'Fax', 'Canon', 638726, 'En venta', null),
('UH315PF7497', 'Escaner', 'Canon', 39042, 'En venta', null),
('WY4645VQ9349', 'Impresora 3D', 'Canon', 518755, 'Rentada', null),
('QD4843OX8184', 'Fotocopiadora', 'Epson', 221288, 'En bodega', null),
('NS8445OR9720', 'Multifuncional', 'Epson', 755286, 'Rentada', null),
('HO3542PW2881', 'Impresora', 'Dell', 574557, 'En venta', null),
('SC2700IQ4242', 'Escaner', 'Brother', 942614, 'En bodega', null),
('KG6224PQ5316', 'Impresora 3D', 'HP', 982382, 'En bodega', null),
('SL4005MI2906', 'Multifuncional', 'Epson', 148942, 'Rentada', null),
('OA5634ML9858', 'Impresora 3D', 'Epson', 464773, 'En bodega', null),
('TG7903AL3784', 'Duplicadora', 'Canon', 230535, 'En venta', null),
('MG3376QN1859', 'Escaner', 'Epson', 768900, 'En venta', null),
('BL3516XN153', 'Escaner', 'Brother', 313320, 'En bodega', null),
('BP1277WT1052', 'Fotocopiadora', 'Dell', 48007, 'Rentada', null),
('PE6489ID4536', 'Fotocopiadora', 'Epson', 810110, 'En bodega', null),
('UV9624IX1134', 'Duplicadora', 'Canon', 241380, 'En bodega', null),
('UV6172EF1455', 'Ploter', 'Canon', 526237, 'En venta', null),
('LF2087QM9821', 'Ploter', 'Dell', 968386, 'En venta', null),
('HK6484YE5753', 'Impresora 3D', 'Brother', 872163, 'En bodega', null),
('XQ8404RB5123', 'Fotocopiadora', 'Epson', 731054, 'En venta', null),
('PU1329JV3687', 'Ploter', 'Brother', 948736, 'En bodega', null),
('QM9902DE5331', 'Ploter', 'HP', 982352, 'En venta', null),
('HJ4575KQ9678', 'Fax', 'HP', 299050, 'En venta', null),
('RV9802IN2320', 'Impresora 3D', 'Brother', 161260, 'En venta', null),
('JC1652BL2594', 'Duplicadora', 'Brother', 430486, 'En bodega', null),
('OS9881KU142', 'Impresora 3D', 'Dell', 120954, 'Rentada', null),
('VU4604JE1720', 'Fotocopiadora', 'Dell', 801258, 'En bodega', null),
('NF7573YW3589', 'Multifuncional', 'Epson', 482829, 'En venta', null),
('CG5088IX4212', 'Impresora', 'Epson', 837944, 'En venta', null),
('LL2841KX4439', 'Duplicadora', 'Canon', 336812, 'En venta', null),
('RX223WM2731', 'Escaner', 'HP', 703729, 'En bodega', null),
('XC2272KK6405', 'Fax', 'Brother', 377354, 'En venta', null),
('AA4466US4192', 'Impresora', 'Brother', 971694, 'En bodega', null),
('TS8735HV3483', 'Escaner', 'HP', 14668, 'En bodega', null),
('HY6752NF8131', 'Duplicadora', 'HP', 73315, 'En bodega', null),
('AY8684UR300', 'Fotocopiadora', 'Canon', 232256, 'En bodega', null),
('RA5998DI6020', 'Escaner', 'Canon', 389360, 'En bodega', null),
('HN5696WN7397', 'Fax', 'Dell', 974434, 'En venta', null),
('UY9782MI1081', 'Duplicadora', 'Brother', 128757, 'En venta', null),
('AY8206JP8886', 'Impresora 3D', 'Epson', 641533, 'En venta', null),
('JT490VI1584', 'Impresora', 'Canon', 700507, 'En bodega', null),
('SP1545UD4888', 'Fotocopiadora', 'HP', 845631, 'Rentada', null),
('JJ555HP9453', 'Ploter', 'Canon', 124603, 'En venta', null),
('XN9346LK6300', 'Multifuncional', 'Dell', 936123, 'En venta', null),
('FT3527RO96', 'Fax', 'HP', 149930, 'En bodega', null),
('EX7199FD5001', 'Impresora 3D', 'Dell', 942144, 'En bodega', null),
('VG660LP8805', 'Impresora', 'Epson', 150476, 'En bodega', null),
('YM2001UH8419', 'Impresora 3D', 'Epson', 497772, 'En bodega', null),
('NA3445WR3809', 'Impresora 3D', 'Dell', 555747, 'En bodega', null),
('AF3868HI3511', 'Fax', 'Canon', 16180, 'En bodega', null),
('TJ1096OV6103', 'Impresora 3D', 'Epson', 537085, 'Rentada', null),
('NE3693JM1704', 'Multifuncional', 'Brother', 860308, 'En bodega', null),
('OI8363PV1547', 'Duplicadora', 'HP', 918685, 'Rentada', null),
('CH8480TO3055', 'Ploter', 'Dell', 520345, 'En venta', null),
('BU3228YO1407', 'Duplicadora', 'Epson', 810396, 'En venta', null),
('LA8403WA5022', 'Fotocopiadora', 'Brother', 852252, 'En bodega', null),
('NN6071JD3479', 'Fotocopiadora', 'Epson', 268988, 'En venta', null),
('LS4227ES8600', 'Fotocopiadora', 'Epson', 256749, 'En venta', null),
('DH1674UF7251', 'Multifuncional', 'Brother', 385370, 'En venta', null),
('LL1183II2287', 'Impresora', 'Brother', 284640, 'En bodega', null),
('GP3066VO3161', 'Ploter', 'Dell', 567330, 'En venta', null),
('RK5660HJ2360', 'Fax', 'Brother', 542036, 'En bodega', null),
('BM1681QR7944', 'Ploter', 'HP', 440662, 'Rentada', null),
('HN4213UT6292', 'Impresora', 'Dell', 937990, 'En venta', null),
('LM1508AP5280', 'Escaner', 'Epson', 726157, 'En venta', null),
('GC240SQ4744', 'Duplicadora', 'Epson', 267253, 'En bodega', null),
('GT6003TU3516', 'Ploter', 'Canon', 665703, 'En bodega', null),
('GW2452ND6566', 'Duplicadora', 'Brother', 852299, 'En bodega', null),
('MB5415VW103', 'Fotocopiadora', 'HP', 67859, 'Rentada', null),
('IF760QS464', 'Fotocopiadora', 'Dell', 481464, 'En bodega', null),
('OA8841NK5535', 'Duplicadora', 'Canon', 821559, 'En bodega', null),
('PI9561XK6616', 'Ploter', 'Dell', 173997, 'Rentada', null),
('AE9858MN8104', 'Fotocopiadora', 'Canon', 786170, 'Rentada', null),
('CW5561YX1373', 'Ploter', 'HP', 378008, 'En venta', null),
('UW6870PQ4534', 'Fotocopiadora', 'Dell', 306979, 'En venta', null),
('GS7254UW8404', 'Duplicadora', 'Canon', 63741, 'En venta', null),
('AU9454OO733', 'Escaner', 'Canon', 227212, 'Rentada', null),
('ED5934FX167', 'Impresora 3D', 'Canon', 812313, 'En bodega', null),
('LK9903QL1248', 'Impresora', 'Epson', 171041, 'En venta', null),
('DQ3745UQ4406', 'Fax', 'Dell', 418975, 'Rentada', null),
('LY4958QS5819', 'Impresora', 'Epson', 56593, 'Rentada', null),
('SY2651DV1521', 'Impresora', 'Canon', 730179, 'Rentada', null),
('HP6225JA6420', 'Impresora', 'Canon', 263792, 'En bodega', null),
('EF9457RR115', 'Fotocopiadora', 'Dell', 415155, 'Rentada', null),
('QS9223NK8572', 'Duplicadora', 'Epson', 628946, 'Rentada', null),
('BN6018EJ9788', 'Fax', 'HP', 135417, 'Rentada', null),
('YX130PQ6374', 'Multifuncional', 'Canon', 466299, 'Rentada', null),
('WN646SO2327', 'Fotocopiadora', 'Brother', 119538, 'En venta', null),
('BE6336WM1669', 'Fax', 'Canon', 126343, 'Rentada', null),
('RM6364IA4841', 'Escaner', 'HP', 475768, 'Rentada', null),
('QK1723FW4102', 'Fax', 'HP', 191514, 'En venta', null),
('LL4122JI1075', 'Fax', 'Brother', 681456, 'Rentada', null),
('ME201UT391', 'Duplicadora', 'Dell', 281956, 'Rentada', null),
('DV4404FW181', 'Fax', 'Brother', 576006, 'En bodega', null),
('RX1490JC8082', 'Fax', 'Dell', 597353, 'En bodega', null),
('LJ8711FQ5544', 'Fax', 'Epson', 852968, 'En bodega', null),
('CC1372UQ1302', 'Fotocopiadora', 'Dell', 755413, 'En venta', null),
('FH3351QF9883', 'Ploter', 'Epson', 497120, 'En bodega', null),
('GY4713OA3548', 'Impresora 3D', 'Dell', 203406, 'En bodega', null),
('FF1643AC6844', 'Duplicadora', 'Brother', 843803, 'En venta', null),
('WH3425OO5430', 'Impresora', 'HP', 476212, 'En bodega', null),
('AN7232SD3520', 'Duplicadora', 'Dell', 950490, 'En venta', null),
('DU3239BU3459', 'Fotocopiadora', 'HP', 852678, 'En bodega', null),
('PK506DH2967', 'Multifuncional', 'Epson', 764500, 'Rentada', null),
('DP2642LP9440', 'Escaner', 'Canon', 521634, 'En bodega', null),
('YM2289RY626', 'Impresora', 'HP', 145970, 'Rentada', null),
('XS4664IL8866', 'Ploter', 'HP', 209761, 'En bodega', null),
('TC3959PA3798', 'Multifuncional', 'Epson', 161650, 'Rentada', null),
('EI7321VM764', 'Escaner', 'HP', 345538, 'En bodega', null),
('CU903CD8835', 'Ploter', 'Canon', 202764, 'En bodega', null),
('NK1454LY930', 'Duplicadora', 'Canon', 236862, 'Rentada', null),
('AJ6839MY6518', 'Fotocopiadora', 'HP', 399143, 'En bodega', null),
('UJ5472IV5176', 'Impresora', 'Epson', 424461, 'En venta', null),
('ST9932HM2269', 'Escaner', 'Dell', 502022, 'Rentada', null),
('YX5050UD9295', 'Impresora 3D', 'Epson', 339073, 'En venta', null),
('VM7845HC4264', 'Impresora 3D', 'Dell', 889334, 'En venta', null),
('UM2220GT7783', 'Fotocopiadora', 'HP', 637415, 'Rentada', null),
('JD7909TF9304', 'Impresora 3D', 'Brother', 610050, 'En venta', null),
('FR2502VJ4062', 'Fax', 'Canon', 120298, 'Rentada', null),
('WM457EQ3387', 'Impresora', 'HP', 428026, 'En venta', null),
('FH675ED903', 'Multifuncional', 'Dell', 945798, 'Rentada', null),
('NW7974XJ1283', 'Fax', 'Brother', 651048, 'Rentada', null),
('IP5661QX1074', 'Escaner', 'Epson', 941247, 'En venta', null),
('LM256CC7163', 'Impresora', 'Canon', 137184, 'En bodega', null),
('SP2576YU4821', 'Fax', 'HP', 189820, 'En venta', null),
('BQ5991YK6311', 'Duplicadora', 'Canon', 258271, 'En bodega', null),
('RC5466XN2751', 'Fotocopiadora', 'Canon', 720897, 'En venta', null),
('LI4307GB6311', 'Impresora 3D', 'Canon', 769279, 'Rentada', null),
('NU7492YW9880', 'Ploter', 'HP', 67850, 'Rentada', null);

insert into insumo values('24L5739', null),
('16L5814', null),
('48Q8763', null),
('63X4419', null),
('67A6728', null),
('38X763', null),
('33W7380', null),
('37O9196', null),
('18I9055', null),
('11V6150', null),
('11K5606', null),
('25N4444', null),
('28S608', null),
('85E1977', null),
('1M9178', null),
('33O9373', null),
('17R8215', null),
('60V3649', null),
('17A8387', null),
('87X7480', null),
('63E3690', null),
('18J6119', null),
('50V6884', null),
('73Q6569', null),
('23F1642', null),
('40Q6037', null),
('3D4732', null),
('9D9285', null),
('52D4032', null),
('82N6908', null),
('35B728', null),
('75U9144', null),
('40U6492', null),
('41V2256', null),
('75J8973', null),
('87K7082', null),
('54Q1411', null),
('78X1802', null),
('40K4707', null),
('27G3507', null),
('4W2760', null),
('34Q5638', null),
('19X4393', null),
('8U856', null),
('1C7692', null),
('97X1424', null),
('63P5071', null),
('7R1666', null),
('46I9891', null),
('71A9578', null),
('42W7955', null),
('26T7150', null),
('16M9682', null),
('86W1485', null),
('11S1306', null),
('24P1276', null),
('72E5897', null),
('13O5708', null),
('35C7542', null),
('73D5366', null),
('65B4497', null),
('30N7208', null),
('31U9625', null),
('89S8187', null),
('72E8959', null),
('75E4572', null),
('65C1691', null),
('85H6564', null),
('22F7416', null),
('65G251', null),
('64D8951', null),
('3W1493', null),
('54V1550', null),
('99H8798', null),
('88R1834', null),
('60N4761', null),
('67N2252', null),
('17C8129', null),
('15T9404', null),
('79E1081', null),
('1P7035', null),
('57G8773', null),
('86X7026', null),
('35Y728', null),
('7C4205', null),
('59P6145', null),
('61A3289', null),
('81B7684', null),
('55K8790', null),
('72V816', null),
('37O1192', null),
('93E8292', null),
('22C5228', null),
('1C1803', null),
('77H8581', null),
('95B5420', null),
('26E1811', null),
('66I7853', null),
('1L2853', null),
('96O3130', null),
('36S1887', null),
('98E1744', null),
('87O4909', null),
('19P6852', null),
('26D6823', null),
('39J2590', null),
('35I7370', null),
('35V4073', null),
('11F5721', null),
('91L1158', null),
('41L2048', null),
('84A529', null),
('23N6895', null),
('63M3187', null),
('33X1676', null),
('12L6903', null),
('69E6106', null),
('64P5717', null),
('18B899', null),
('90T1038', null),
('29T6551', null),
('5T1431', null),
('90D1515', null),
('48V649', null),
('39E5614', null),
('33N5994', null),
('52S6982', null),
('84E1552', null),
('7J3376', null),
('82P3411', null),
('94P1176', null),
('8K6391', null),
('25R7876', null),
('57W4387', null),
('86J6414', null),
('42D8881', null),
('4Q2136', null),
('29X2693', null),
('35O5730', null),
('61A8553', null),
('5B7942', null),
('72X4546', null),
('46S4405', null),
('94E1015', null),
('7J1382', null),
('1L5991', null),
('51S5766', null),
('58R8708', null),
('50U5143', null),
('57I3294', null),
('45C6235', null),
('62S7182', null),
('30O2564', null),
('96L1341', null),
('87R4632', null),
('37M1872', null),
('69L8451', null),
('18P5050', null),
('10G747', null),
('34V387', null),
('23B1644', null),
('4L8779', null),
('91J8162', null),
('54V5304', null),
('81C4345', null),
('97K8756', null),
('34L6332', null),
('47V2469', null),
('98N3205', null),
('82N3508', null),
('20V6922', null),
('37T9807', null),
('12Q7165', null),
('14N7300', null),
('54C9411', null),
('16L1643', null),
('98R7061', null),
('50P1579', null),
('88K939', null),
('68R3524', null),
('13D1979', null),
('23R9436', null),
('49D5427', null),
('65B2554', null),
('70V7374', null),
('18B8060', null),
('25Q6943', null),
('86J8238', null),
('7G9944', null),
('0U4214', null),
('71B2330', null),
('6H8825', null),
('81I4260', null),
('34N7710', null),
('69H8097', null),
('19C8172', null),
('61J6162', null),
('58Q7898', null),
('99D6559', null),
('23W8103', null),
('47W7901', null),
('57G8156', null),
('79R6241', null),
('38A1285', null),
('81I49', null),
('79K3395', null),
('9R1535', null),
('93S9609', null),
('93M5159', null),
('57E5565', null),
('77C6622', null),
('38A3074', null),
('32C8190', null),
('75T2176', null),
('82V8642', null),
('30B4189', null),
('35E8684', null),
('38T2817', null),
('10S5132', null),
('42K2871', null),
('84D9704', null),
('80F8697', null),
('29J715', null),
('50D6861', null),
('92G8528', null),
('88U179', null),
('40K8048', null),
('34J2642', null),
('84J4104', null),
('56I7330', null),
('42U8029', null),
('66A1864', null),
('12Y6257', null),
('53N8480', null),
('60J4262', null),
('10C8285', null),
('51D1659', null),
('30T1781', null),
('76B6780', null),
('3R207', null),
('39B1557', null),
('34A4784', null),
('33E23', null),
('60U3431', null),
('97S6254', null),
('59F7016', null),
('42T77', null),
('45F9716', null),
('90Q1353', null),
('12R566', null),
('54C6169', null),
('77L5742', null),
('72V753', null),
('13L3683', null),
('43K1423', null),
('98K7588', null),
('66P1412', null),
('0L2380', null),
('46O7867', null),
('79X5709', null),
('35K4858', null),
('87B5041', null),
('22I706', null),
('84Q5432', null),
('83C462', null),
('11L5041', null),
('66C6846', null),
('72O7950', null),
('51T5472', null),
('38B6375', null),
('38J2682', null),
('62Y6826', null),
('36Y6799', null),
('61V7291', null),
('51B6136', null),
('27U5012', null),
('12Y9563', null),
('48X6930', null),
('71E7963', null),
('64E7361', null),
('74A7399', null),
('92A9979', null),
('80G7304', null),
('83C3667', null),
('79I9519', null),
('7W4326', null),
('47K6504', null),
('71P7190', null),
('15C9531', null),
('21V6730', null),
('64E188', null),
('82D3712', null),
('60J1015', null),
('26J1488', null),
('90S3587', null),
('98Y6079', null),
('77P4864', null),
('14N7123', null),
('60Y5135', null),
('19G9268', null),
('96S3371', null),
('76R6067', null),
('1G8308', null),
('17E952', null),
('34E6084', null),
('85B2362', null),
('13K7738', null),
('27D2578', null),
('93S2414', null),
('44F2362', null),
('58E4566', null),
('97U5946', null),
('4O6001', null),
('18V3450', null),
('15E6072', null),
('78R306', null),
('56U5841', null),
('25K5750', null),
('42R4545', null),
('73S4953', null),
('54E9164', null),
('19R1864', null),
('2H428', null),
('18J2337', null),
('71L1079', null),
('29O9603', null),
('95H4705', null),
('36S6674', null),
('34A5968', null),
('88R2730', null),
('62B5554', null),
('15J3073', null),
('93D5646', null),
('21H4715', null),
('89U4262', null),
('56T2165', null),
('34Y9269', null),
('20T493', null),
('79A5387', null),
('48Q5238', null),
('70V12', null),
('79R1228', null),
('33M6183', null),
('18C4887', null),
('72H3493', null),
('24H7093', null),
('95E289', null),
('3M6167', null),
('89Q2963', null),
('85O3050', null),
('1N664', null),
('95A3253', null),
('97D6249', null),
('78V2640', null),
('0P6789', null),
('12B6614', null),
('44I9459', null),
('29W4784', null),
('79O1122', null),
('39L5682', null),
('23W2440', null),
('99M8587', null),
('48F9814', null),
('1K2046', null),
('35U997', null),
('56O1152', null),
('46U2678', null),
('98F8141', null),
('90X872', null),
('45X3402', null),
('95R7425', null),
('75Q6445', null),
('89E8472', null),
('16K8912', null),
('76T3145', null),
('58H4196', null),
('48O3368', null),
('35L744', null),
('63Y8058', null),
('20M8602', null),
('3K7539', null),
('58L1292', null),
('64G6513', null),
('14G7566', null),
('59E6381', null),
('99M136', null),
('32M255', null),
('36Q920', null),
('16H6473', null),
('42K4904', null),
('78M8938', null),
('58F7164', null),
('38W5100', null),
('57V139', null),
('53G4906', null),
('89D713', null),
('6J6532', null),
('67I9177', null),
('36J7225', null),
('1V4651', null),
('6C65', null),
('9E4027', null),
('87P9979', null),
('93B4000', null),
('8K4816', null),
('44S8271', null),
('8J9816', null),
('13R4483', null),
('76L6278', null),
('68L7958', null),
('70R7761', null),
('17M1811', null),
('65W9631', null),
('73V5512', null),
('45E277', null),
('91Q6461', null),
('59H4814', null),
('2X1649', null),
('4Y4593', null),
('10S8979', null),
('91W8349', null),
('59B304', null),
('27C3283', null),
('54X776', null),
('1R6930', null),
('11G1553', null),
('69V3106', null),
('63P5443', null),
('76C7767', null),
('47M7562', null),
('45G3104', null),
('57Y5565', null),
('37Q683', null),
('26U6528', null),
('65V6957', null),
('83G47', null),
('98K6975', null),
('85L9633', null),
('98K4594', null),
('36W6952', null),
('77R32', null),
('33I6012', null),
('75W8067', null),
('1C6836', null),
('76D2709', null),
('8E717', null),
('25Q6674', null),
('75V1603', null),
('14G6458', null),
('21U700', null),
('54R6354', null),
('4V3857', null),
('35F7219', null),
('53P3795', null),
('52V8321', null),
('0C1770', null),
('57D3069', null),
('55Q5715', null),
('47Q1973', null),
('84F4456', null),
('7Y8627', null),
('89E51', null),
('76S7051', null),
('94U2845', null),
('89G1215', null),
('77X6282', null),
('22V52', null),
('26H1079', null),
('46T3787', null),
('88P794', null),
('57T9910', null),
('42O3402', null),
('50J9599', null),
('31E5903', null),
('43L7925', null),
('8R1569', null),
('81I3652', null),
('0H1886', null),
('55C6956', null),
('98V7754', null),
('45S5885', null),
('8Y7028', null),
('54W4870', null),
('32R7969', null),
('79U1128', null),
('76U662', null),
('77I7249', null),
('78V994', null),
('82D813', null),
('22M4233', null),
('92B4349', null),
('82Q7812', null),
('47Q1442', null),
('95M5356', null),
('53M7333', null),
('76L6550', null),
('21U4812', null),
('10L9892', null),
('32C8739', null),
('99Q7930', null),
('51E4999', null),
('31S7024', null),
('43F2226', null),
('8Q6229', null),
('68K7103', null),
('55A2349', null),
('48Q6569', null),
('92N745', null),
('59X2744', null),
('38X3968', null),
('59V8907', null),
('80E2770', null),
('73G7321', null),
('33N6593', null),
('5O2260', null),
('62X3074', null),
('15R4026', null),
('60D8659', null),
('18O2297', null),
('82C4891', null),
('73P9618', null),
('90R7436', null),
('69N8359', null),
('63X7421', null),
('35O6955', null),
('68T7162', null),
('23W3751', null),
('1Y4835', null),
('42Q9279', null),
('40X5177', null),
('52E275', null),
('80M5784', null),
('26F1266', null),
('25Q1062', null),
('60C2041', null),
('68G8424', null),
('81E1830', null),
('89Y3788', null),
('71G3516', null),
('32O5945', null),
('30M3683', null),
('66F1880', null),
('27I6845', null),
('25S7605', null),
('20C4654', null),
('81T1578', null),
('45H3423', null),
('5H277', null),
('2J5772', null),
('15Y8008', null),
('89S4729', null),
('16I5500', null),
('57R1097', null),
('76R4371', null),
('1I7412', null),
('5H7038', null),
('98V4313', null),
('18I4123', null),
('48R7640', null),
('5J3951', null),
('13I7082', null),
('49Q1180', null),
('21V9704', null),
('42J4168', null),
('98M4152', null),
('6O3116', null),
('54Q3884', null),
('21O3574', null),
('16P222', null),
('10A2380', null),
('0H8566', null),
('31R5596', null),
('55X3569', null),
('82A515', null),
('23B1620', null),
('24T6307', null),
('10L1428', null),
('55H383', null),
('42G6043', null),
('22P30', null),
('62R2135', null),
('31P1407', null),
('97G4843', null),
('95V455', null),
('86L9021', null),
('42J2809', null),
('68O199', null),
('60I2261', null),
('50G1074', null),
('56S9865', null),
('14F1867', null),
('59O8243', null),
('45V5346', null),
('86S8162', null),
('63D9850', null),
('59O6958', null),
('8M6128', null),
('42B869', null),
('18W6319', null),
('24A5862', null),
('76I5880', null),
('87F4006', null),
('32I1802', null),
('14L4971', null),
('28G2915', null),
('40S4731', null),
('78K619', null),
('51D6020', null),
('67G846', null),
('75X7632', null),
('96K585', null),
('23R2129', null),
('79B4788', null),
('78F4020', null),
('44X1967', null),
('44M2988', null),
('38D9321', null),
('88D9240', null),
('7K694', null),
('50Y536', null),
('96I3203', null),
('1P2983', null),
('26H834', null),
('68K154', null),
('1L5852', null),
('66X7607', null),
('81B1320', null),
('1U2371', null),
('11S574', null),
('30A9471', null),
('90O1943', null),
('96G66', null),
('39K9562', null),
('80O8264', null),
('68F3590', null),
('29H6189', null),
('88S5639', null),
('45L9361', null),
('94W7756', null),
('70X6983', null),
('18I5768', null),
('78Q4168', null),
('42F301', null),
('65K5717', null),
('2H1317', null),
('5R3485', null),
('29T4466', null),
('99U1925', null),
('19C84', null),
('59W8876', null),
('12S8157', null),
('75J1155', null),
('30I5073', null),
('75R7044', null),
('7J474', null),
('75Q222', null),
('96S5039', null),
('73U2219', null),
('63V2507', null),
('37J2973', null),
('75Q1778', null),
('95T1544', null),
('54E7384', null),
('14B1560', null),
('61P9186', null),
('43D8478', null),
('22G4581', null),
('48L8212', null),
('8T9069', null),
('61V9207', null),
('43A3485', null),
('26V2532', null),
('90J8713', null),
('17T7055', null),
('45V1222', null),
('54U9281', null),
('44T5213', null),
('39X9908', null),
('44A9735', null),
('8C1687', null),
('58Q1556', null),
('41A5647', null),
('36L7128', null),
('5C5255', null),
('33E9466', null),
('3T587', null),
('2F8255', null),
('57A7079', null),
('95R4006', null),
('54P5922', null),
('79V9585', null),
('35D5676', null),
('82P4935', null),
('93Y7180', null),
('35B3308', null),
('19I6313', null),
('74F9827', null),
('18U1689', null),
('11D5706', null),
('67X6852', null),
('4D3941', null),
('2F9042', null),
('68H4787', null),
('54V9098', null),
('12V1860', null),
('63V9578', null),
('5D2164', null),
('44U655', null),
('83D5877', null),
('90R5868', null),
('78H4205', null),
('27F2293', null),
('13J6142', null),
('61I2207', null),
('88H7431', null),
('84U5818', null),
('76N7572', null),
('17W7118', null),
('76I3177', null),
('27C7455', null),
('15O8510', null),
('28L3860', null),
('81O6512', null),
('59L1735', null),
('29A6151', null),
('9R3944', null),
('8F4408', null),
('11G892', null),
('84E3717', null),
('43Q8660', null),
('60W8183', null),
('2N4764', null),
('26P4398', null),
('39K3609', null),
('80G5181', null),
('71K6209', null),
('15B7043', null),
('2Q1243', null),
('50N4728', null),
('36N7019', null),
('57Q8616', null),
('43M6413', null),
('12J3338', null),
('24V9354', null),
('67R8404', null),
('90G9929', null),
('36W4174', null),
('28T7672', null),
('17S8988', null),
('52C5118', null),
('14O5774', null),
('34L6174', null),
('25X8965', null),
('76Y2401', null),
('4R5027', null),
('73I6754', null),
('24D2437', null),
('58G6869', null),
('90N9416', null),
('51E2457', null),
('77W250', null),
('45Q3875', null),
('5B3510', null),
('95X1449', null),
('66I7993', null),
('98Y7622', null),
('62L4716', null),
('81M6486', null),
('28D5757', null),
('40D7775', null),
('47D3296', null),
('80A4898', null),
('72A4648', null),
('65U9063', null),
('24J1630', null),
('78E4081', null),
('31J5064', null),
('38O8906', null),
('5V7749', null),
('28G7493', null),
('6V1720', null),
('46P8035', null),
('20L8112', null),
('62O6157', null),
('43U444', null),
('50T9130', null),
('65A4657', null),
('39G679', null),
('92G1715', null),
('82L8461', null),
('44P1094', null),
('60M8766', null),
('12L5975', null),
('45R5537', null),
('86L3469', null),
('10M3254', null),
('55P5686', null),
('56B5767', null),
('66M9976', null),
('75H5647', null),
('86D9153', null),
('96N1121', null),
('90Q5033', null),
('74L162', null),
('94H1098', null),
('2Y3808', null),
('88Q2611', null),
('79G3278', null),
('39B4999', null),
('59Q7953', null),
('77O3828', null),
('48A3799', null),
('79R2184', null),
('44R4290', null),
('20W3792', null),
('32U8420', null),
('40K2678', null),
('66A2855', null),
('64L2707', null),
('16H7806', null),
('69Q2813', null),
('56K8694', null),
('77U6237', null),
('20Y8170', null),
('27M4600', null),
('54U5572', null),
('51I127', null),
('35M3371', null),
('61W1846', null),
('48I2699', null),
('14Y4078', null),
('27Q2508', null),
('21U8041', null),
('10K9450', null),
('8O9888', null),
('65B8029', null),
('56C998', null),
('80D3109', null),
('72W8843', null),
('27P9346', null),
('55O9249', null),
('49H4606', null),
('91J3370', null),
('23B6956', null),
('62R5202', null),
('94U7274', null),
('57J7947', null),
('99O2075', null),
('39J56', null),
('8R3604', null),
('83C4269', null),
('62B6772', null),
('7L5469', null),
('81O5014', null),
('43I5675', null),
('74K9619', null),
('34G6991', null),
('76W9626', null),
('56K5831', null),
('80Y1840', null),
('91X4248', null),
('62E3044', null),
('98N6671', null),
('99R8978', null),
('68U2889', null),
('36K7150', null),
('62V593', null),
('47B3060', null),
('54L3289', null),
('2I1897', null),
('37X1921', null),
('31Q280', null),
('67T1006', null),
('44V5121', null),
('46N2614', null),
('63Q9175', null),
('69A4004', null),
('49M5349', null),
('96X7243', null),
('55C4329', null),
('12P1625', null),
('28N2625', null),
('88F2216', null),
('33S564', null),
('71U327', null),
('89V2339', null),
('39A4270', null),
('26U2655', null),
('22M1172', null),
('7W7064', null),
('66S3215', null),
('78R5543', null),
('93P4078', null),
('39P1400', null),
('81T3938', null),
('38A61', null),
('65Q3825', null),
('45M4829', null),
('46F2664', null),
('63U9164', null),
('45W2822', null),
('54M7575', null),
('42A2475', null),
('14H9672', null),
('90S5626', null),
('25C4473', null),
('96D3085', null),
('51L4514', null),
('4Q230', null),
('65I1846', null),
('23C9880', null),
('26N486', null),
('83K1092', null),
('42A2388', null),
('25F7205', null),
('83Y6512', null),
('38V8942', null),
('42J3056', null),
('8P917', null),
('39J7419', null),
('56Q2328', null),
('34S974', null),
('51R5193', null),
('87I8211', null),
('51C5930', null),
('77E2334', null),
('95K8597', null),
('75Q3859', null),
('48Q633', null),
('27X9317', null),
('86Y4400', null),
('4Q9594', null),
('53J353', null),
('98I15', null),
('40O166', null),
('6E6711', null),
('64K621', null),
('11I6361', null),
('53F1589', null),
('43J8874', null),
('58D3926', null),
('5E5070', null),
('41W5591', null),
('76A3944', null),
('30K6821', null),
('35H6583', null),
('25O7676', null),
('65B6293', null),
('2Q3775', null),
('30T7024', null),
('39O8545', null),
('39M4647', null),
('79R2797', null),
('37I8163', null),
('91F4964', null),
('87I420', null),
('89R7804', null),
('26B384', null),
('42C9896', null),
('29A1570', null),
('57X2756', null),
('88C3665', null),
('41D6882', null),
('7A6950', null),
('66H2549', null),
('77N1561', null),
('78H3690', null),
('51S6178', null),
('57Y5659', null),
('66H3203', null),
('88S216', null),
('68O5', null),
('13T3548', null),
('33W8294', null),
('77W5642', null),
('2O6198', null),
('78N1832', null),
('60H120', null),
('1X9853', null),
('29V5929', null),
('67F8197', null),
('73Y1571', null),
('64D4116', null),
('10S5668', null),
('8E2080', null),
('88O9161', null),
('70L6010', null),
('79X9590', null),
('69Y1109', null),
('93C61', null),
('94M3617', null),
('3B7484', null),
('31M9295', null),
('48R7144', null),
('2G3974', null),
('61I3177', null),
('32N1984', null),
('14P7028', null),
('1E775', null),
('2V8454', null),
('62Q2569', null),
('95I6137', null),
('28L6340', null),
('27P7500', null),
('37P5961', null),
('20L9762', null),
('73F2832', null),
('39E6839', null),
('6A3807', null),
('34S9132', null),
('46F7742', null),
('24R5788', null),
('55M6484', null),
('21G1498', null),
('60G8625', null),
('99T2410', null),
('37E6834', null),
('48I8215', null),
('84D2094', null),
('92D9988', null),
('94Q665', null),
('37S5843', null),
('94K2078', null),
('87A8992', null),
('12D9009', null),
('49P5245', null),
('93R2326', null),
('0F9565', null),
('67K7139', null),
('10V3701', null),
('44N8184', null),
('23I9512', null),
('1S5339', null),
('44D5024', null),
('58C2616', null),
('97G2798', null),
('89K6434', null),
('42X2690', null),
('97L1493', null),
('56S3552', null),
('44N5084', null),
('42A970', null),
('38H3133', null),
('95M583', null),
('99M3824', null),
('53I9074', null),
('52S7100', null),
('12O7396', null),
('38M874', null),
('75N3297', null),
('33F7266', null),
('74U2727', null),
('3Q4695', null),
('72Y2182', null),
('54O4126', null),
('56P6575', null),
('44M316', null),
('45B9682', null),
('70H1368', null),
('8D6750', null),
('48T2406', null),
('46O1334', null),
('43V1710', null),
('87N923', null),
('17Q111', null),
('1X8442', null),
('20H6985', null),
('26Q9186', null),
('17N8649', null),
('75P5263', null),
('31S7493', null),
('59A2120', null),
('72X2659', null),
('37G4208', null),
('38I5599', null),
('89S9374', null),
('46B6311', null),
('76G4040', null),
('6D8603', null),
('17E3743', null),
('56J5173', null),
('14A6096', null),
('26E5857', null),
('97O5765', null),
('75G4836', null),
('68L3499', null),
('56R5144', null),
('70B3815', null),
('68C1292', null),
('11J8387', null),
('21P3315', null),
('15S4717', null),
('18T8083', null),
('83T2156', null),
('24X6182', null),
('81K9853', null),
('85U5190', null),
('99O3694', null),
('15N2670', null),
('35F1794', null),
('55E4694', null),
('5U639', null),
('82S8228', null),
('88U6419', null),
('22O8188', null),
('38I8638', null),
('89O2496', null),
('48K5565', null),
('57A948', null),
('29I3610', null),
('36S6228', null),
('41V5166', null),
('15S7865', null),
('5P2024', null),
('79U2481', null),
('57X3906', null),
('28R6128', null),
('46N4184', null),
('53P7048', null),
('75W7386', null),
('32F9671', null),
('36F5515', null),
('69W3165', null),
('3S2791', null),
('82F377', null),
('60M862', null),
('10W5461', null),
('0T9065', null),
('3T1036', null),
('8E6800', null),
('0E8176', null),
('19R7599', null),
('29E5065', null),
('19Y6945', null),
('73O2632', null),
('20S8424', null),
('78A7983', null),
('31Y5275', null),
('14K8963', null),
('13E6909', null),
('7F5646', null),
('78J2464', null),
('0Q7104', null),
('73A5973', null),
('14B4239', null),
('78F213', null),
('16I2035', null),
('74B8799', null),
('19Q7023', null),
('85Y8603', null),
('67D8287', null),
('3E7060', null),
('81A2845', null),
('27L1439', null),
('66Y8699', null),
('97U9647', null),
('8F1403', null),
('97L4621', null),
('20A2442', null),
('50Y6914', null),
('95F269', null),
('43M2503', null),
('89N7293', null),
('45B5424', null),
('52C8667', null),
('9Q7278', null),
('51Y1169', null),
('66M8202', null),
('74E3016', null),
('69L6355', null),
('22K7923', null),
('24C5501', null),
('85L9225', null),
('19N2756', null),
('2S2391', null),
('62I1071', null),
('29J6743', null),
('56P3516', null),
('69K9701', null),
('88B8941', null),
('42W9378', null),
('17J1087', null),
('91B3842', null),
('73H5702', null),
('64L7863', null),
('9G2757', null),
('99I481', null),
('75U3303', null),
('31J9184', null),
('92L3071', null),
('66Y9053', null),
('48C7355', null),
('12V7665', null),
('61S4267', null),
('57U9093', null),
('56Q5937', null),
('27E2812', null),
('71O9707', null),
('79E5839', null),
('76M3918', null),
('97K8917', null),
('72W5332', null),
('2F82', null),
('17W7783', null),
('94K1410', null),
('79G4111', null),
('88O7283', null),
('19N5961', null),
('12H4984', null),
('55Q8505', null),
('76Y943', null),
('66R9672', null),
('33K8462', null),
('28T5941', null),
('87F5227', null),
('86D9276', null),
('28J1436', null),
('21W2282', null),
('87D1858', null),
('61M1126', null),
('47U7652', null),
('23X8322', null),
('58P6253', null),
('23W9936', null),
('34L160', null),
('58O4274', null),
('32C7932', null),
('65C1651', null),
('43L3222', null),
('7M7273', null),
('43V172', null),
('32G1833', null),
('83F5972', null),
('25E6884', null),
('28S3928', null),
('29S4543', null),
('49T2839', null),
('13K3622', null),
('52O1009', null),
('13O6738', null),
('90C5726', null),
('79E5476', null),
('83M1508', null),
('95S3179', null),
('62K2949', null),
('58Y7439', null),
('88N493', null),
('31X6840', null),
('26J9929', null),
('22A9053', null),
('82D8961', null),
('25T9826', null),
('16B6646', null),
('48J4954', null),
('96C4038', null),
('11U9801', null),
('62X6849', null),
('76G3430', null),
('2I3448', null),
('59I6928', null),
('81O4026', null),
('22H7984', null),
('47I9234', null),
('53D6303', null),
('22P9128', null),
('84V6907', null),
('54W5735', null),
('94L914', null),
('81E5054', null),
('5F5855', null),
('32X6829', null),
('76Q96', null),
('68N2893', null),
('28X8442', null),
('45S7426', null),
('87N8495', null),
('43H4923', null),
('2G9827', null),
('95W4220', null),
('84M547', null),
('7A9368', null),
('86K8326', null),
('67T703', null),
('90O5458', null),
('64D1914', null),
('3Y17', null),
('81V1435', null),
('64X7692', null),
('27F8983', null),
('97J1359', null),
('13L565', null),
('0O7971', null),
('9X7761', null),
('25C4823', null),
('18I9622', null),
('95L9779', null),
('52V7989', null),
('68H2519', null),
('19U9556', null),
('42K6377', null),
('34H508', null),
('70G2847', null),
('12N2036', null),
('99B3322', null),
('26A7566', null),
('93S5139', null),
('23W5011', null),
('76K1497', null),
('25R9875', null),
('10O7322', null),
('82E7522', null),
('4X5648', null),
('25N5435', null),
('4E1581', null),
('58D8783', null),
('22W3426', null),
('78K5113', null),
('5Y3033', null),
('5O6504', null),
('39B9944', null),
('85K9973', null),
('43C6408', null),
('67D9487', null),
('19J2832', null),
('85P5373', null),
('32X5739', null),
('99E9469', null),
('47K2809', null),
('64M6817', null),
('64M2059', null),
('42U7232', null),
('5K4756', null),
('64O2562', null),
('50M4103', null),
('19E7959', null),
('36H4301', null),
('22M7983', null),
('55J7024', null),
('85P860', null),
('20J4910', null),
('98L6704', null),
('87N4110', null),
('90I8048', null),
('37T486', null),
('35C3473', null),
('84P6515', null),
('5X7679', null),
('39S8477', null),
('9W3807', null),
('49H5993', null),
('56F6338', null),
('7P8488', null),
('20P5386', null),
('81D5642', null),
('25D5702', null),
('25N1407', null),
('54L6216', null),
('60C3657', null),
('55Q8439', null),
('36E4035', null),
('1N4533', null),
('28I5086', null),
('25I8383', null),
('10X4221', null),
('44P5482', null),
('19E6602', null),
('27F9956', null),
('98A1511', null),
('89N9543', null),
('88P9273', null),
('9U1853', null),
('0H8303', null),
('89O7719', null),
('89H4349', null),
('33H9979', null),
('15B6504', null),
('90R8480', null),
('53G7048', null),
('89N4655', null),
('6G4704', null),
('75X1467', null),
('10V3361', null),
('17B7066', null),
('49S852', null),
('39B2951', null),
('18O4849', null),
('3X9982', null),
('97F5440', null),
('52Y8051', null),
('32X6468', null),
('73D7729', null),
('23W197', null),
('57F4715', null),
('79I2380', null),
('55V415', null),
('84A7289', null),
('58W4447', null),
('78C4791', null),
('53A7422', null),
('60B4029', null),
('37G4802', null),
('58F784', null),
('78W5153', null),
('20V8091', null),
('66I8637', null),
('30Q2167', null),
('94A4029', null),
('53F8237', null),
('49D5115', null),
('51X3321', null),
('23Y9758', null),
('35N5547', null),
('54I7475', null),
('43J2069', null),
('66O3846', null),
('57G159', null),
('78B2550', null),
('3C8538', null),
('77B8383', null),
('89U8518', null),
('1K7050', null),
('76Y7036', null),
('56L70', null),
('6M6129', null),
('76C5601', null),
('6S5941', null),
('99E8515', null),
('51D822', null),
('5T5540', null),
('59E589', null),
('61M3784', null),
('57M1524', null),
('50J3472', null),
('24X4176', null),
('83R8207', null),
('6M7536', null),
('33E8580', null),
('77B1663', null),
('23N7446', null),
('56B3319', null),
('69B7694', null),
('39Q1695', null),
('56W5817', null),
('87U3791', null),
('90J7121', null),
('80L1523', null),
('78O873', null),
('33R5129', null),
('98X6228', null),
('29T9936', null),
('81U2242', null),
('25C6075', null),
('14P7790', null),
('23T3196', null),
('30Y9726', null),
('18X4761', null),
('54E84', null),
('65P8991', null),
('6B5655', null),
('33K6028', null),
('98S5755', null),
('24V3386', null),
('60M6501', null),
('82M4264', null),
('91F2427', null),
('35N5786', null),
('24H8745', null),
('10M6744', null),
('35S82', null),
('51L6907', null),
('45V4010', null),
('11V2477', null),
('9X190', null),
('91Q4751', null),
('64P8446', null),
('72H1566', null),
('89V1599', null),
('36N3597', null),
('19B1372', null),
('90E74', null),
('87F8186', null),
('28F993', null),
('4M8180', null),
('6D5391', null),
('92I3258', null),
('10A7753', null),
('40Q2495', null),
('26D7119', null),
('38S5720', null),
('76R5972', null),
('11P2591', null),
('52L8461', null),
('63B2993', null),
('61X43', null),
('1P7066', null),
('93L3111', null),
('98P5696', null),
('32Q5676', null),
('8I4779', null),
('4W2667', null),
('54X9084', null),
('28O1939', null),
('52A4036', null),
('92J9534', null),
('30B6236', null),
('1M1291', null),
('61B6041', null),
('47H349', null),
('22W8018', null),
('3X2637', null),
('53I7604', null),
('50N4906', null),
('59L4783', null),
('74N2379', null),
('93E8103', null),
('5E5590', null),
('25U4849', null),
('77O8482', null),
('51V5707', null),
('37U2325', null),
('28H4718', null),
('29M2547', null),
('27W7859', null),
('26N8018', null),
('40B6063', null),
('93N4889', null),
('85C1006', null),
('5W9523', null),
('87C4469', null),
('50C7625', null),
('47S4606', null),
('85O9104', null),
('13U4934', null),
('38P770', null),
('6B4369', null),
('59S1412', null),
('94P9123', null),
('78W6340', null),
('89U9781', null),
('17E962', null),
('25F9388', null),
('53W5459', null),
('38C861', null),
('49H5130', null),
('53G4537', null),
('87I3485', null),
('55X9197', null),
('66X7645', null),
('92F2366', null),
('68J8130', null),
('49M8227', null),
('89S7596', null),
('73V3950', null),
('79G5598', null),
('54G7780', null),
('72I8947', null),
('84A4683', null),
('66D9726', null),
('53B7881', null),
('94O5554', null),
('46R7092', null),
('13N9135', null),
('64V6804', null),
('73F6699', null),
('72R390', null),
('66L7383', null),
('41A8392', null),
('57L8123', null),
('62N1800', null),
('49U1139', null),
('26E3628', null),
('36H3572', null),
('94X4633', null),
('37K1350', null),
('29C1470', null),
('32Q1848', null),
('37I8124', null),
('23Q2422', null),
('52R3934', null),
('9J4371', null),
('60F4021', null),
('34L4414', null),
('38C450', null),
('58N8245', null),
('74Q4942', null),
('49Y3231', null),
('71C6459', null),
('6E9836', null),
('62E9479', null),
('60P3828', null),
('94K1282', null),
('0K3853', null),
('45A9070', null),
('40R1426', null),
('88M237', null),
('11H2941', null),
('30A1616', null),
('51P5730', null),
('58A6017', null),
('17M2780', null),
('1Q6873', null),
('57M3155', null),
('80Y4330', null),
('5D7693', null),
('93P8582', null),
('86K2067', null),
('72N8789', null),
('52N1757', null),
('3L8377', null),
('84B6023', null),
('4H68', null),
('25Q431', null),
('85I6432', null),
('28Y23', null),
('43P4307', null),
('55T7681', null),
('83I3881', null),
('28I4770', null),
('40A5783', null),
('41X3622', null),
('56Q1985', null),
('84E3937', null),
('42U8837', null),
('19M7665', null),
('25G3066', null),
('39F9443', null),
('56U4049', null),
('64A2165', null),
('25N8188', null),
('86D9733', null),
('30F3691', null),
('55J1590', null),
('74P6608', null),
('63K6072', null),
('94T1413', null),
('75E2184', null),
('47G1974', null),
('10R1840', null),
('11S1212', null),
('77K7151', null),
('70O289', null),
('14Q9840', null),
('90L635', null),
('79K2333', null),
('11T4628', null),
('9F2614', null),
('10N3261', null),
('27Y7407', null),
('5T1611', null),
('72T760', null),
('9T5424', null),
('88A7588', null),
('60Q4643', null),
('73K4267', null),
('75P2203', null),
('12A831', null),
('7G8901', null),
('12T1848', null),
('11H7671', null),
('22N5552', null),
('34C3085', null),
('19S3288', null),
('1R4393', null),
('74U3853', null),
('50W2928', null),
('44H9796', null),
('41S7192', null),
('43A5250', null),
('46K1454', null),
('98X7366', null),
('85L6164', null),
('84N5917', null),
('83P1011', null),
('95W8147', null),
('44T3958', null),
('10L8430', null),
('74I2044', null),
('37O4817', null),
('5W2309', null),
('57N7026', null),
('94G3635', null),
('5O2968', null),
('3F2833', null),
('56I3361', null),
('84G803', null),
('95H6502', null),
('16A7074', null),
('96N7787', null),
('87K3555', null),
('51B1025', null),
('5W814', null),
('96Q1129', null),
('73W2699', null),
('52T258', null),
('82P7638', null),
('61D1968', null),
('96T7414', null),
('93A454', null),
('28Q6761', null),
('57G4442', null),
('43A9578', null),
('20O7817', null),
('27P104', null),
('59U1541', null),
('14Q9851', null),
('55X3938', null),
('60U3638', null),
('30X8923', null),
('95R524', null),
('81O4231', null),
('11G7981', null),
('62V4231', null),
('56J113', null),
('17O4381', null),
('35I3249', null),
('55K6914', null),
('50N4724', null),
('46C9797', null),
('33Y3175', null),
('54N3567', null),
('36P1166', null),
('41S3078', null),
('97A3473', null),
('23D3768', null),
('95F6828', null),
('42F4479', null),
('57E9471', null),
('91A1430', null),
('81L1308', null),
('23U393', null),
('94B7998', null),
('9M6655', null),
('55L4807', null),
('24B4832', null),
('65J8524', null),
('1V3102', null),
('61T8277', null),
('63E8929', null),
('88Y8564', null),
('21H5857', null),
('85D321', null),
('12U3429', null),
('35P8339', null),
('97D4814', null),
('49C5865', null),
('64N9206', null),
('95I9693', null),
('89H8566', null),
('95K1574', null),
('51O779', null),
('40G4264', null),
('24X3797', null),
('3M3031', null),
('60K7833', null),
('54H5927', null),
('61J5187', null),
('95O8677', null),
('99N9757', null),
('78O2473', null),
('21P826', null),
('76U5506', null),
('61B8180', null),
('11B1567', null),
('43M8132', null),
('63Q1514', null),
('37O2524', null),
('23G5950', null),
('18V5276', null),
('47E9912', null),
('28S3554', null),
('35M2905', null),
('43H3121', null),
('45Q95', null),
('5B9950', null),
('2Q2980', null),
('51R2664', null),
('82P367', null),
('71U2873', null),
('61M2966', null),
('62Q2983', null),
('70Y7426', null),
('66S3544', null),
('96G8135', null),
('9P4702', null),
('14C7602', null),
('77R8837', null),
('51X8737', null),
('92R3950', null),
('4S4862', null),
('90X9869', null),
('69A5755', null),
('97K1843', null),
('54S565', null),
('52L8606', null),
('83I910', null),
('48A4460', null),
('13V9976', null),
('67G7472', null),
('19B5940', null),
('29U8335', null),
('24G541', null),
('2A6971', null),
('68R6115', null),
('26A6454', null),
('62A6915', null),
('41D6308', null),
('57J3033', null),
('49N9762', null),
('14P7755', null),
('28P2029', null),
('90I1656', null),
('77P9175', null),
('39C9264', null),
('75Y9659', null),
('3I6611', null),
('72S3100', null),
('67F492', null),
('50H3355', null),
('68L2749', null),
('20F5467', null),
('92Q5405', null),
('34F8562', null),
('21S4963', null),
('49K9261', null),
('86V6699', null),
('57W2679', null),
('46J2258', null),
('65W573', null),
('12W6382', null),
('0B8732', null),
('67S1085', null),
('65H8146', null),
('67H8104', null),
('81B7056', null),
('9N2930', null),
('73T3437', null),
('16O6258', null),
('3A9985', null),
('65K1161', null),
('52V6188', null),
('58A6823', null),
('94T4544', null),
('23K2133', null),
('34V498', null),
('78Q4979', null),
('91B8162', null),
('10M5551', null),
('34Q6407', null),
('42C4472', null),
('35S2375', null),
('95S9091', null),
('73S1992', null),
('70M3737', null),
('5T9554', null),
('99Y2278', null),
('93A957', null),
('48P3782', null),
('56L7629', null),
('70F4621', null),
('80X750', null),
('32Y2826', null),
('1U7824', null),
('75O3012', null),
('66O6171', null),
('79T2702', null),
('99I407', null),
('39D3370', null),
('63H3498', null),
('71N2008', null),
('82T3433', null),
('12Y1559', null),
('56M115', null),
('74A1021', null),
('92X9510', null),
('81L8550', null),
('32R4653', null),
('81M3372', null),
('57E5562', null),
('11N4847', null),
('79V2634', null),
('92Q9472', null),
('73Q606', null),
('29D9174', null),
('3Y2626', null),
('84O6698', null),
('31O6534', null),
('34B6410', null),
('32B7902', null),
('15H1343', null),
('43P6907', null),
('57M9794', null),
('27C8615', null),
('10V7313', null),
('17F8745', null),
('46F2377', null),
('83Q9470', null),
('90H6593', null),
('34V2343', null),
('96H2738', null),
('44M7911', null),
('84S6459', null),
('69P4079', null),
('2R9956', null),
('92M7814', null),
('79G8461', null),
('13M7237', null),
('72J2842', null),
('67Y3690', null),
('52L4150', null),
('46U5838', null),
('45A8423', null),
('51A387', null),
('45H2576', null),
('3P6475', null),
('75H4692', null),
('84L3316', null),
('23N4534', null),
('96H3163', null),
('29G2607', null),
('51T4165', null),
('65D8571', null),
('31X184', null),
('41Q2355', null),
('90H7139', null),
('46P3755', null),
('72U7958', null),
('79L8873', null),
('79D696', null),
('55K4192', null),
('7Y6903', null),
('75U1620', null),
('41P9795', null),
('98R313', null),
('63V4316', null),
('63T3615', null),
('30Q3651', null),
('35Q1910', null),
('18O9257', null),
('83G4730', null),
('34Y4000', null),
('10G7929', null),
('60U440', null),
('93H4238', null),
('55Y8869', null),
('9D8032', null),
('52F2134', null),
('43K7623', null),
('13L6854', null),
('12C902', null),
('37E3069', null),
('58W2645', null),
('25U6909', null),
('75Y4315', null),
('50G3354', null),
('89O9665', null),
('1Q8639', null),
('2X1971', null),
('70B4399', null),
('68J1223', null),
('25J8101', null),
('56V2074', null),
('79S6847', null),
('29K5885', null),
('49G4115', null),
('45R2680', null),
('66V1511', null),
('38W1331', null),
('71R86', null),
('60M8794', null),
('30Y8323', null),
('85F1716', null),
('25R6323', null),
('89Q6234', null),
('30K8290', null),
('86M4283', null),
('56U7876', null),
('66S7242', null),
('40A3451', null),
('53X229', null),
('11A2878', null),
('15H2865', null),
('46B9854', null),
('63I4839', null),
('11I6394', null),
('25S7080', null),
('45R8528', null),
('99X1867', null),
('38D4776', null),
('7V7691', null),
('94F9474', null),
('1K7187', null),
('4I5528', null),
('0L8972', null),
('54N3654', null),
('69Q6686', null),
('40H7683', null),
('47Q1076', null),
('84G7998', null),
('93G3432', null),
('56I7678', null);

insert into empresa values
(7591011532, 1765401105, "Caldas"),
(4636520906, 1765408353, "CARIBE DE TRANSPORTES S.A.S"),
(8351344782, 1775184557, "CONEXIÓN EMPLEO"),
(9307042574, 1775536317, "GARAJES PREFABRICADOS"),
(6186901571, 1777765782, "RYC CONSULTORES EMPRESARIALES SAS"),
(0700714596, 1783260778, "PERCEPTIO SAS"),
(6579161930, 1783557321, "TEMPORAL PTA"),
(4528097680, 1784875526, "MENTES PSICODINAMICAS"),
(1579037586, 1800765267, "ESPACIO EMPRESARIAL"),
(0282338368, 1801180045, "ESPACIO EMPRESARIAL"),
(4367346248, 1801210804, "G4S SECURE SOLUTIONS"),
(3647055692, 1802022777, "COOPERATIVA SERTRANS"),
(2156026255, 1802068400, "COOPERATIVA SERTRANS"),
(6156889503, 1806145541, "TRANSPORTES BUCAROS"),
(9916514730, 1807334787, "ARQUITECTURA DEL TALENTO"),
(9617622595, 1810540653, "DESARROLLO COMERCIAL S.A.S"),
(1511604088, 1812658428, "LANDTRAVEL LTDA Hoteleria y Turismo"),
(9763191517, 1814535606, "COMERCIAL CYKO SAS"),
(9827809820, 1815164450, "ACTUANDO LIMITADA"),
(1031367114, 1816143086, "PROCADE HUMANIDAD"),
(8037051829, 1817181701, "ASESORES INTEGRALES EN TALENTO HUMANO"),
(6151656699, 1821825667, "COLEGIO REINA DE GALES S EN C"),
(9152430527, 1822850174, "MEDIDAS ELECTRICAS INGENIERIA"),
(7358057534, 1823223701, "GRUPO EMPRESARIAL P&P S.A.S"),
(7752301462, 1823247458, "SECOI LTDA"),
(5261407976, 1825121418, "SUPERDROGASDEL VALLELA MEJOR"),
(1630844328, 1825408814, "GIRARTEX S.A.S. Industrial"),
(8835285566, 1828134270, "DATASAVE MEDICAL"),
(7061959401, 1830887468, "GRUPO EMPRESARIAL P&P"),
(4279444630, 1832225600, "COMUNICACIONES ESTRATEGICAS Y EFECTIVAS SAS"),
(0262041359, 1836778856, "SOCODEVI"),
(6685163882, 1842385617, "UNIVERSIDAD PONTIFICIA BOLIVARIANA"),
(0654265495, 1843876165, "NETSEC LTDA"),
(1653255599, 1847530581, "EQUIPO DE GESTIÓN HUMANA TEMPORAL"),
(8289093933, 1847818067, "SERVIMOS TEMPORALES"),
(2497584569, 1851735512, "COMERCIALIZADORA SURTI T.A.T. S.A.S."),
(6436909344, 1854470265, "RED BIOMEDICA SAS"),
(8681033918, 1858540325, "KOTARCOLOMBIA SAS"),
(2902488951, 1870455770, "COOPSOLISERV"),
(4676964236, 1872400663, "P.O.P. SURAMERICANA SAS"),
(9126917120, 1875232711, "GTA COLOMBIA SAS"),
(5015419492, 1878827761, "MACROSERVICIOS INTEGRALES SA"),
(4512815575, 1880242116, "LATIN RENT A CAR COLOMBIA S.A.S."),
(6587093568, 1881331571, "CIRCOMER"),
(8842204359, 1881733243, "EMPRESA DE TRANSPORTES SANTIAGO DE CALI ALAMEDA S.A."),
(9420030835, 1882031478, "LE CHARIOT CREPES"),
(4880101872, 1883721628, "ISTRIALGUSTO"),
(7185881341, 1884037740, "SOLUCIONES LABORALES"),
(6572281362, 1885102628, "PROJECT BPO S.A.S."),
(1085932915, 1885785884, "EL POMAR S.A")
;

insert into empresaCliente values(9307042574),
(6186901571),
(0700714596),
(6579161930),
(4528097680),
(0282338368),
(4367346248),
(3647055692),
(2156026255),
(6156889503),
(9916514730),
(1511604088),
(9763191517),
(9827809820),
(1031367114),
(6151656699),
(9152430527),
(7358057534),
(1630844328),
(8835285566),
(7061959401),
(4279444630),
(0262041359),
(6685163882),
(0654265495),
(1653255599),
(8681033918),
(2902488951),
(4676964236),
(9126917120),
(5015419492),
(4512815575),
(6587093568),
(8842204359),
(9420030835),
(4880101872),
(7185881341),
(1085932915);

insert into proveedor values(7591011532),
(4636520906),
(8351344782),
(9307042574),
(0700714596),
(4528097680),
(1579037586),
(4367346248),
(3647055692),
(9617622595),
(9827809820),
(1031367114),
(8037051829),
(7358057534),
(7752301462),
(5261407976),
(1630844328),
(4279444630),
(6685163882),
(8289093933),
(2497584569),
(6436909344),
(8681033918),
(5015419492),
(9420030835),
(7185881341),
(6572281362),
(1085932915);

insert into sede values(1, 7591011532, 42762310, 'Avenida 84 N° 196-20'),
(2, 7591011532, 56052909, 'Avenida 103 No 102-92'),
(3, 7591011532, 79573082, 'Diagonal 42 # 130-16'),
(1, 4636520906, 37581408, 'Transversal 85 No 115-141'),
(1, 9126917120, 38192932, 'Transversal 66 # 52-44'),
(2, 4636520906, 13171822, 'Diagonal 58 N° 135-143'),
(1, 8351344782, 43904026, 'Transversal 66 # 52-45'),
(2, 8351344782, 51727573, 'Carrera 14 # 131-191'),
(3, 8351344782, 16213129, 'Calle 119 # 119-49'),
(4, 8351344782, 07839434, 'Transversal 5 # 199-166'),
(5, 8351344782, 96730847, 'Diagonal 150 N° 165-54'),
(6, 8351344782, 45427917, 'Carrera 46 No 142-98'),
(1, 9307042574, 54296529, 'Avenida 3 No 112-108'),
(2, 9307042574, 38484232, 'Transversal 183 N° 162-13'),
(3, 9307042574, 59326591, 'Avenida 175 N° 114-34'),
(4, 9307042574, 94012573, 'Carrera 14 # 15-3'),
(5, 9307042574, 40416445, 'Diagonal 183 # 186-161'),
(6, 9307042574, 92160678, 'Avenida 66 # 189-26'),
(7, 9307042574, 92085643, 'Carrera 20 N° 147-113'),
(8, 9307042574, 22620196, 'Diagonal 198 No 175-14'),
(1, 6186901571, 13875942, 'Avenida 24 N° 2-60'),
(2, 6186901571, 48300893, 'Carrera 69 No 48-105'),
(3, 6186901571, 93161881, 'Diagonal 110 No 9-189'),
(4, 6186901571, 29305438, 'Carrera 176 N° 122-50'),
(5, 6186901571, 07392980, 'Avenida 162 N° 107-90'),
(6, 6186901571, 83297163, 'Calle 57 N° 173-8'),
(7, 6186901571, 43174525, 'Calle 73 # 186-157'),
(1, 0700714596, 93561941, 'Diagonal 143 No 47-104'),
(2, 0700714596, 93724734, 'Avenida 47 No 93-113'),
(3, 0700714596, 18069502, 'Diagonal 199 N° 94-172'),
(4, 0700714596, 36402935, 'Avenida 55 No 107-22'),
(5, 0700714596, 52331479, 'Transversal 151 No 200-128'),
(6, 0700714596, 35793408, 'Avenida 17 # 158-19'),
(7, 0700714596, 35720262, 'Avenida 16 N° 154-121'),
(8, 0700714596, 32146453, 'Avenida 189 # 17-155'),
(1, 6579161930, 91066569, 'Carrera 81 No 137-164'),
(2, 6579161930, 99059197, 'Calle 140 No 187-59'),
(3, 6579161930, 72520510, 'Avenida 43 # 79-56'),
(4, 6579161930, 23315485, 'Calle 91 # 146-149'),
(1, 4528097680, 40375905, 'Diagonal 29 No 53-130'),
(2, 4528097680, 12213766, 'Diagonal 175 N° 120-148'),
(3, 4528097680, 79655741, 'Diagonal 58 No 32-91'),
(4, 4528097680, 81146079, 'Calle 11 N° 105-101'),
(1, 1579037586, 05099422, 'Avenida 117 No 107-96'),
(2, 1579037586, 46081181, 'Transversal 13 No 42-63'),
(3, 1579037586, 70663532, 'Carrera 197 No 71-150'),
(4, 1579037586, 45274017, 'Diagonal 174 N° 163-66'),
(5, 1579037586, 35348244, 'Avenida 2 N° 30-68'),
(6, 1579037586, 00584348, 'Transversal 146 # 151-31'),
(7, 1579037586, 30711595, 'Transversal 134 N° 4-90'),
(8, 1579037586, 99957805, 'Transversal 172 N° 136-7'),
(1, 0282338368, 23703344, 'Avenida 144 N° 67-79'),
(2, 0282338368, 07918195, 'Carrera 117 No 170-193'),
(3, 0282338368, 64580459, 'Carrera 101 # 194-30'),
(4, 0282338368, 76233898, 'Transversal 98 No 121-27'),
(5, 0282338368, 39491780, 'Carrera 28 N° 113-68'),
(1, 4367346248, 69073694, 'Carrera 127 N° 60-1'),
(2, 4367346248, 71015668, 'Carrera 128 # 83-151'),
(3, 4367346248, 51103876, 'Avenida 147 No 47-51'),
(4, 4367346248, 10037883, 'Avenida 104 # 153-175'),
(5, 4367346248, 44775608, 'Transversal 25 # 26-50'),
(6, 4367346248, 95829742, 'Transversal 89 N° 129-75'),
(1, 3647055692, 19539516, 'Calle 91 N° 80-190'),
(2, 3647055692, 20630805, 'Carrera 122 # 49-172'),
(1, 2156026255, 47574748, 'Avenida 35 No 3-179'),
(2, 2156026255, 35917687, 'Carrera 60 # 31-136'),
(3, 2156026255, 89511634, 'Diagonal 184 N° 61-135'),
(4, 2156026255, 76149155, 'Avenida 180 N° 91-10'),
(5, 2156026255, 16749684, 'Diagonal 99 N° 96-133'),
(6, 2156026255, 65109076, 'Diagonal 80 # 132-127'),
(7, 2156026255, 35846546, 'Avenida 23 No 24-16'),
(8, 2156026255, 40129221, 'Carrera 118 No 197-65'),
(1, 6156889503, 45091700, 'Transversal 68 N° 200-78'),
(2, 6156889503, 88093534, 'Diagonal 10 # 87-181'),
(3, 6156889503, 76429181, 'Carrera 28 # 97-12'),
(4, 6156889503, 65161043, 'Diagonal 155 N° 172-48'),
(5, 6156889503, 49055799, 'Carrera 28 # 191-147'),
(6, 6156889503, 19926862, 'Calle 68 No 176-127'),
(7, 6156889503, 17878156, 'Diagonal 162 No 92-196'),
(1, 9916514730, 60578327, 'Avenida 47 # 101-6'),
(2, 9916514730, 12524556, 'Transversal 115 No 11-159'),
(3, 9916514730, 72427680, 'Diagonal 5 N° 72-41'),
(4, 9916514730, 75046248, 'Calle 149 N° 185-2'),
(1, 9617622595, 88026808, 'Carrera 172 No 80-85'),
(1, 1511604088, 72286280, 'Avenida 198 # 165-107'),
(2, 1511604088, 78200773, 'Diagonal 70 No 35-65'),
(3, 1511604088, 20872674, 'Carrera 163 N° 55-75'),
(4, 1511604088, 11194877, 'Diagonal 105 N° 187-108'),
(5, 1511604088, 65218175, 'Carrera 82 N° 135-181'),
(6, 1511604088, 48372452, 'Transversal 63 N° 11-68'),
(7, 1511604088, 92823551, 'Avenida 156 N° 188-116'),
(1, 9763191517, 74195345, 'Transversal 76 # 196-63'),
(2, 9763191517, 65103865, 'Avenida 66 No 190-86'),
(3, 9763191517, 50111585, 'Avenida 186 No 36-16'),
(4, 9763191517, 45214628, 'Diagonal 21 No 177-107'),
(5, 9763191517, 42202941, 'Carrera 193 # 112-157'),
(6, 9763191517, 56973510, 'Transversal 27 # 81-160'),
(7, 9763191517, 25502931, 'Calle 186 No 76-72'),
(1, 9827809820, 29002963, 'Avenida 2 N° 68-45'),
(2, 9827809820, 71012310, 'Calle 2 # 2-140'),
(3, 9827809820, 32984898, 'Transversal 163 N° 74-114'),
(4, 9827809820, 35707906, 'Carrera 6 No 110-118'),
(5, 9827809820, 34685124, 'Diagonal 127 No 200-17'),
(6, 9827809820, 04003932, 'Calle 82 # 176-144'),
(7, 9827809820, 68382126, 'Avenida 83 # 125-43'),
(8, 9827809820, 56029381, 'Calle 200 # 96-192'),
(9, 9827809820, 98280917, 'Transversal 172 N° 14-20'),
(1, 1031367114, 18815876, 'Calle 149 # 192-112'),
(2, 1031367114, 74596316, 'Avenida 42 No 156-80'),
(3, 1031367114, 61885697, 'Carrera 26 No 83-126'),
(4, 1031367114, 87451528, 'Calle 159 N° 8-185'),
(1, 8037051829, 17656780, 'Calle 9 # 133-95'),
(2, 8037051829, 60877179, 'Transversal 141 N° 154-32'),
(1, 6151656699, 31498291, 'Diagonal 67 N° 63-14'),
(2, 6151656699, 16345825, 'Diagonal 126 No 74-75'),
(3, 6151656699, 94152177, 'Diagonal 131 No 56-184'),
(4, 6151656699, 03713397, 'Calle 94 # 50-33'),
(1, 9152430527, 62547207, 'Transversal 131 No 28-18'),
(2, 9152430527, 34495966, 'Carrera 49 N° 173-10'),
(3, 9152430527, 88047930, 'Avenida 151 No 84-38'),
(4, 9152430527, 22655112, 'Diagonal 52 # 191-170'),
(5, 9152430527, 84959466, 'Avenida 143 N° 101-70'),
(6, 9152430527, 40286898, 'Diagonal 128 N° 196-76'),
(7, 9152430527, 29637407, 'Carrera 36 # 29-155'),
(8, 9152430527, 88082159, 'Calle 154 # 125-159'),
(9, 9152430527, 07629097, 'Diagonal 18 No 149-11'),
(1, 7358057534, 54196881, 'Avenida 63 # 16-62'),
(2, 7358057534, 16938113, 'Avenida 54 N° 117-171'),
(3, 7358057534, 25422924, 'Carrera 1 N° 73-124'),
(4, 7358057534, 39905399, 'Calle 82 # 107-163'),
(5, 7358057534, 29151300, 'Calle 128 # 195-69'),
(6, 7358057534, 50676259, 'Carrera 2 N° 19-31'),
(1, 7752301462, 05385134, 'Avenida 200 No 121-109'),
(1, 5261407976, 90865786, 'Avenida 170 N° 144-150'),
(2, 5261407976, 79536449, 'Transversal 158 N° 99-191'),
(3, 5261407976, 98964688, 'Calle 44 No 106-151'),
(4, 5261407976, 71684024, 'Carrera 29 No 171-171'),
(5, 5261407976, 13813451, 'Diagonal 80 No 40-196'),
(1, 1630844328, 42854088, 'Avenida 78 # 30-62'),
(2, 1630844328, 69008599, 'Carrera 10 N° 41-131'),
(3, 1630844328, 14413802, 'Calle 95 N° 192-36'),
(4, 1630844328, 09605161, 'Carrera 180 No 21-176'),
(5, 1630844328, 94875724, 'Avenida 96 N° 15-6'),
(6, 1630844328, 22001931, 'Diagonal 69 N° 150-79'),
(7, 1630844328, 83326427, 'Transversal 92 N° 62-71'),
(8, 1630844328, 71903546, 'Transversal 159 No 126-134'),
(9, 1630844328, 90192208, 'Avenida 134 N° 82-55'),
(1, 8835285566, 96109199, 'Avenida 157 # 36-20'),
(1, 7061959401, 24038701, 'Carrera 200 N° 171-60'),
(2, 7061959401, 25420416, 'Transversal 76 # 81-82'),
(3, 7061959401, 63571751, 'Calle 97 N° 192-167'),
(4, 7061959401, 61712161, 'Avenida 101 # 41-7'),
(5, 7061959401, 17851307, 'Avenida 196 # 110-57'),
(6, 7061959401, 62682631, 'Diagonal 193 # 158-101'),
(1, 4279444630, 82177181, 'Transversal 178 # 130-126'),
(1, 0262041359, 61403836, 'Carrera 137 # 197-193'),
(2, 0262041359, 63850666, 'Transversal 170 N° 178-75'),
(3, 0262041359, 74522146, 'Carrera 186 No 117-43'),
(4, 0262041359, 59409431, 'Calle 21 N° 129-9'),
(5, 0262041359, 68830982, 'Diagonal 112 N° 22-188'),
(6, 0262041359, 68314272, 'Avenida 192 # 87-175'),
(1, 6685163882, 99674250, 'Carrera 111 # 56-116'),
(2, 6685163882, 51550003, 'Calle 20 # 75-194'),
(3, 6685163882, 28616829, 'Transversal 45 # 195-81'),
(4, 6685163882, 77112887, 'Calle 102 No 136-26'),
(5, 6685163882, 90085130, 'Avenida 109 No 108-99'),
(6, 6685163882, 78174056, 'Avenida 146 # 27-122'),
(7, 6685163882, 01307975, 'Avenida 162 No 14-5'),
(8, 6685163882, 61601076, 'Diagonal 67 N° 37-11'),
(1, 0654265495, 15710493, 'Transversal 76 N° 119-22'),
(2, 0654265495, 92727181, 'Calle 120 No 25-88'),
(3, 0654265495, 11956846, 'Calle 34 No 9-173'),
(4, 0654265495, 77813874, 'Diagonal 41 # 59-6'),
(5, 0654265495, 25326173, 'Carrera 38 N° 104-50'),
(6, 0654265495, 16470455, 'Calle 2 No 94-58'),
(7, 0654265495, 90520429, 'Diagonal 94 N° 130-33'),
(1, 1653255599, 50170137, 'Transversal 107 No 32-133'),
(2, 1653255599, 93606284, 'Calle 82 N° 82-28'),
(3, 1653255599, 69032026, 'Transversal 36 # 108-29'),
(4, 1653255599, 12929477, 'Carrera 48 No 95-123'),
(5, 1653255599, 31680263, 'Calle 122 N° 59-149'),
(6, 1653255599, 39123536, 'Avenida 168 N° 52-190'),
(7, 1653255599, 84325561, 'Diagonal 62 No 46-24'),
(1, 8289093933, 71248275, 'Carrera 96 No 126-157'),
(2, 8289093933, 49780322, 'Transversal 31 N° 59-167'),
(3, 8289093933, 36576541, 'Diagonal 165 # 15-187'),
(4, 8289093933, 31466649, 'Diagonal 114 N° 54-84'),
(5, 8289093933, 12514645, 'Carrera 59 No 76-179'),
(6, 8289093933, 57908875, 'Carrera 183 No 37-191'),
(7, 8289093933, 73113782, 'Calle 45 # 54-194'),
(1, 6436909344, 19550534, 'Transversal 102 No 54-20'),
(2, 6436909344, 17864619, 'Calle 200 N° 5-94'),
(1, 8681033918, 75184530, 'Transversal 198 No 36-165'),
(2, 8681033918, 60435077, 'Calle 72 No 106-166'),
(3, 8681033918, 29786908, 'Transversal 177 # 10-162'),
(4, 8681033918, 87753748, 'Calle 173 No 95-7'),
(5, 8681033918, 07136074, 'Calle 102 N° 45-158'),
(6, 8681033918, 35792655, 'Diagonal 145 No 169-54'),
(7, 8681033918, 65769517, 'Diagonal 9 N° 175-184'),
(8, 8681033918, 65144445, 'Transversal 58 # 13-103'),
(1, 2902488951, 61106013, 'Transversal 141 # 192-33'),
(2, 2902488951, 74832843, 'Avenida 128 No 141-102'),
(3, 2902488951, 35427274, 'Avenida 13 N° 126-176'),
(1, 4676964236, 18576357, 'Transversal 126 # 175-167'),
(2, 4676964236, 13564182, 'Transversal 76 # 3-71'),
(3, 4676964236, 63456257, 'Avenida 78 # 82-57'),
(4, 4676964236, 32907769, 'Calle 47 No 38-200'),
(5, 4676964236, 00547746, 'Diagonal 25 No 161-100'),
(6, 4676964236, 76987538, 'Avenida 54 N° 7-18'),
(7, 4676964236, 00172544, 'Diagonal 50 # 58-107'),
(8, 4676964236, 80489087, 'Transversal 77 # 93-22'),
(9, 4676964236, 83849289, 'Diagonal 135 No 117-26'),
(1, 5015419492, 40577502, 'Avenida 79 # 24-152'),
(2, 5015419492, 88217362, 'Calle 25 # 69-144'),
(3, 5015419492, 22760412, 'Avenida 60 No 85-137'),
(4, 5015419492, 73537751, 'Diagonal 143 No 175-196'),
(5, 5015419492, 15975303, 'Calle 142 # 81-48'),
(6, 5015419492, 98830439, 'Carrera 159 No 57-30'),
(7, 5015419492, 31309463, 'Avenida 1 N° 94-148'),
(8, 5015419492, 81521050, 'Carrera 82 N° 44-57'),
(1, 4512815575, 03361526, 'Calle 183 # 158-39'),
(2, 4512815575, 98086048, 'Calle 85 # 113-131'),
(3, 4512815575, 47730246, 'Calle 190 N° 132-67'),
(4, 4512815575, 58180962, 'Diagonal 48 # 44-56'),
(5, 4512815575, 45001172, 'Avenida 109 # 74-50'),
(6, 4512815575, 16412054, 'Calle 186 # 68-89'),
(7, 4512815575, 01235463, 'Diagonal 152 # 184-11'),
(8, 4512815575, 80797534, 'Calle 156 N° 43-193'),
(9, 4512815575, 00289718, 'Avenida 173 N° 153-189'),
(1, 6587093568, 95497578, 'Calle 11 No 25-91'),
(1, 8842204359, 70542301, 'Calle 199 # 51-45'),
(1, 9420030835, 98311112, 'Transversal 75 No 23-102'),
(2, 9420030835, 30455989, 'Avenida 4 No 98-38'),
(3, 9420030835, 96766887, 'Avenida 55 N° 81-149'),
(4, 9420030835, 40502030, 'Calle 200 # 181-189'),
(1, 4880101872, 12820968, 'Carrera 18 # 152-174'),
(2, 4880101872, 27539490, 'Avenida 53 N° 12-32'),
(3, 4880101872, 43921016, 'Avenida 125 No 183-133'),
(4, 4880101872, 41327946, 'Calle 85 No 45-145'),
(5, 4880101872, 39151504, 'Carrera 66 # 63-89'),
(6, 4880101872, 85255361, 'Diagonal 83 No 171-7'),
(1, 7185881341, 88975313, 'Diagonal 141 N° 145-157'),
(2, 7185881341, 80675519, 'Calle 45 # 101-189'),
(3, 7185881341, 63592563, 'Transversal 167 No 122-57'),
(4, 7185881341, 63675278, 'Transversal 6 No 169-170'),
(5, 7185881341, 08108273, 'Transversal 85 # 88-174'),
(6, 7185881341, 11059523, 'Diagonal 15 # 118-26'),
(1, 6572281362, 97698477, 'Carrera 142 N° 187-196'),
(2, 6572281362, 87411373, 'Transversal 46 # 77-98'),
(1, 1085932915, 00822757, 'Diagonal 188 No 93-111'),
(2, 1085932915, 31200101, 'Avenida 163 # 82-58'),
(3, 1085932915, 80579822, 'Transversal 56 # 17-143'),
(4, 1085932915, 60101887, 'Calle 126 N° 191-162'),
(5, 1085932915, 37439362, 'Avenida 77 N° 74-162'),
(6, 1085932915, 34525286, 'Diagonal 21 N° 171-31'),
(7, 1085932915, 78622769, 'Calle 18 N° 118-82'),
(8, 1085932915, 50908966, 'Avenida 175 # 122-184'),
(9, 1085932915, 45693085, 'Diagonal 22 N° 40-176');

insert into venta values(1, 1344743623, 7185881341, '2016-2-19', 4552000),
(2, 1456338187, 9827809820, '2015-1-3', 11414000),
(3, 1467520018, 8842204359, '2013-7-4', 11018000),
(4, 1483706841, 6151656699, '2014-11-6', 5000000),
(5, 1503600810, 8681033918, '2015-6-26', 19150000),
(6, 1465458745, 4880101872, '2012-12-6', 16219000),
(7, 1376771615, 7185881341, '2016-1-30', 24849000),
(8, 1361762011, 8681033918, '2011-1-26', 10714000),
(9, 1327212124, 8835285566, '2011-10-1', 10545000),
(10, 1388421732, 6151656699, '2014-3-22', 9813000),
(11, 1336836846, 8842204359, '2014-1-6', 11632000),
(12, 1336836846, 9152430527, '2013-5-19', 17307000),
(13, 1327212124, 7358057534, '2014-5-22', 9217000),
(14, 1408275662, 6151656699, '2015-2-24', 22952000),
(15, 1483706841, 1031367114, '2015-6-7', 13910000),
(16, 1500236620, 7061959401, '2015-3-4', 12860000),
(17, 1361762011, 4512815575, '2015-5-18', 15181000),
(18, 1431716417, 4367346248, '2012-1-15', 6193000),
(19, 1431716417, 3647055692, '2013-4-22', 18547000),
(20, 1370678518, 9916514730, '2014-8-4', 10016000),
(21, 1437386203, 1653255599, '2014-5-8', 10974000),
(22, 1370678518, 1630844328, '2011-6-4', 15234000),
(23, 1488605611, 9763191517, '2015-3-4', 8000000),
(24, 1500502424, 1653255599, '2012-4-24', 8295000),
(25, 1500502424, 6156889503, '2013-2-28', 5172000),
(26, 1331143147, 262041359, '2016-1-27', 15577000),
(27, 1382141544, 1031367114, '2016-10-28', 17464000),
(28, 1342820130, 654265495, '2014-8-13', 13237000),
(29, 1352765716, 6685163882, '2011-9-20', 16743000),
(30, 1473311731, 4367346248, '2012-6-20', 15788000),
(31, 1331143147, 6587093568, '2014-9-12', 14653000),
(32, 1382141544, 7185881341, '2013-12-26', 5000000),
(33, 1342820130, 4676964236, '2012-1-7', 20718000),
(34, 1410180863, 6186901571, '2014-1-24', 14362000),
(35, 1467637666, 6579161930, '2011-6-1', 13849000),
(36, 1388421732, 6587093568, '2012-3-26', 11097000),
(37, 1453451840, 4367346248, '2013-6-11', 15192000),
(38, 1424624014, 9126917120, '2013-9-8', 5000000),
(39, 1400323816, 6151656699, '2015-10-7', 14566000),
(40, 1382483310, 5015419492, '2013-7-8', 16515000),
(41, 1352765716, 4279444630, '2015-11-23', 3958000),
(42, 1360111225, 4512815575, '2012-3-9', 8000000),
(43, 1375133888, 1031367114, '2016-6-10', 12647000),
(44, 1400323816, 3647055692, '2013-3-6', 3798000),
(45, 1476783638, 4279444630, '2012-9-26', 6000000),
(46, 1433770506, 3647055692, '2012-12-26', 15232000),
(47, 1344120674, 4512815575, '2012-4-3', 12480000),
(48, 1478140186, 282338368, '2014-2-12', 12355000),
(49, 1376771615, 2156026255, '2011-7-16', 4000000),
(50, 1336268676, 7185881341, '2012-6-30', 9012000),
(51, 1327212124, 9152430527, '2012-6-10', 10493000),
(52, 1408275662, 6685163882, '2011-11-17', 14501000),
(53, 1336213068, 8835285566, '2012-12-22', 12964000),
(54, 1327212124, 8842204359, '2013-5-29', 3606000),
(55, 1420142571, 1085932915, '2016-4-27', 9414000),
(56, 1327212124, 282338368, '2011-1-8', 12018000),
(57, 1476872734, 6186901571, '2012-9-4', 7851000),
(58, 1470247865, 1511604088, '2015-7-4', 10722000),
(59, 1467637666, 9916514730, '2016-12-16', 18806000),
(60, 1327212124, 9763191517, '2012-10-17', 15599000),
(61, 1363102825, 5015419492, '2015-9-11', 6698000),
(62, 1331143147, 700714596, '2014-12-22', 15793000),
(63, 1453451840, 6151656699, '2011-9-15', 16130000),
(64, 1503600810, 9307042574, '2012-1-7', 5141000),
(65, 1505746872, 700714596, '2013-4-16', 22898000),
(66, 1344743623, 9763191517, '2013-4-25', 17635000),
(67, 1503600810, 9126917120, '2016-1-26', 11860000),
(68, 1476783638, 7185881341, '2016-7-13', 2047000),
(69, 1470247865, 5015419492, '2016-9-28', 1000000),
(70, 1500502424, 9420030835, '2011-10-30', 13052000),
(71, 1500236620, 8842204359, '2016-6-11', 9833000),
(72, 1331143147, 700714596, '2014-8-17', 3000000),
(73, 1356203883, 7358057534, '2011-9-17', 18944000),
(74, 1363102825, 6186901571, '2011-1-22', 21296000),
(75, 1327212124, 6151656699, '2012-10-17', 14604000),
(76, 1363540631, 5015419492, '2012-7-1', 11841000),
(77, 1458518707, 5015419492, '2016-3-23', 15750000),
(78, 1470247865, 4528097680, '2014-4-20', 10221000),
(79, 1356203883, 9152430527, '2016-2-4', 10314000),
(80, 1483706841, 6186901571, '2011-9-18', 14471000),
(81, 1336268676, 1653255599, '2016-11-28', 11581000),
(82, 1476783638, 9126917120, '2012-4-14', 7434000),
(83, 1382483310, 7185881341, '2015-9-24', 10005000),
(84, 1358304603, 9126917120, '2016-4-7', 11395000),
(85, 1370678518, 1630844328, '2013-11-24', 11883000),
(86, 1476783638, 1085932915, '2015-9-13', 1000000),
(87, 1380021251, 4880101872, '2015-10-17', 0),
(88, 1476783638, 8681033918, '2011-5-25', 16263000),
(89, 1380021251, 9763191517, '2015-4-9', 21856000),
(90, 1456338187, 1085932915, '2014-10-3', 2000000),
(91, 1470247865, 4880101872, '2016-4-18', 6170000),
(92, 1388421732, 9763191517, '2014-12-12', 3374000),
(93, 1336836846, 7061959401, '2011-12-20', 3866000),
(94, 1382141544, 4367346248, '2016-10-16', 12755000),
(95, 1382141544, 8835285566, '2014-3-26', 1000000),
(96, 1408275662, 9126917120, '2011-10-14', 4962000),
(97, 1336836846, 9763191517, '2014-1-19', 7000000),
(98, 1442742157, 700714596, '2015-4-30', 4377000),
(99, 1431716417, 6685163882, '2015-11-30', 10574000),
(100, 1505746872, 4279444630, '2015-7-1', 8000000),
(101, 1363102825, 700714596, '2016-9-15', 7000000),
(102, 1442742157, 1630844328, '2011-9-16', 4279000),
(103, 1458518707, 1511604088, '2016-1-23', 7756000),
(104, 1356203883, 9126917120, '2015-4-3', 1666000),
(105, 1388421732, 4512815575, '2011-2-11', 16506000),
(106, 1453451840, 7185881341, '2014-11-11', 6029000),
(107, 1458518707, 4676964236, '2015-5-9', 9000000),
(108, 1444768135, 8842204359, '2016-6-7', 15180000),
(109, 1361762011, 1031367114, '2016-7-18', 10690000),
(110, 1486866371, 9827809820, '2012-11-8', 13366000),
(111, 1336268676, 6579161930, '2011-10-4', 24178000),
(112, 1408275662, 8835285566, '2011-2-23', 5330000),
(113, 1437386203, 6186901571, '2012-6-2', 8989000),
(114, 1458518707, 7185881341, '2012-12-9', 13815000),
(115, 1408275662, 654265495, '2011-7-18', 11586000),
(116, 1327212124, 9420030835, '2011-2-2', 10171000),
(117, 1431716417, 4367346248, '2013-1-2', 18345000),
(118, 1486866371, 4512815575, '2015-5-2', 14500000),
(119, 1505746872, 282338368, '2016-4-7', 320000),
(120, 1331143147, 4512815575, '2011-11-21', 12677000),
(121, 1476872734, 4528097680, '2015-8-9', 11632000),
(122, 1503600810, 3647055692, '2015-6-19', 18764000),
(123, 1363540631, 7061959401, '2011-4-21', 7346000),
(124, 1503600810, 654265495, '2014-2-25', 9383000),
(125, 1360111225, 4367346248, '2011-1-30', 13650000),
(126, 1437386203, 7185881341, '2014-9-20', 5612000),
(127, 1358304603, 7185881341, '2014-6-21', 8538000),
(128, 1437386203, 654265495, '2014-10-17', 7917000),
(129, 1473311731, 6186901571, '2011-4-30', 11126000),
(130, 1433770506, 6156889503, '2015-10-29', 6110000),
(131, 1486866371, 7358057534, '2013-10-12', 4820000),
(132, 1410180863, 4528097680, '2016-2-9', 4763000),
(133, 1467637666, 2156026255, '2012-5-22', 10676000),
(134, 1467520018, 1511604088, '2012-10-10', 9165000),
(135, 1433770506, 7185881341, '2015-11-8', 5000000),
(136, 1410180863, 8835285566, '2011-2-19', 6032000),
(137, 1467520018, 700714596, '2012-3-13', 1909000),
(138, 1437386203, 6186901571, '2013-6-16', 4000000),
(139, 1358304603, 2156026255, '2014-9-2', 6461000),
(140, 1442742157, 9916514730, '2016-12-14', 8056000),
(141, 1433770506, 9307042574, '2014-8-18', 21229000),
(142, 1410180863, 6579161930, '2015-8-20', 10807000),
(143, 1420142571, 4367346248, '2016-12-30', 8252000),
(144, 1336836846, 700714596, '2014-2-11', 9803000),
(145, 1486866371, 6685163882, '2015-5-8', 16081000),
(146, 1344743623, 7358057534, '2013-11-20', 12573000),
(147, 1488605611, 9763191517, '2013-2-6', 10894000),
(148, 1470247865, 4676964236, '2011-2-26', 13173000),
(149, 1388421732, 654265495, '2015-4-4', 12800000),
(150, 1424624014, 4512815575, '2011-5-23', 18069000);

insert into detalleVenta values('UL1957LE9228', 1, 1, 1000000),
('57A948', 1, 20, 95000),
('63Q9175', 1, 28, 59000),
('HY8719MH4574', 2, 1, 2000000),
('55X9197', 2, 42, 19000),
('55K4192', 2, 9, 88000),
('62V4231', 2, 47, 60000),
('64P8446', 2, 12, 74000),
('76M3918', 2, 42, 53000),
('18I9622', 2, 27, 70000),
('XO1752YP1259', 3, 1, 7000000),
('2N4764', 3, 41, 98000),
('BM7206AM5066', 4, 1, 5000000),
('NY3708DK6421', 5, 1, 7000000),
('98E1744', 5, 10, 21000),
('46F2664', 5, 40, 20000),
('56M115', 5, 17, 59000),
('79E1081', 5, 9, 87000),
('87F8186', 5, 24, 10000),
('46B9854', 5, 41, 41000),
('99N9757', 5, 36, 96000),
('51D1659', 5, 39, 31000),
('61M2966', 5, 44, 52000),
('23I9512', 5, 40, 12000),
('DQ7481QF1414', 6, 1, 3000000),
('51R2664', 6, 29, 29000),
('62V4231', 6, 1, 89000),
('11G7981', 6, 36, 86000),
('62I1071', 6, 35, 55000),
('32R7969', 6, 44, 42000),
('47E9912', 6, 24, 62000),
('22F7416', 6, 2, 37000),
('26T7150', 6, 1, 49000),
('48I8215', 6, 25, 87000),
('22W8018', 6, 19, 86000),
('IP9050UX7441', 7, 1, 9000000),
('10C8285', 7, 30, 72000),
('16P222', 7, 46, 84000),
('95W4220', 7, 49, 75000),
('15H2865', 7, 29, 11000),
('73F6699', 7, 45, 92000),
('5E5590', 7, 15, 49000),
('42K6377', 7, 24, 19000),
('88K939', 7, 20, 25000),
('AB1443LT8540', 8, 1, 7000000),
('36P1166', 8, 47, 47000),
('38C861', 8, 43, 35000),
('SB3975NH5678', 9, 1, 2000000),
('45F9716', 9, 8, 47000),
('88S216', 9, 12, 6000),
('57Q8616', 9, 26, 57000),
('1S5339', 9, 17, 3000),
('95I6137', 9, 41, 62000),
('95R7425', 9, 14, 23000),
('61V7291', 9, 20, 16000),
('18I4123', 9, 38, 49000),
('59U1541', 9, 23, 66000),
('MH6166VY589', 10, 1, 7000000),
('8C1687', 10, 29, 97000),
('VJ8380KL6902', 11, 1, 4000000),
('3S2791', 11, 25, 89000),
('93M5159', 11, 6, 51000),
('9R1535', 11, 28, 53000),
('70L6010', 11, 2, 97000),
('0K3853', 11, 49, 24000),
('60I2261', 11, 48, 16000),
('45X3402', 11, 29, 51000),
('AM877VV8326', 12, 1, 9000000),
('98L6704', 12, 49, 69000),
('25F7205', 12, 21, 3000),
('87K7082', 12, 29, 91000),
('91J3370', 12, 5, 46000),
('33Y3175', 12, 27, 71000),
('91Q4751', 12, 7, 11000),
('PE7985JM4090', 13, 1, 3000000),
('90J8713', 13, 20, 52000),
('36S6228', 13, 19, 41000),
('11S1306', 13, 31, 30000),
('23R2129', 13, 12, 63000),
('78M8938', 13, 44, 57000),
('51T5472', 13, 4, 51000),
('GJ9968LH7490', 14, 1, 7000000),
('37E6834', 14, 43, 86000),
('96C4038', 14, 34, 22000),
('56K5831', 14, 6, 76000),
('3Q4695', 14, 46, 65000),
('23T3196', 14, 23, 91000),
('33E23', 14, 3, 13000),
('89H4349', 14, 20, 97000),
('62R2135', 14, 40, 87000),
('52V7989', 14, 4, 79000),
('26Q9186', 14, 4, 48000),
('DA8585AW8456', 15, 1, 4000000),
('12N2036', 15, 13, 57000),
('26A7566', 15, 3, 53000),
('56R5144', 15, 16, 36000),
('11I6361', 15, 11, 63000),
('32C8190', 15, 20, 92000),
('39J56', 15, 21, 71000),
('64P5717', 15, 45, 98000),
('WV544EG5898', 16, 1, 8000000),
('18V3450', 16, 17, 90000),
('19P6852', 16, 45, 74000),
('VU2225EN2982', 17, 1, 6000000),
('57J7947', 17, 10, 80000),
('82C4891', 17, 30, 42000),
('48K5565', 17, 36, 17000),
('34L6174', 17, 31, 96000),
('39P1400', 17, 36, 55000),
('35F7219', 17, 1, 72000),
('18O9257', 17, 19, 59000),
('72N8789', 17, 15, 24000),
('KY805PD5900', 18, 1, 3000000),
('75U1620', 18, 12, 2000),
('26U6528', 18, 21, 59000),
('25R7876', 18, 11, 34000),
('55J1590', 18, 25, 44000),
('68O5', 18, 6, 76000),
('TB792VY3731', 19, 1, 7000000),
('16M9682', 19, 11, 44000),
('49K9261', 19, 5, 80000),
('84B6023', 19, 10, 69000),
('54U5572', 19, 45, 62000),
('82P7638', 19, 20, 46000),
('94B7998', 19, 17, 54000),
('23R9436', 19, 5, 8000),
('54H5927', 19, 27, 85000),
('88K939', 19, 43, 70000),
('KC4764CN8764', 20, 1, 2000000),
('79U2481', 20, 28, 32000),
('47Q1973', 20, 30, 64000),
('53G4537', 20, 1, 82000),
('90Q5033', 20, 42, 38000),
('72U7958', 20, 1, 86000),
('60H120', 20, 2, 38000),
('72X4546', 20, 40, 84000),
('VN6972NT6008', 21, 1, 6000000),
('25N1407', 21, 6, 93000),
('23W2440', 21, 48, 92000),
('FS9659PA7216', 22, 1, 0),
('12C902', 22, 43, 91000),
('96C4038', 22, 24, 98000),
('73G7321', 22, 31, 71000),
('10X4221', 22, 22, 19000),
('1L2853', 22, 20, 90000),
('41V5166', 22, 43, 54000),
('32I1802', 22, 13, 57000),
('62R2135', 22, 5, 49000),
('35P8339', 22, 23, 54000),
('TP5172OB7431', 23, 1, 8000000),
('VX2177EG1103', 24, 1, 1000000),
('91L1158', 24, 47, 78000),
('4D3941', 24, 29, 94000),
('98R7061', 24, 43, 21000),
('VC3948WY2598', 25, 1, 3000000),
('88F2216', 25, 0, 80000),
('2F82', 25, 9, 67000),
('32F9671', 25, 19, 11000),
('10A2380', 25, 20, 68000),
('GX5002BE1546', 26, 1, 2000000),
('36S1887', 26, 37, 50000),
('10A7753', 26, 48, 77000),
('73S4953', 26, 30, 80000),
('16H7806', 26, 19, 22000),
('91J8162', 26, 41, 71000),
('44X1967', 26, 32, 56000),
('84E1552', 26, 30, 17000),
('FM5348CW3183', 27, 1, 9000000),
('65G251', 27, 43, 75000),
('46F2664', 27, 8, 56000),
('82N3508', 27, 28, 78000),
('23F1642', 27, 1, 3000),
('77E2334', 27, 28, 78000),
('99D6559', 27, 3, 83000),
('45L9361', 27, 3, 57000),
('SV5037UG9444', 28, 1, 2000000),
('88F2216', 28, 0, 73000),
('75G4836', 28, 18, 87000),
('12W6382', 28, 8, 22000),
('24V3386', 28, 35, 60000),
('55O9249', 28, 12, 39000),
('7A6950', 28, 28, 17000),
('82S8228', 28, 35, 50000),
('50C7625', 28, 45, 81000),
('68J1223', 28, 24, 44000),
('KR7441HD9057', 29, 1, 9000000),
('96T7414', 29, 22, 67000),
('38J2682', 29, 45, 16000),
('95R4006', 29, 49, 5000),
('98F8141', 29, 16, 72000),
('55E4694', 29, 10, 91000),
('86J6414', 29, 20, 58000),
('35M3371', 29, 8, 81000),
('5T5540', 29, 9, 46000),
('64M6817', 29, 42, 0),
('21V9704', 29, 12, 85000),
('CY2304BJ1492', 30, 1, 5000000),
('43L7925', 30, 13, 47000),
('46O7867', 30, 43, 40000),
('54L6216', 30, 40, 64000),
('14F1867', 30, 13, 41000),
('15J3073', 30, 28, 77000),
('46F2377', 30, 34, 35000),
('62V4231', 30, 48, 19000),
('72W5332', 30, 14, 79000),
('EO1831OU5816', 31, 1, 6000000),
('95E289', 31, 33, 57000),
('17O4381', 31, 24, 67000),
('56U4049', 31, 46, 62000),
('56S9865', 31, 14, 40000),
('52N1757', 31, 25, 37000),
('80Y1840', 31, 11, 64000),
('LY4291CD8362', 32, 1, 5000000),
('TB4379ON9548', 33, 1, 9000000),
('32C7932', 33, 0, 31000),
('12Y9563', 33, 28, 60000),
('56T2165', 33, 35, 48000),
('58E4566', 33, 14, 52000),
('20T493', 33, 18, 26000),
('93P4078', 33, 37, 28000),
('68H4787', 33, 36, 26000),
('83Y6512', 33, 34, 85000),
('43C6408', 33, 37, 16000),
('44T3958', 33, 28, 61000),
('GU4311VI6290', 34, 1, 4000000),
('48C7355', 34, 18, 50000),
('98M4152', 34, 48, 95000),
('94P1176', 34, 16, 30000),
('55V415', 34, 29, 30000),
('41W5591', 34, 1, 37000),
('69H8097', 34, 8, 21000),
('19J2832', 34, 31, 53000),
('0Q7104', 34, 24, 71000),
('GT1352YN2793', 35, 1, 8000000),
('98K7588', 35, 30, 2000),
('29A1570', 35, 17, 47000),
('46S4405', 35, 8, 29000),
('56V2074', 35, 0, 8000),
('28J1436', 35, 20, 52000),
('52A4036', 35, 34, 70000),
('19C8172', 35, 26, 47000),
('79I9519', 35, 2, 58000),
('SM6231KF1312', 36, 1, 0),
('57E5562', 36, 20, 98000),
('39L5682', 36, 42, 18000),
('70F4621', 36, 37, 86000),
('57G8773', 36, 35, 23000),
('61M2966', 36, 38, 73000),
('23F1642', 36, 36, 45000),
('KA5048LV5607', 37, 1, 6000000),
('35V4073', 37, 29, 30000),
('75N3297', 37, 35, 52000),
('30Q2167', 37, 34, 64000),
('48F9814', 37, 9, 97000),
('65D8571', 37, 33, 47000),
('1I7412', 37, 34, 7000),
('96L1341', 37, 13, 1000),
('52N1757', 37, 15, 25000),
('95S9091', 37, 29, 44000),
('TJ8107OY9880', 38, 1, 5000000),
('VI8403CE1043', 39, 1, 6000000),
('37O9196', 39, 17, 3000),
('31X184', 39, 37, 98000),
('57E5562', 39, 16, 61000),
('43M2503', 39, 13, 38000),
('46F2377', 39, 16, 55000),
('93Y7180', 39, 4, 24000),
('32B7902', 39, 35, 59000),
('75Q3859', 39, 6, 63000),
('HR7318DU5896', 40, 1, 2000000),
('58Q7898', 40, 42, 94000),
('23U393', 40, 32, 28000),
('8M6128', 40, 37, 80000),
('50M4103', 40, 33, 12000),
('2G9827', 40, 28, 27000),
('55O9249', 40, 33, 68000),
('41A8392', 40, 18, 98000),
('57Q8616', 40, 33, 47000),
('MC1478AO5898', 41, 1, 0),
('1E775', 41, 44, 86000),
('90I8048', 41, 6, 29000),
('LV2838LJ1442', 42, 1, 8000000),
('SU8920VW468', 43, 1, 7000000),
('52D4032', 43, 6, 95000),
('19Y6945', 43, 38, 31000),
('0L2380', 43, 47, 67000),
('61D1968', 43, 5, 54000),
('23B1644', 43, 6, 80000),
('NF1218CX1116', 44, 1, 3000000),
('27F8983', 44, 38, 21000),
('UR4796YF7458', 45, 1, 6000000),
('KG1377NB995', 46, 1, 2000000),
('52L4150', 46, 38, 66000),
('58C2616', 46, 19, 73000),
('45L9361', 46, 42, 94000),
('79E5476', 46, 35, 52000),
('39E5614', 46, 32, 46000),
('75W8067', 46, 33, 54000),
('17C8129', 46, 15, 21000),
('RA3621UM2027', 47, 1, 6000000),
('28F993', 47, 11, 41000),
('73P9618', 47, 5, 45000),
('38O8906', 47, 8, 73000),
('27W7859', 47, 9, 16000),
('61M3784', 47, 35, 93000),
('21V9704', 47, 35, 33000),
('53F8237', 47, 37, 18000),
('WS5991TD6487', 48, 1, 8000000),
('17W7118', 48, 24, 50000),
('56L7629', 48, 45, 42000),
('40Q2495', 48, 23, 55000),
('JC6322CW5845', 49, 1, 4000000),
('SX212WP5699', 50, 1, 1000000),
('95S3179', 50, 20, 89000),
('75G4836', 50, 13, 11000),
('61M1126', 50, 5, 63000),
('42U8837', 50, 19, 60000),
('67T1006', 50, 8, 44000),
('12D9009', 50, 25, 44000),
('45H3423', 50, 34, 78000),
('50J9599', 50, 10, 53000),
('DW229QK6437', 51, 1, 4000000),
('63M3187', 51, 33, 74000),
('8U856', 51, 16, 59000),
('26N486', 51, 8, 48000),
('39X9908', 51, 20, 35000),
('64N9206', 51, 42, 39000),
('42K4904', 51, 7, 55000),
('AW9928UV9243', 52, 1, 9000000),
('10W5461', 52, 7, 30000),
('40A3451', 52, 45, 87000),
('22I706', 52, 20, 67000),
('53F8237', 52, 6, 6000),
('WN9606TM4312', 53, 1, 1000000),
('68O5', 53, 17, 79000),
('57Y5565', 53, 45, 27000),
('15B7043', 53, 47, 61000),
('50W2928', 53, 26, 87000),
('27C3283', 53, 30, 94000),
('45H2576', 53, 9, 75000),
('71P7190', 53, 46, 17000),
('NR4393BL4732', 54, 1, 1000000),
('14G6458', 54, 24, 19000),
('53G4906', 54, 9, 34000),
('8F4408', 54, 34, 26000),
('90O1943', 54, 40, 24000),
('VG9560EH9333', 55, 1, 9000000),
('28P2029', 55, 36, 10000),
('60J4262', 55, 9, 6000),
('DF1595QA6324', 56, 1, 5000000),
('17F8745', 56, 45, 97000),
('8E2080', 56, 24, 98000),
('99M8587', 56, 7, 43000),
('RE2164UX1368', 57, 1, 3000000),
('33N5994', 57, 39, 21000),
('10M5551', 57, 48, 84000),
('HQ8471SC1758', 58, 1, 9000000),
('85H6564', 58, 42, 41000),
('WJ254OT9948', 59, 1, 9000000),
('61X43', 59, 46, 15000),
('60H120', 59, 42, 54000),
('31R5596', 59, 46, 41000),
('30A1616', 59, 20, 22000),
('57W2679', 59, 9, 52000),
('31E5903', 59, 25, 32000),
('59V8907', 59, 42, 62000),
('80Y1840', 59, 26, 25000),
('WB3290BG2342', 60, 1, 9000000),
('95F269', 60, 18, 6000),
('89E8472', 60, 49, 76000),
('31U9625', 60, 21, 66000),
('83P1011', 60, 11, 73000),
('57E5562', 60, 17, 34000),
('KK6251GA1964', 61, 1, 1000000),
('7G9944', 61, 2, 1000),
('56S3552', 61, 47, 0),
('28Q6761', 61, 4, 18000),
('32O5945', 61, 9, 12000),
('59B304', 61, 46, 15000),
('37U2325', 61, 18, 95000),
('56W5817', 61, 6, 32000),
('91B3842', 61, 10, 34000),
('56P3516', 61, 38, 68000),
('UC34MK4337', 62, 1, 8000000),
('23W5011', 62, 41, 58000),
('48V649', 62, 6, 18000),
('44N5084', 62, 16, 57000),
('51I127', 62, 3, 58000),
('87O4909', 62, 1, 69000),
('38W1331', 62, 30, 11000),
('15S7865', 62, 31, 54000),
('31X184', 62, 5, 30000),
('3R207', 62, 26, 22000),
('68L7958', 62, 46, 31000),
('HH828VU3305', 63, 1, 0),
('78A7983', 63, 20, 30000),
('84B6023', 63, 42, 54000),
('1U2371', 63, 44, 30000),
('26P4398', 63, 29, 94000),
('89H8566', 63, 43, 60000),
('20L8112', 63, 21, 81000),
('27Y7407', 63, 45, 6000),
('87I8211', 63, 25, 82000),
('99H8798', 63, 35, 43000),
('65I1846', 63, 15, 74000),
('RA7327BD3254', 64, 1, 0),
('93N4889', 64, 15, 52000),
('50N4724', 64, 22, 29000),
('82P7638', 64, 48, 74000),
('48I8215', 64, 3, 27000),
('84D2094', 64, 2, 45000),
('KK7678TP9883', 65, 1, 6000000),
('56Q1985', 65, 37, 56000),
('34E6084', 65, 43, 51000),
('19N5961', 65, 39, 91000),
('34J2642', 65, 24, 65000),
('59V8907', 65, 12, 25000),
('8Q6229', 65, 28, 46000),
('18I9055', 65, 2, 38000),
('85O3050', 65, 40, 87000),
('57X3906', 65, 28, 85000),
('QM9708OR8965', 66, 1, 6000000),
('88Q2611', 66, 33, 42000),
('83T2156', 66, 4, 65000),
('89U4262', 66, 15, 43000),
('92A9979', 66, 37, 77000),
('22N5552', 66, 2, 1000),
('47U7652', 66, 43, 59000),
('71N2008', 66, 46, 86000),
('GR5643KY289', 67, 1, 9000000),
('44H9796', 67, 22, 18000),
('18B8060', 67, 32, 77000),
('SC1318NE8133', 68, 1, 2000000),
('48X6930', 68, 1, 47000),
('RE401GF7910', 69, 1, 1000000),
('HT251PI8817', 70, 1, 5000000),
('11V2477', 70, 10, 70000),
('37G4208', 70, 40, 34000),
('48R7640', 70, 31, 65000),
('36P1166', 70, 41, 97000),
('GH3406HU5987', 71, 1, 1000000),
('45B9682', 71, 38, 49000),
('97A3473', 71, 45, 43000),
('15H2865', 71, 28, 63000),
('56J5173', 71, 32, 64000),
('19G9268', 71, 36, 34000),
('EM1972MB8105', 72, 1, 3000000),
('EE2377TP7850', 73, 1, 6000000),
('65P8991', 73, 25, 23000),
('95I6137', 73, 9, 24000),
('3T1036', 73, 16, 67000),
('52F2134', 73, 39, 43000),
('25R7876', 73, 42, 98000),
('66C6846', 73, 23, 29000),
('67Y3690', 73, 31, 56000),
('21O3574', 73, 27, 37000),
('64D1914', 73, 46, 41000),
('LC7767UF8759', 74, 1, 6000000),
('92I3258', 74, 10, 77000),
('30T7024', 74, 25, 96000),
('81E5054', 74, 34, 91000),
('29W4784', 74, 36, 88000),
('33W8294', 74, 11, 5000),
('63Y8058', 74, 27, 16000),
('81O4026', 74, 23, 71000),
('10V3361', 74, 15, 78000),
('41S7192', 74, 42, 48000),
('81K9853', 74, 6, 93000),
('NB2863CP4198', 75, 1, 7000000),
('27P9346', 75, 10, 8000),
('73P9618', 75, 21, 76000),
('12Y9563', 75, 20, 45000),
('77H8581', 75, 35, 65000),
('39A4270', 75, 0, 70000),
('66A2855', 75, 34, 68000),
('78J2464', 75, 21, 21000),
('HM6798DK2261', 76, 1, 7000000),
('79T2702', 76, 21, 26000),
('57V139', 76, 8, 93000),
('45C6235', 76, 49, 71000),
('88B8941', 76, 1, 72000),
('IQ5053XC4558', 77, 1, 9000000),
('22P9128', 77, 15, 74000),
('10V3361', 77, 13, 51000),
('86Y4400', 77, 25, 75000),
('50J9599', 77, 47, 66000),
('VK9956UP8726', 78, 1, 2000000),
('91F4964', 78, 26, 82000),
('65H8146', 78, 8, 63000),
('67A6728', 78, 10, 25000),
('84G803', 78, 31, 32000),
('23F1642', 78, 35, 42000),
('79E5839', 78, 4, 18000),
('37T486', 78, 28, 10000),
('34L6332', 78, 34, 58000),
('2H1317', 78, 9, 61000),
('JS502YC5165', 79, 1, 6000000),
('36S6674', 79, 8, 8000),
('45Q3875', 79, 40, 12000),
('88U6419', 79, 39, 78000),
('27L1439', 79, 26, 28000),
('VS9587YM5184', 80, 1, 6000000),
('32Q5676', 80, 47, 32000),
('23B1644', 80, 13, 87000),
('95H6502', 80, 43, 17000),
('68H2519', 80, 48, 19000),
('11G892', 80, 27, 94000),
('40S4731', 80, 5, 31000),
('66A2855', 80, 12, 48000),
('57R1097', 80, 12, 68000),
('67X6852', 80, 18, 6000),
('CJ4737OL6771', 81, 1, 7000000),
('83C3667', 81, 35, 31000),
('49G4115', 81, 11, 18000),
('87A8992', 81, 34, 97000),
('JX9836LB2153', 82, 1, 0),
('75G4836', 82, 31, 58000),
('69E6106', 82, 10, 15000),
('14G6458', 82, 21, 4000),
('43L3222', 82, 33, 90000),
('99X1867', 82, 38, 64000),
('HE9234MW4226', 83, 1, 0),
('79G3278', 83, 19, 70000),
('6A3807', 83, 16, 57000),
('73O2632', 83, 22, 36000),
('7W7064', 83, 45, 41000),
('2I3448', 83, 15, 55000),
('5T1611', 83, 47, 91000),
('43L7925', 83, 12, 2000),
('OV8523YH9601', 84, 1, 5000000),
('65G251', 84, 4, 54000),
('10S8979', 84, 2, 92000),
('95K8597', 84, 38, 53000),
('32G1833', 84, 47, 22000),
('17C8129', 84, 28, 46000),
('39X9908', 84, 21, 79000),
('HM9093JJ2756', 85, 1, 7000000),
('82S8228', 85, 47, 37000),
('26D7119', 85, 7, 80000),
('56K8694', 85, 34, 76000),
('AJ8393KC798', 86, 1, 1000000),
('HY5308GJ1329', 87, 1, 0),
('GW5397NL603', 88, 1, 7000000),
('12B6614', 88, 41, 0),
('51B1025', 88, 1, 12000),
('38H3133', 88, 13, 59000),
('65B6293', 88, 35, 12000),
('34J2642', 88, 45, 73000),
('88U179', 88, 37, 49000),
('53I7604', 88, 23, 40000),
('37K1350', 88, 33, 62000),
('PJ6015WF536', 89, 1, 9000000),
('66S3544', 89, 11, 57000),
('78F213', 89, 31, 17000),
('4R5027', 89, 49, 49000),
('1P2983', 89, 27, 97000),
('19B1372', 89, 45, 39000),
('0T9065', 89, 42, 58000),
('68U2889', 89, 47, 53000),
('TA6243IX1035', 90, 1, 2000000),
('AV3002NA5145', 91, 1, 0),
('40A3451', 91, 40, 37000),
('58A6823', 91, 41, 90000),
('89U8518', 91, 0, 21000),
('14C7602', 91, 25, 40000),
('QH511DJ4889', 92, 1, 3000000),
('93S9609', 92, 22, 17000),
('SJ5250VF810', 93, 1, 0),
('81O4231', 93, 6, 16000),
('3D4732', 93, 31, 70000),
('42U8837', 93, 12, 26000),
('61J6162', 93, 20, 0),
('10G7929', 93, 23, 56000),
('XA2563KA9463', 94, 1, 3000000),
('76L6278', 94, 7, 64000),
('51T4165', 94, 23, 8000),
('32N1984', 94, 35, 12000),
('62I1071', 94, 40, 8000),
('53G4537', 94, 9, 22000),
('43K7623', 94, 15, 62000),
('92N745', 94, 30, 85000),
('79E1081', 94, 48, 98000),
('87K3555', 94, 1, 1000),
('WX3039SC900', 95, 1, 1000000),
('BF575QN9554', 96, 1, 1000000),
('51A387', 96, 24, 59000),
('89U9781', 96, 38, 67000),
('DO5280TK5546', 97, 1, 7000000),
('LG9274JS7526', 98, 1, 2000000),
('97L1493', 98, 36, 13000),
('79O1122', 98, 23, 83000),
('HF1075LD7938', 99, 1, 8000000),
('43L3222', 99, 26, 99000),
('LA6163XM50', 100, 1, 8000000),
('ME9204DI6707', 101, 1, 7000000),
('DE9773TD5747', 102, 1, 0),
('72W5332', 102, 26, 51000),
('64V6804', 102, 3, 89000),
('75Q1778', 102, 40, 44000),
('42K2871', 102, 5, 62000),
('97A3473', 102, 34, 4000),
('30Y9726', 102, 40, 12000),
('FN7152FV1525', 103, 1, 7000000),
('60D8659', 103, 14, 54000),
('DQ1134ST6172', 104, 1, 1000000),
('35S82', 104, 19, 25000),
('62K2949', 104, 37, 2000),
('38A61', 104, 3, 39000),
('NM3655YM7577', 105, 1, 9000000),
('88A7588', 105, 15, 35000),
('59O6958', 105, 9, 81000),
('75U3303', 105, 13, 32000),
('4M8180', 105, 39, 40000),
('66M8202', 105, 44, 45000),
('96D3085', 105, 41, 56000),
('CW4348XJ8161', 106, 1, 0),
('57E9471', 106, 16, 72000),
('43P4307', 106, 33, 6000),
('97G2798', 106, 42, 82000),
('2Q1243', 106, 19, 15000),
('88Y8564', 106, 38, 25000),
('JI5551ME3478', 107, 1, 9000000),
('YL8799AS8128', 108, 1, 7000000),
('64V6804', 108, 4, 12000),
('4Y4593', 108, 13, 26000),
('27G3507', 108, 12, 47000),
('50N4728', 108, 39, 91000),
('14L4971', 108, 31, 22000),
('23B1644', 108, 41, 64000),
('22W3426', 108, 1, 63000),
('65K1161', 108, 16, 9000),
('87F4006', 108, 14, 12000),
('53G7048', 108, 0, 23000),
('JX4096PV3727', 109, 1, 7000000),
('52T258', 109, 41, 90000),
('RB8879WC6547', 110, 1, 6000000),
('86D9733', 110, 16, 56000),
('79G5598', 110, 38, 70000),
('36N7019', 110, 17, 56000),
('39J2590', 110, 9, 78000),
('3R207', 110, 2, 28000),
('3X9982', 110, 42, 50000),
('14A6096', 110, 0, 18000),
('FQ7097KH7763', 111, 1, 9000000),
('17A8387', 111, 43, 93000),
('97D4814', 111, 5, 38000),
('32Y2826', 111, 42, 53000),
('69A5755', 111, 16, 99000),
('37I8163', 111, 26, 92000),
('89S8187', 111, 25, 53000),
('81T1578', 111, 19, 74000),
('86S8162', 111, 29, 56000),
('34L6174', 111, 12, 36000),
('EA8596SY2119', 112, 1, 5000000),
('53G4906', 112, 30, 11000),
('TP8294HF1817', 113, 1, 8000000),
('25J8101', 113, 49, 20000),
('93M5159', 113, 1, 9000),
('BP9347SG2156', 114, 1, 0),
('62A6915', 114, 42, 91000),
('20O7817', 114, 7, 53000),
('15T9404', 114, 20, 64000),
('56T2165', 114, 8, 47000),
('23W5011', 114, 33, 80000),
('95W8147', 114, 8, 33000),
('51D1659', 114, 45, 65000),
('77K7151', 114, 19, 35000),
('14B4239', 114, 23, 64000),
('SH2685IQ436', 115, 1, 8000000),
('14A6096', 115, 20, 6000),
('57M9794', 115, 4, 82000),
('79X5709', 115, 12, 95000),
('60J1015', 115, 21, 78000),
('79U2481', 115, 34, 8000),
('98E1744', 115, 4, 22000),
('YP2518RF6179', 116, 1, 6000000),
('36N3597', 116, 19, 19000),
('9P4702', 116, 10, 45000),
('93D5646', 116, 42, 80000),
('RA7209GT2136', 117, 1, 4000000),
('14A6096', 117, 27, 7000),
('54C6169', 117, 5, 37000),
('61I3177', 117, 27, 81000),
('30N7208', 117, 43, 52000),
('37O4817', 117, 48, 41000),
('46B9854', 117, 21, 77000),
('99N9757', 117, 37, 39000),
('50M4103', 117, 23, 90000),
('62Y6826', 117, 35, 70000),
('NQ2295RH9820', 118, 1, 6000000),
('63X7421', 118, 36, 64000),
('84E3937', 118, 2, 52000),
('98Y6079', 118, 23, 88000),
('86J8238', 118, 33, 24000),
('52E275', 118, 42, 34000),
('25Q6674', 118, 42, 11000),
('71O9707', 118, 26, 49000),
('80X750', 118, 4, 28000),
('MG7522FG7990', 119, 1, 0),
('87R4632', 119, 16, 20000),
('BU2655FK2513', 120, 1, 4000000),
('84S6459', 120, 40, 46000),
('47H349', 120, 31, 53000),
('35N5547', 120, 41, 10000),
('31P1407', 120, 31, 18000),
('72J2842', 120, 3, 1000),
('26B384', 120, 29, 86000),
('90Q1353', 120, 19, 91000),
('CI9077WD5021', 121, 1, 6000000),
('16P222', 121, 48, 60000),
('34S9132', 121, 24, 96000),
('85P860', 121, 14, 32000),
('NT441YD5501', 122, 1, 5000000),
('64E188', 122, 43, 28000),
('41D6308', 122, 11, 12000),
('87F4006', 122, 45, 60000),
('32Q1848', 122, 7, 53000),
('12R566', 122, 38, 81000),
('47Q1442', 122, 35, 93000),
('9R3944', 122, 42, 72000),
('JI410HR4505', 123, 1, 5000000),
('88O9161', 123, 34, 69000),
('QJ9830WO2026', 124, 1, 9000000),
('97X1424', 124, 4, 9000),
('89Y3788', 124, 10, 21000),
('35M2905', 124, 1, 81000),
('33E9466', 124, 19, 0),
('32R4653', 124, 14, 4000),
('MP8072JR2173', 125, 1, 5000000),
('62N1800', 125, 25, 21000),
('88N493', 125, 16, 51000),
('45Q3875', 125, 19, 96000),
('95M583', 125, 33, 48000),
('34V498', 125, 47, 83000),
('LU3337QL3662', 126, 1, 3000000),
('86V6699', 126, 39, 24000),
('53I7604', 126, 12, 75000),
('82C4891', 126, 8, 97000),
('UI1276KI5836', 127, 1, 6000000),
('37M1872', 127, 47, 54000),
('KD8515FY348', 128, 1, 0),
('11G1553', 128, 8, 4000),
('17A8387', 128, 45, 53000),
('10N3261', 128, 38, 73000),
('15B7043', 128, 16, 6000),
('55O9249', 128, 0, 81000),
('75U1620', 128, 10, 43000),
('69L8451', 128, 44, 50000),
('GO3563AX1239', 129, 1, 7000000),
('4H68', 129, 49, 31000),
('66D9726', 129, 33, 79000),
('SS5220NR5163', 130, 1, 5000000),
('48Q5238', 130, 12, 20000),
('89S4729', 130, 15, 26000),
('83C3667', 130, 10, 48000),
('JU3058CE8508', 131, 1, 3000000),
('46J2258', 131, 43, 0),
('99R8978', 131, 20, 91000),
('AG5004KJ2246', 132, 1, 2000000),
('56S3552', 132, 42, 26000),
('75U3303', 132, 10, 77000),
('65U9063', 132, 3, 75000),
('61I3177', 132, 40, 5000),
('2I1897', 132, 34, 14000),
('KD9748GG6005', 133, 1, 8000000),
('39E6839', 133, 48, 12000),
('69A4004', 133, 34, 45000),
('21H4715', 133, 38, 15000),
('HO5968YN9809', 134, 1, 1000000),
('37O2524', 134, 27, 6000),
('25T9826', 134, 6, 43000),
('13L3683', 134, 42, 68000),
('14H9672', 134, 4, 71000),
('22H7984', 134, 6, 77000),
('18I9622', 134, 18, 44000),
('82F377', 134, 12, 68000),
('35M2905', 134, 15, 64000),
('3X2637', 134, 25, 63000),
('YS1128VU1977', 135, 1, 5000000),
('QR4109TR3029', 136, 1, 5000000),
('5E5070', 136, 43, 24000),
('KP8174IO5059', 137, 1, 0),
('98R313', 137, 23, 83000),
('QC6455WR133', 138, 1, 4000000),
('SH4408HT5453', 139, 1, 0),
('11F5721', 139, 9, 64000),
('28I5086', 139, 5, 5000),
('61V7291', 139, 38, 22000),
('54S565', 139, 44, 55000),
('11K5606', 139, 28, 93000),
('FK4580MT1290', 140, 1, 6000000),
('58O4274', 140, 8, 39000),
('92L3071', 140, 40, 40000),
('11H7671', 140, 48, 3000),
('DA7554HD8860', 141, 1, 6000000),
('10A7753', 141, 49, 82000),
('4V3857', 141, 15, 28000),
('25U4849', 141, 49, 92000),
('90O1943', 141, 48, 68000),
('35N5786', 141, 8, 79000),
('66H2549', 141, 49, 17000),
('22F7416', 141, 42, 37000),
('LV6528XO4551', 142, 1, 1000000),
('38X763', 142, 5, 15000),
('95K1574', 142, 32, 39000),
('25K5750', 142, 29, 9000),
('53G4537', 142, 40, 83000),
('34S974', 142, 35, 72000),
('76C5601', 142, 27, 85000),
('14G6458', 142, 11, 8000),
('QV7554BV4602', 143, 1, 2000000),
('52V6188', 143, 0, 31000),
('43F2226', 143, 38, 82000),
('45H3423', 143, 16, 10000),
('65J8524', 143, 32, 93000),
('JW4883RC7157', 144, 1, 6000000),
('87C4469', 144, 2, 54000),
('57M9794', 144, 5, 52000),
('81O6512', 144, 23, 15000),
('78O2473', 144, 30, 50000),
('32G1833', 144, 10, 6000),
('18X4761', 144, 30, 51000),
('HK6148GR8798', 145, 1, 7000000),
('86L3469', 145, 43, 28000),
('44M7911', 145, 47, 2000),
('22W8018', 145, 18, 20000),
('25Q6943', 145, 26, 40000),
('84D9704', 145, 15, 82000),
('6G4704', 145, 23, 71000),
('51D822', 145, 15, 67000),
('78Q4979', 145, 17, 59000),
('83I3881', 145, 24, 63000),
('PH2299IO8588', 146, 1, 1000000),
('73G7321', 146, 19, 69000),
('99O3694', 146, 24, 32000),
('54X776', 146, 23, 62000),
('95R524', 146, 26, 49000),
('35U997', 146, 39, 66000),
('53X229', 146, 31, 29000),
('54S565', 146, 41, 81000),
('DV2692EK9116', 147, 1, 2000000),
('3E7060', 147, 46, 74000),
('92R3950', 147, 29, 19000),
('70R7761', 147, 23, 38000),
('85U5190', 147, 24, 48000),
('99R8978', 147, 40, 37000),
('66F1880', 147, 19, 13000),
('35K4858', 147, 48, 5000),
('88H7431', 147, 25, 30000),
('75T2176', 147, 49, 4000),
('KB8979LF4090', 148, 1, 1000000),
('2S2391', 148, 13, 77000),
('76L6550', 148, 10, 13000),
('17O4381', 148, 48, 87000),
('29K5885', 148, 19, 25000),
('60D8659', 148, 25, 97000),
('47Q1973', 148, 41, 62000),
('57Y5659', 148, 9, 2000),
('36N7019', 148, 38, 37000),
('MV1989WD2024', 149, 1, 0),
('93E8292', 149, 3, 58000),
('89S9374', 149, 35, 79000),
('18P5050', 149, 10, 59000),
('78R5543', 149, 0, 27000),
('23K2133', 149, 20, 61000),
('39O8545', 149, 17, 20000),
('50T9130', 149, 47, 4000),
('8R1569', 149, 31, 93000),
('15H2865', 149, 47, 80000),
('55M6484', 149, 16, 55000),
('SG9500VV2580', 150, 1, 9000000),
('42C4472', 150, 42, 81000),
('50J3472', 150, 28, 3000),
('70M3737', 150, 9, 91000),
('39K3609', 150, 35, 68000),
('18I9055', 150, 41, 52000),
('66C6846', 150, 4, 63000);

insert into compra values
(00000, 6436909344, 1586370516, "2008-3-4", 1737594),
(00001, 6572281362, 1566883111, "2008-8-17", 5621188),
(00002, 8351344782, 1578771680, "2013-3-11", 4479777),
(00003, 1579037586, 1640048641, "2015-3-23", 6259087),
(00004, 4367346248, 1531815135, "2015-10-21", 4270260),
(00005, 6436909344, 1646714143, "2010-8-21", 7588792),
(00006, 4636520906, 1541200527, "2012-5-19", 4171511),
(00007, 3647055692, 1617684338, "2011-7-23", 1604450),
(00008, 5261407976, 1516861852, "2011-11-8", 2956548),
(00009, 4528097680, 1625104113, "2014-1-9", 1821406),
(00010, 4528097680, 1540433705, "2012-9-7", 3216210),
(00011, 8681033918, 1554570153, "2013-11-24", 4806501),
(00012, 4367346248, 1582001833, "2015-1-16", 2555266),
(00013, 6572281362, 1631725437, "2010-5-24", 823936),
(00014, 1031367114, 1536120668, "2011-1-27", 2661289),
(00015, 7752301462, 1512408506, "2010-4-13", 3896817),
(00016, 1630844328, 1566883111, "2010-2-20", 2240132),
(00017, 9307042574, 1606248327, "2010-4-13", 2157990),
(00018, 6436909344, 1557414002, "2009-11-23", 2662963),
(00019, 7752301462, 1633576666, "2015-8-19", 1181540),
(00020, 8351344782, 1648037304, "2015-6-23", 2264235),
(00021, 1085932915, 1560534351, "2010-10-11", 3178101),
(00022, 1085932915, 1648037304, "2007-10-14", 3361123),
(00023, 1579037586, 1608363552, "2012-11-11", 4792476),
(00024, 4279444630, 1531815135, "2012-6-2", 5751720),
(00025, 4367346248, 1640048641, "2010-11-5", 11343222),
(00026, 1630844328, 1646714143, "2015-2-7", 1396123),
(00027, 8289093933, 1621117638, "2016-1-6", 320142),
(00028, 1031367114, 1578771680, "2012-9-4", 5897884),
(00029, 4279444630, 1578771680, "2015-7-20", 1734450),
(00030, 4279444630, 1543751126, "2007-8-4", 2633210),
(00031, 2497584569, 1606108122, "2009-8-14", 2327028),
(00032, 7752301462, 1585178205, "2008-9-22", 6459341),
(00033, 4367346248, 1607512506, "2007-7-21", 2157740),
(00034, 6685163882, 1608363552, "2013-7-20", 3581068),
(00035, 8037051829, 1640768667, "2008-3-13", 6523503),
(00036, 9617622595, 1575357454, "2016-9-11", 1148045),
(00037, 9827809820, 1541200527, "2007-6-16", 1275936),
(00038, 7591011532, 1560534351, "2016-11-18", 1411090),
(00039, 5015419492, 1531815135, "2008-2-3", 3051017),
(00040, 1630844328, 1586370516, "2016-5-18", 4611421),
(00041, 4367346248, 1546000646, "2015-11-27", 1191983),
(00042, 9827809820, 1575357454, "2007-1-9", 1517273),
(00043, 9617622595, 1516861852, "2009-2-21", 5115728),
(00044, 4528097680, 1554570153, "2008-9-5", 1811566),
(00045, 7185881341, 1606108122, "2011-10-7", 3452422),
(00046, 4279444630, 1563134853, "2009-10-5", 1852130),
(00047, 9827809820, 1531815135, "2013-11-5", 732129),
(00048, 4279444630, 1617684338, "2010-6-13", 1133826),
(00049, 700714596, 1641600842, "2007-6-12", 2866368),
(00050, 4528097680, 1606108122, "2012-10-4", 7698832),
(00051, 3647055692, 1621117638, "2015-10-2", 1425911),
(00052, 7752301462, 1640048641, "2014-7-7", 5228578),
(00053, 4279444630, 1631725437, "2010-10-14", 2379712),
(00054, 6572281362, 1612824655, "2008-1-21", 2670756),
(00055, 6436909344, 1582001833, "2009-11-4", 5120691),
(00056, 9827809820, 1515557821, "2008-5-6", 1482513),
(00057, 1630844328, 1635142387, "2010-4-16", 2770520),
(00058, 1579037586, 1625672744, "2011-6-12", 2067477),
(00059, 8681033918, 1625672744, "2016-7-7", 6180940),
(00060, 8037051829, 1631725437, "2008-8-19", 3603148),
(00061, 9307042574, 1550853078, "2008-10-2", 8875326),
(00062, 8037051829, 1618127014, "2011-5-17", 1914659),
(00063, 7591011532, 1633576666, "2013-6-25", 3537654),
(00064, 1579037586, 1543751126, "2008-11-23", 592916),
(00065, 3647055692, 1625672744, "2014-4-7", 11812830),
(00066, 8289093933, 1618127014, "2010-4-23", 2827048),
(00067, 4636520906, 1556051477, "2011-4-25", 2124694),
(00068, 9420030835, 1625672744, "2009-6-16", 5316118),
(00069, 1085932915, 1550853078, "2010-11-16", 691469),
(00070, 6572281362, 1578771680, "2009-2-27", 1902810),
(00071, 1031367114, 1625104113, "2014-7-8", 1419718),
(00072, 2497584569, 1612578714, "2016-3-18", 2460530),
(00073, 7358057534, 1578771680, "2013-2-9", 2927418),
(00074, 9307042574, 1556051477, "2010-5-23", 1980573),
(00075, 4636520906, 1618127014, "2014-1-9", 4072209),
(00076, 9617622595, 1612578714, "2007-6-21", 1724060),
(00077, 6436909344, 1633576666, "2011-11-4", 1991934),
(00078, 8037051829, 1617684338, "2011-8-14", 2614406),
(00079, 4367346248, 1631725437, "2014-5-16", 4397146),
(00080, 8037051829, 1560534351, "2007-5-23", 421380),
(00081, 1579037586, 1646714143, "2011-1-27", 1623116),
(00082, 5261407976, 1531815135, "2016-8-7", 1500130),
(00083, 7591011532, 1621117638, "2007-8-21", 1041457),
(00084, 6436909344, 1540433705, "2014-4-14", 2063932),
(00085, 4636520906, 1515557821, "2014-6-4", 7181395),
(00086, 9617622595, 1554570153, "2012-11-19", 5884143),
(00087, 1579037586, 1618127014, "2014-5-12", 2364243),
(00088, 6436909344, 1512408506, "2010-6-21", 8833472),
(00089, 1085932915, 1618127014, "2012-5-26", 2331429),
(00090, 9617622595, 1612578714, "2010-1-2", 3990538),
(00091, 8289093933, 1575357454, "2012-11-19", 9500093),
(00092, 700714596, 1518716508, "2010-1-14", 148146),
(00093, 8037051829, 1608363552, "2015-3-17", 8909111),
(00094, 2497584569, 1628848785, "2015-4-8", 1270762),
(00095, 8681033918, 1648760080, "2013-9-10", 1142346),
(00096, 9420030835, 1621117638, "2011-1-4", 8530177),
(00097, 1085932915, 1621117638, "2008-3-10", 4441646),
(00098, 3647055692, 1556857166, "2015-11-20", 1463270),
(00099, 1630844328, 1631725437, "2010-6-27", 4472432),
(00100, 9617622595, 1566413108, "2009-11-9", 4593815),
(00101, 9420030835, 1536120668, "2010-5-7", 1307616),
(00102, 7591011532, 1536120668, "2010-4-4", 2638235),
(00103, 1579037586, 1640048641, "2007-2-21", 2705661),
(00104, 700714596, 1635142387, "2011-2-6", 2999532),
(00105, 8037051829, 1554427456, "2014-2-6", 4402660),
(00106, 7358057534, 1607512506, "2012-11-3", 1491474),
(00107, 1579037586, 1631725437, "2012-2-25", 1863314),
(00108, 3647055692, 1543751126, "2007-1-8", 2832373),
(00109, 5261407976, 1640048641, "2009-5-6", 3354820),
(00110, 8037051829, 1628848785, "2008-10-20", 2536746),
(00111, 1085932915, 1633576666, "2009-7-2", 3288819),
(00112, 6572281362, 1531815135, "2015-2-26", 1527676),
(00113, 1630844328, 1606108122, "2016-8-1", 1588040),
(00114, 4279444630, 1516861852, "2014-2-14", 9832395),
(00115, 7752301462, 1618127014, "2008-8-4", 2539585),
(00116, 1031367114, 1554427456, "2009-8-3", 7184773),
(00117, 7185881341, 1518716508, "2008-9-20", 1189483),
(00118, 7591011532, 1617684338, "2008-2-5", 1462395),
(00119, 8289093933, 1628848785, "2008-4-7", 933779),
(00120, 8289093933, 1516861852, "2015-6-3", 9344648),
(00121, 8681033918, 1612578714, "2007-3-8", 3569428),
(00122, 1031367114, 1631725437, "2008-8-8", 632224),
(00123, 4367346248, 1641600842, "2014-5-5", 1249222),
(00124, 7591011532, 1585178205, "2007-8-17", 1932340),
(00125, 7591011532, 1512408506, "2016-1-18", 2739210),
(00126, 4528097680, 1556051477, "2010-3-10", 1033829),
(00127, 1031367114, 1540433705, "2010-3-6", 3313840),
(00128, 9307042574, 1606108122, "2016-3-21", 2034336),
(00129, 700714596, 1608363552, "2010-9-17", 668928),
(00130, 1085932915, 1621117638, "2015-3-4", 1149392),
(00131, 8681033918, 1522372137, "2015-3-25", 1407465),
(00132, 4528097680, 1543751126, "2008-2-11", 7433406),
(00133, 9617622595, 1578771680, "2012-8-3", 2605217),
(00134, 1031367114, 1560534351, "2009-4-23", 3633311),
(00135, 9617622595, 1556051477, "2009-2-19", 5273701),
(00136, 9307042574, 1540433705, "2012-10-3", 10054155),
(00137, 6685163882, 1566413108, "2015-11-20", 4395147),
(00138, 7358057534, 1512408506, "2016-4-21", 572665),
(00139, 1630844328, 1633576666, "2008-4-23", 3894160),
(00140, 9827809820, 1640048641, "2016-2-10", 2216421),
(00141, 1085932915, 1512408506, "2016-3-14", 4264502),
(00142, 8037051829, 1560534351, "2012-7-15", 5087611),
(00143, 9307042574, 1533535170, "2011-9-17", 5236384),
(00144, 7591011532, 1557414002, "2007-7-4", 217440),
(00145, 8037051829, 1512408506, "2007-9-6", 432838),
(00146, 7358057534, 1566883111, "2012-5-1", 5990355),
(00147, 8289093933, 1586370516, "2007-8-25", 4380808),
(00148, 3647055692, 1640768667, "2010-9-26", 626129),
(00149, 7185881341, 1541200527, "2014-5-19", 2215122),
(00150, 4528097680, 1566883111, "2011-4-19", 8531103),
(00151, 9307042574, 1575357454, "2012-10-17", 3215826),
(00152, 6572281362, 1516861852, "2007-1-21", 876595),
(00153, 6685163882, 1625104113, "2011-7-2", 3521061),
(00154, 5015419492, 1555155273, "2014-4-6", 1100146),
(00155, 5015419492, 1612824655, "2007-11-16", 1717652),
(00156, 4636520906, 1641600842, "2008-8-22", 165312),
(00157, 5261407976, 1633576666, "2008-5-7", 6081704),
(00158, 1031367114, 1522372137, "2009-5-13", 3036326),
(00159, 8681033918, 1606248327, "2007-10-10", 7357438),
(00160, 5261407976, 1536120668, "2013-1-18", 10397770),
(00161, 9617622595, 1646714143, "2007-1-1", 2401590),
(00162, 8351344782, 1512408506, "2014-1-16", 9056277),
(00163, 5015419492, 1612824655, "2012-11-8", 8563065),
(00164, 6436909344, 1585178205, "2011-10-1", 7376845),
(00165, 1085932915, 1606108122, "2013-4-23", 2790155),
(00166, 9307042574, 1607512506, "2012-2-12", 2067708),
(00167, 6436909344, 1625104113, "2016-1-27", 1277949),
(00168, 7752301462, 1543751126, "2015-9-8", 2086164),
(00169, 6685163882, 1512408506, "2009-4-24", 2409588),
(00170, 3647055692, 1607512506, "2008-6-20", 767838),
(00171, 1085932915, 1628848785, "2016-11-19", 2494214),
(00172, 9420030835, 1578771680, "2008-10-21", 1659627),
(00173, 4279444630, 1585178205, "2015-5-22", 9491886),
(00174, 9307042574, 1585178205, "2007-6-11", 1640811),
(00175, 3647055692, 1617684338, "2009-6-15", 1081920),
(00176, 5015419492, 1640048641, "2012-9-14", 4851692),
(00177, 8351344782, 1617684338, "2008-4-26", 6776776),
(00178, 7752301462, 1555155273, "2010-3-19", 1657358),
(00179, 6685163882, 1554570153, "2008-5-23", 1069490),
(00180, 9420030835, 1554570153, "2008-5-7", 1046541),
(00181, 7185881341, 1618127014, "2009-2-10", 2778560),
(00182, 7752301462, 1512408506, "2013-10-6", 1061012),
(00183, 8037051829, 1612578714, "2014-4-13", 1895332),
(00184, 6436909344, 1563134853, "2013-4-2", 1538037),
(00185, 2497584569, 1586370516, "2015-5-1", 4384622),
(00186, 4528097680, 1631725437, "2013-1-7", 2001721),
(00187, 5261407976, 1640048641, "2014-6-14", 2632294),
(00188, 8037051829, 1648037304, "2008-11-23", 324263),
(00189, 5015419492, 1607512506, "2012-9-12", 367433),
(00190, 9420030835, 1606248327, "2012-11-24", 656109),
(00191, 6572281362, 1608363552, "2013-11-13", 10152588),
(00192, 1579037586, 1625672744, "2007-9-1", 6143112),
(00193, 7591011532, 1566883111, "2015-9-13", 7764284),
(00194, 4636520906, 1518716508, "2010-10-17", 3267868),
(00195, 9827809820, 1640768667, "2012-5-15", 7115887),
(00196, 4279444630, 1607512506, "2008-9-18", 7275113),
(00197, 4528097680, 1566883111, "2012-4-8", 9351749),
(00198, 8681033918, 1557414002, "2013-6-18", 1745900),
(00199, 1085932915, 1543751126, "2010-7-4", 2072640),
(00200, 6572281362, 1633576666, "2013-5-4", 3228974),
(00201, 5015419492, 1557414002, "2015-7-5", 7790876),
(00202, 6436909344, 1646714143, "2016-5-16", 8902031),
(00203, 4367346248, 1602217878, "2011-2-23", 2643748),
(00204, 7591011532, 1612578714, "2015-5-9", 4771232),
(00205, 6572281362, 1640048641, "2010-11-10", 1258782),
(00206, 4279444630, 1515557821, "2013-7-14", 916292),
(00207, 1085932915, 1640048641, "2008-6-5", 1634775),
(00208, 7752301462, 1550853078, "2012-10-15", 1774339),
(00209, 7185881341, 1608363552, "2008-11-13", 6936155),
(00210, 4367346248, 1541200527, "2013-6-2", 2752421),
(00211, 6436909344, 1515557821, "2014-6-25", 5932540),
(00212, 6572281362, 1560534351, "2014-6-22", 1012382),
(00213, 2497584569, 1556857166, "2012-4-18", 2708451),
(00214, 3647055692, 1607512506, "2007-5-26", 1145488),
(00215, 1031367114, 1566883111, "2008-6-15", 2980221),
(00216, 8351344782, 1566883111, "2008-7-26", 955817),
(00217, 9617622595, 1628848785, "2012-6-23", 4026531),
(00218, 8351344782, 1575357454, "2011-8-9", 567558),
(00219, 5261407976, 1641600842, "2013-10-8", 4044515),
(00220, 6685163882, 1560534351, "2013-3-22", 3053176),
(00221, 4636520906, 1541200527, "2012-9-21", 5619629),
(00222, 5261407976, 1586370516, "2012-10-24", 5638179),
(00223, 9617622595, 1522372137, "2014-10-27", 3765104),
(00224, 7752301462, 1554427456, "2011-2-8", 6945091),
(00225, 9307042574, 1612824655, "2012-2-25", 2030245),
(00226, 3647055692, 1557414002, "2009-8-12", 2280390),
(00227, 8037051829, 1555155273, "2014-10-1", 7909094),
(00228, 6572281362, 1550853078, "2016-1-13", 9193618),
(00229, 3647055692, 1533535170, "2014-11-6", 2879100),
(00230, 4528097680, 1648037304, "2008-5-8", 5707820),
(00231, 9617622595, 1518716508, "2007-4-24", 4104259),
(00232, 5261407976, 1641600842, "2015-4-10", 1979316),
(00233, 6436909344, 1602217878, "2015-9-24", 7676786),
(00234, 2497584569, 1602217878, "2010-11-4", 462735),
(00235, 5261407976, 1648037304, "2008-9-16", 7698636),
(00236, 6685163882, 1640768667, "2010-1-17", 3936052),
(00237, 4279444630, 1550853078, "2010-3-16", 3593991),
(00238, 7591011532, 1631725437, "2013-8-3", 9842812),
(00239, 7591011532, 1560534351, "2011-5-8", 630920),
(00240, 6685163882, 1621117638, "2014-1-17", 6346964),
(00241, 9827809820, 1625672744, "2010-9-22", 2824918),
(00242, 3647055692, 1612578714, "2010-10-7", 4072884),
(00243, 4528097680, 1585178205, "2012-5-5", 3650117),
(00244, 8037051829, 1612824655, "2007-6-4", 3527248),
(00245, 9617622595, 1640048641, "2009-3-4", 2340747),
(00246, 5261407976, 1516861852, "2012-4-15", 4258976),
(00247, 6572281362, 1612578714, "2016-1-3", 3084696),
(00248, 700714596, 1633576666, "2010-4-19", 6800723),
(00249, 8289093933, 1606248327, "2012-6-18", 5559009),
(00250, 9307042574, 1540433705, "2009-10-9", 587918),
(00251, 6572281362, 1607512506, "2013-2-16", 702156),
(00252, 9827809820, 1555155273, "2016-8-17", 5932038),
(00253, 1579037586, 1556857166, "2015-5-23", 9564952),
(00254, 5015419492, 1531815135, "2010-8-23", 3768737),
(00255, 4636520906, 1563134853, "2013-7-27", 2859819),
(00256, 700714596, 1648760080, "2010-4-26", 2006739),
(00257, 6436909344, 1575357454, "2013-8-23", 3135848),
(00258, 2497584569, 1606108122, "2009-7-26", 6435138),
(00259, 9617622595, 1612824655, "2009-8-13", 77386),
(00260, 5015419492, 1518716508, "2007-3-14", 7162583),
(00261, 6436909344, 1606248327, "2010-10-17", 3506538),
(00262, 6572281362, 1621117638, "2010-5-21", 1169778),
(00263, 7185881341, 1607512506, "2011-9-27", 2741531),
(00264, 9827809820, 1607512506, "2011-9-21", 5745725),
(00265, 9617622595, 1522372137, "2010-5-17", 1790032),
(00266, 4279444630, 1512408506, "2008-7-12", 12646223),
(00267, 1579037586, 1586370516, "2008-9-20", 2292631),
(00268, 4279444630, 1640768667, "2009-10-8", 1429395),
(00269, 8037051829, 1522372137, "2008-10-18", 7857400),
(00270, 6436909344, 1556051477, "2009-5-14", 3216196),
(00271, 8351344782, 1533535170, "2008-1-11", 4751759),
(00272, 7591011532, 1582001833, "2010-2-16", 2981524),
(00273, 3647055692, 1633576666, "2015-10-25", 1998762),
(00274, 6685163882, 1554427456, "2014-2-27", 5328081),
(00275, 9307042574, 1582001833, "2012-9-18", 3924113),
(00276, 700714596, 1518716508, "2008-2-1", 1326597),
(00277, 8289093933, 1586370516, "2012-9-23", 1527822),
(00278, 2497584569, 1646714143, "2011-5-9", 3981608),
(00279, 5261407976, 1556051477, "2009-11-6", 641546),
(00280, 5261407976, 1543751126, "2014-1-19", 2374427),
(00281, 4279444630, 1575357454, "2013-10-4", 2615484),
(00282, 700714596, 1646714143, "2012-2-22", 7947527),
(00283, 700714596, 1543751126, "2008-8-8", 8299195),
(00284, 8351344782, 1575357454, "2012-4-19", 1102093),
(00285, 9827809820, 1612578714, "2012-11-25", 2230912),
(00286, 6436909344, 1625104113, "2016-2-23", 7658650),
(00287, 1579037586, 1602217878, "2011-11-13", 5695248),
(00288, 7185881341, 1641600842, "2015-2-18", 1361626),
(00289, 9420030835, 1633576666, "2014-1-19", 4010879),
(00290, 9827809820, 1618127014, "2009-11-18", 1300227),
(00291, 4367346248, 1582001833, "2015-10-14", 173991),
(00292, 7591011532, 1540433705, "2016-3-17", 936530),
(00293, 9307042574, 1556051477, "2016-7-15", 1705351),
(00294, 4367346248, 1536120668, "2013-9-6", 1941974),
(00295, 9617622595, 1641600842, "2007-9-12", 5956602),
(00296, 5015419492, 1541200527, "2010-6-11", 3005511),
(00297, 8289093933, 1612824655, "2013-7-18", 1600635),
(00298, 4636520906, 1625672744, "2012-2-23", 3963460),
(00299, 700714596, 1516861852, "2014-4-27", 1459015),
(00300, 8037051829, 1543751126, "2009-8-26", 3402887),
(00301, 9827809820, 1531815135, "2016-4-14", 1572524),
(00302, 4279444630, 1585178205, "2014-6-19", 4131187),
(00303, 8681033918, 1641600842, "2012-1-13", 5007244),
(00304, 4636520906, 1640768667, "2016-9-20", 2845101),
(00305, 1579037586, 1541200527, "2008-9-24", 5928810),
(00306, 5015419492, 1618127014, "2011-4-9", 4598650),
(00307, 6436909344, 1648760080, "2011-4-27", 1001111),
(00308, 1085932915, 1641600842, "2014-10-13", 3253871),
(00309, 9617622595, 1557414002, "2012-6-22", 2978696),
(00310, 3647055692, 1648760080, "2007-1-15", 1998020),
(00311, 9617622595, 1621117638, "2012-4-14", 10726234),
(00312, 8289093933, 1518716508, "2014-11-7", 1149272),
(00313, 7185881341, 1546000646, "2012-6-4", 1042376),
(00314, 9420030835, 1612578714, "2015-10-11", 6280708),
(00315, 9827809820, 1625104113, "2011-3-11", 3229876),
(00316, 6572281362, 1522372137, "2014-2-27", 2021904),
(00317, 2497584569, 1612578714, "2007-5-1", 963141),
(00318, 6685163882, 1556857166, "2013-7-7", 9868983),
(00319, 4367346248, 1515557821, "2015-5-7", 2118862),
(00320, 8289093933, 1578771680, "2012-6-26", 2103950),
(00321, 4279444630, 1531815135, "2011-9-9", 545859),
(00322, 9617622595, 1554427456, "2014-7-26", 3428314),
(00323, 4279444630, 1533535170, "2008-8-7", 3916162),
(00324, 7752301462, 1512408506, "2008-4-26", 2635340),
(00325, 7358057534, 1612824655, "2016-2-21", 2107672),
(00326, 7358057534, 1560534351, "2007-3-8", 9432295),
(00327, 8289093933, 1633576666, "2015-8-20", 5707924),
(00328, 1085932915, 1543751126, "2009-7-8", 27652),
(00329, 9827809820, 1585178205, "2012-7-23", 450072),
(00330, 8037051829, 1617684338, "2016-3-19", 1381164),
(00331, 7358057534, 1635142387, "2008-2-23", 3445361),
(00332, 5015419492, 1641600842, "2016-5-4", 3652939),
(00333, 700714596, 1586370516, "2010-2-11", 13208759),
(00334, 4528097680, 1522372137, "2010-6-15", 7219732),
(00335, 9420030835, 1621117638, "2016-2-24", 2556144),
(00336, 700714596, 1543751126, "2016-1-24", 2541468),
(00337, 8681033918, 1518716508, "2008-2-13", 9801563),
(00338, 6685163882, 1533535170, "2014-5-24", 1933618),
(00339, 1085932915, 1625104113, "2016-5-10", 3718876),
(00340, 2497584569, 1625672744, "2009-10-25", 2631726),
(00341, 9827809820, 1554570153, "2014-11-19", 203243),
(00342, 6685163882, 1640048641, "2007-1-11", 862750),
(00343, 4528097680, 1602217878, "2010-3-9", 6766759),
(00344, 4528097680, 1515557821, "2014-8-18", 73614),
(00345, 1579037586, 1554570153, "2015-6-24", 4370790),
(00346, 7358057534, 1543751126, "2014-8-26", 8221623),
(00347, 7591011532, 1515557821, "2015-7-8", 1025447),
(00348, 5015419492, 1628848785, "2015-5-24", 578055),
(00349, 7591011532, 1625672744, "2010-9-16", 3141149),
(00350, 2497584569, 1522372137, "2013-10-24", 5049285),
(00351, 7591011532, 1512408506, "2013-10-16", 5148922),
(00352, 5015419492, 1646714143, "2016-4-13", 5425597),
(00353, 700714596, 1540433705, "2010-2-2", 3761256),
(00354, 4367346248, 1617684338, "2010-8-2", 6063156),
(00355, 3647055692, 1635142387, "2016-9-11", 1638410),
(00356, 1630844328, 1531815135, "2015-9-7", 4996294),
(00357, 7185881341, 1518716508, "2007-11-7", 1588979),
(00358, 7358057534, 1556051477, "2015-4-13", 3305887),
(00359, 700714596, 1531815135, "2007-11-11", 972244),
(00360, 1085932915, 1618127014, "2014-3-9", 2750547),
(00361, 700714596, 1625104113, "2007-4-12", 2045572),
(00362, 1085932915, 1586370516, "2014-10-24", 967768),
(00363, 4636520906, 1648760080, "2008-10-20", 2745372),
(00364, 9827809820, 1512408506, "2015-8-11", 1857555),
(00365, 1031367114, 1566883111, "2012-7-27", 2940836),
(00366, 5015419492, 1606248327, "2010-8-21", 219401),
(00367, 5261407976, 1625672744, "2007-6-20", 3977983),
(00368, 1579037586, 1556857166, "2007-7-25", 7232252),
(00369, 6436909344, 1554570153, "2013-9-17", 3275229),
(00370, 9827809820, 1640768667, "2010-9-27", 4354946),
(00371, 4367346248, 1566883111, "2011-9-18", 4565724),
(00372, 8351344782, 1606108122, "2010-4-11", 62922),
(00373, 9617622595, 1625104113, "2015-3-16", 3033140),
(00374, 7185881341, 1512408506, "2007-8-17", 4961294),
(00375, 6436909344, 1536120668, "2010-10-1", 1082570),
(00376, 9420030835, 1556051477, "2014-7-15", 1987232),
(00377, 4528097680, 1557414002, "2009-2-24", 6791107),
(00378, 9307042574, 1546000646, "2009-5-9", 9435738),
(00379, 4636520906, 1541200527, "2012-2-1", 2151141),
(00380, 6572281362, 1631725437, "2010-7-20", 827222),
(00381, 8289093933, 1582001833, "2010-4-12", 3344987),
(00382, 6572281362, 1555155273, "2012-3-13", 1972960),
(00383, 9420030835, 1617684338, "2014-2-1", 2126970),
(00384, 6685163882, 1612578714, "2007-8-11", 1438328),
(00385, 8037051829, 1541200527, "2015-2-2", 454011),
(00386, 8289093933, 1563134853, "2014-8-27", 3506479),
(00387, 6685163882, 1617684338, "2015-6-16", 556470),
(00388, 8037051829, 1612824655, "2009-1-3", 3603162),
(00389, 7591011532, 1625672744, "2014-4-22", 9329344),
(00390, 1085932915, 1550853078, "2012-7-13", 6169410),
(00391, 5261407976, 1536120668, "2012-7-26", 5727369),
(00392, 6685163882, 1515557821, "2009-2-3", 3465824),
(00393, 6685163882, 1518716508, "2016-9-13", 10396849),
(00394, 700714596, 1612578714, "2015-9-6", 9354755),
(00395, 2497584569, 1635142387, "2013-10-25", 1346109),
(00396, 6436909344, 1566413108, "2007-4-24", 2335161),
(00397, 5261407976, 1612578714, "2015-4-24", 2745065),
(00398, 700714596, 1540433705, "2013-6-8", 3175089),
(00399, 8681033918, 1556051477, "2010-3-21", 7947693),
(00400, 4367346248, 1518716508, "2007-4-6", 796344),
(00401, 6572281362, 1602217878, "2011-2-8", 13962959),
(00402, 4636520906, 1555155273, "2007-1-17", 3739572),
(00403, 4636520906, 1585178205, "2007-10-11", 574815),
(00404, 700714596, 1640048641, "2009-8-20", 6255556),
(00405, 9827809820, 1554570153, "2007-11-20", 2830800),
(00406, 4367346248, 1625672744, "2010-9-14", 2881686),
(00407, 6436909344, 1554427456, "2008-3-27", 3091928),
(00408, 7185881341, 1560534351, "2015-1-12", 4358694),
(00409, 6572281362, 1522372137, "2010-9-23", 270578),
(00410, 4367346248, 1536120668, "2012-10-2", 1481004),
(00411, 9617622595, 1533535170, "2012-3-2", 7992111),
(00412, 8681033918, 1606108122, "2014-4-6", 2359817),
(00413, 8681033918, 1608363552, "2013-2-1", 2406628),
(00414, 7752301462, 1512408506, "2009-7-19", 1372116),
(00415, 9420030835, 1554570153, "2016-9-6", 1183599),
(00416, 1031367114, 1556051477, "2009-2-27", 691278),
(00417, 4636520906, 1566883111, "2007-4-13", 7395676),
(00418, 8351344782, 1585178205, "2013-1-26", 4946548),
(00419, 4279444630, 1606248327, "2010-9-6", 1396395),
(00420, 1031367114, 1648037304, "2011-2-10", 1037816),
(00421, 5015419492, 1618127014, "2014-10-3", 11853126),
(00422, 7591011532, 1566413108, "2010-10-14", 4187621),
(00423, 700714596, 1606108122, "2007-6-10", 920184),
(00424, 1085932915, 1550853078, "2013-6-25", 4423288),
(00425, 1031367114, 1575357454, "2012-7-25", 2792328),
(00426, 8289093933, 1575357454, "2008-9-16", 2280318),
(00427, 4279444630, 1648037304, "2013-3-18", 3477284),
(00428, 8289093933, 1635142387, "2012-3-11", 2937796),
(00429, 4528097680, 1563134853, "2016-9-10", 2656152),
(00430, 9420030835, 1566883111, "2015-1-12", 3274769),
(00431, 9827809820, 1557414002, "2012-9-2", 978111),
(00432, 9617622595, 1578771680, "2015-7-7", 471972),
(00433, 2497584569, 1640048641, "2010-2-12", 1065614),
(00434, 9420030835, 1641600842, "2010-3-5", 1686645),
(00435, 2497584569, 1608363552, "2014-8-4", 5023326),
(00436, 7185881341, 1648037304, "2007-11-3", 3577212),
(00437, 6685163882, 1625104113, "2015-9-2", 3260094),
(00438, 8681033918, 1515557821, "2013-11-21", 2243430),
(00439, 9617622595, 1512408506, "2013-5-14", 1711244),
(00440, 9307042574, 1625104113, "2015-10-6", 4353301),
(00441, 8289093933, 1515557821, "2010-3-24", 8273998),
(00442, 7591011532, 1554570153, "2009-10-25", 2852212),
(00443, 7185881341, 1633576666, "2015-2-2", 1229088),
(00444, 8351344782, 1554570153, "2011-8-13", 3137384),
(00445, 9307042574, 1618127014, "2009-11-2", 3888813),
(00446, 4367346248, 1640768667, "2014-10-11", 543717),
(00447, 1031367114, 1625104113, "2011-8-7", 1362452),
(00448, 7185881341, 1546000646, "2007-8-9", 1275531),
(00449, 1579037586, 1554570153, "2013-11-3", 2022135),
(00450, 5015419492, 1557414002, "2013-4-15", 2337354),
(00451, 9420030835, 1540433705, "2011-9-17", 190184),
(00452, 5261407976, 1533535170, "2009-3-19", 6305791),
(00453, 1579037586, 1617684338, "2007-9-21", 1178560),
(00454, 4528097680, 1608363552, "2009-7-19", 9668735),
(00455, 6572281362, 1578771680, "2015-6-17", 5032242),
(00456, 5015419492, 1566413108, "2013-2-2", 6527504),
(00457, 8351344782, 1628848785, "2013-1-22", 2116846),
(00458, 6436909344, 1550853078, "2013-11-25", 2753664),
(00459, 1579037586, 1648760080, "2010-8-13", 422646),
(00460, 7591011532, 1602217878, "2012-1-20", 3940883),
(00461, 7358057534, 1625672744, "2012-5-3", 229702),
(00462, 8289093933, 1612578714, "2014-6-27", 2483388),
(00463, 8681033918, 1633576666, "2016-7-6", 1423578),
(00464, 6685163882, 1575357454, "2007-8-22", 4624172),
(00465, 5261407976, 1585178205, "2013-7-5", 8388362),
(00466, 9307042574, 1646714143, "2015-3-24", 1614504),
(00467, 6436909344, 1566883111, "2008-7-11", 1428242),
(00468, 8351344782, 1533535170, "2014-10-5", 3066420),
(00469, 3647055692, 1560534351, "2013-9-25", 2026346),
(00470, 8681033918, 1586370516, "2007-11-1", 7557240),
(00471, 7752301462, 1640768667, "2011-11-26", 1349056),
(00472, 4528097680, 1582001833, "2015-8-10", 3151920),
(00473, 6685163882, 1543751126, "2010-1-4", 1026282),
(00474, 1031367114, 1556857166, "2016-8-5", 9460508),
(00475, 6436909344, 1536120668, "2016-11-10", 6926042),
(00476, 9617622595, 1646714143, "2011-2-27", 2267475),
(00477, 5261407976, 1546000646, "2016-8-8", 4944722),
(00478, 9307042574, 1625672744, "2010-11-10", 10141874),
(00479, 1031367114, 1515557821, "2013-7-5", 5000430),
(00480, 6436909344, 1554570153, "2014-7-19", 1701635),
(00481, 4279444630, 1621117638, "2015-6-27", 7999293),
(00482, 9827809820, 1625104113, "2008-9-4", 1477940),
(00483, 6685163882, 1541200527, "2015-6-26", 1734148),
(00484, 2497584569, 1648037304, "2014-5-21", 2127879),
(00485, 6436909344, 1602217878, "2010-5-4", 2473176),
(00486, 7185881341, 1631725437, "2012-10-24", 10683047),
(00487, 4279444630, 1575357454, "2016-2-24", 3262304),
(00488, 3647055692, 1516861852, "2011-8-16", 5831618),
(00489, 4528097680, 1625672744, "2014-9-11", 2326904),
(00490, 6572281362, 1543751126, "2016-1-11", 5673415),
(00491, 9827809820, 1516861852, "2011-2-21", 2633721),
(00492, 7358057534, 1556857166, "2007-4-3", 1801304),
(00493, 8037051829, 1516861852, "2013-1-14", 1277400),
(00494, 8289093933, 1631725437, "2011-10-20", 8629945),
(00495, 9307042574, 1640048641, "2013-1-10", 5774751),
(00496, 700714596, 1617684338, "2009-11-25", 4710660),
(00497, 700714596, 1585178205, "2009-10-6", 1410604),
(00498, 3647055692, 1602217878, "2007-6-10", 2123204),
(00499, 4528097680, 1533535170, "2011-8-17", 3358662),
(00500, 1031367114, 1578771680, "2016-9-14", 1867608),
(00501, 7752301462, 1582001833, "2011-9-7", 4932000),
(00502, 6572281362, 1541200527, "2013-10-27", 1383482),
(00503, 9420030835, 1557414002, "2013-7-17", 4057623),
(00504, 7185881341, 1556051477, "2012-7-18", 7562248),
(00505, 700714596, 1556857166, "2008-7-4", 1106994),
(00506, 8681033918, 1554427456, "2012-2-18", 980823),
(00507, 9307042574, 1602217878, "2009-7-15", 4083973),
(00508, 5015419492, 1578771680, "2007-10-24", 3280978),
(00509, 8351344782, 1531815135, "2012-3-12", 8987620),
(00510, 700714596, 1612824655, "2015-3-7", 6103796),
(00511, 5015419492, 1607512506, "2009-6-20", 2274292),
(00512, 700714596, 1640048641, "2016-8-17", 751183),
(00513, 2497584569, 1646714143, "2008-2-10", 202733),
(00514, 7752301462, 1648037304, "2010-4-20", 4335473),
(00515, 1031367114, 1607512506, "2015-3-13", 5137592),
(00516, 9827809820, 1640048641, "2015-9-5", 1929951),
(00517, 4636520906, 1541200527, "2009-3-24", 4335627),
(00518, 4279444630, 1543751126, "2015-2-23", 1877056),
(00519, 6572281362, 1554570153, "2013-11-10", 4273960),
(00520, 9617622595, 1560534351, "2011-8-15", 1276935),
(00521, 5015419492, 1641600842, "2011-5-6", 3134912),
(00522, 9617622595, 1646714143, "2015-2-5", 4882272),
(00523, 9307042574, 1566883111, "2016-7-4", 6640293),
(00524, 6436909344, 1512408506, "2016-3-2", 4288261),
(00525, 8289093933, 1556857166, "2013-3-4", 9437073),
(00526, 9420030835, 1602217878, "2012-8-9", 8443444),
(00527, 1031367114, 1585178205, "2012-3-16", 1614564),
(00528, 4367346248, 1602217878, "2008-10-18", 1319657),
(00529, 700714596, 1575357454, "2016-6-8", 6324994),
(00530, 8037051829, 1556857166, "2016-9-19", 3615420),
(00531, 7591011532, 1640048641, "2008-2-24", 2978412),
(00532, 8351344782, 1628848785, "2015-4-4", 1509130),
(00533, 1579037586, 1512408506, "2008-2-27", 4202778),
(00534, 700714596, 1640768667, "2011-1-19", 3654720),
(00535, 5261407976, 1543751126, "2008-1-23", 917326),
(00536, 9420030835, 1585178205, "2015-9-13", 6687155),
(00537, 8681033918, 1640768667, "2012-3-27", 615535),
(00538, 6436909344, 1628848785, "2015-11-10", 3028912),
(00539, 6685163882, 1602217878, "2012-7-16", 3524788),
(00540, 1579037586, 1586370516, "2013-4-18", 4285433),
(00541, 3647055692, 1617684338, "2009-6-3", 6305930),
(00542, 7752301462, 1512408506, "2014-3-7", 9371821),
(00543, 1031367114, 1533535170, "2014-2-17", 1568484),
(00544, 1630844328, 1546000646, "2008-3-8", 1623448),
(00545, 3647055692, 1640048641, "2008-8-11", 2037958),
(00546, 6685163882, 1608363552, "2007-10-23", 2900440),
(00547, 6436909344, 1533535170, "2012-3-25", 1465952),
(00548, 9617622595, 1585178205, "2012-9-7", 9139547),
(00549, 6436909344, 1641600842, "2015-7-18", 10339153),
(00550, 2497584569, 1607512506, "2010-5-25", 2925301),
(00551, 7358057534, 1612824655, "2011-6-14", 1282857),
(00552, 9827809820, 1582001833, "2013-2-4", 6923517),
(00553, 5015419492, 1555155273, "2012-5-9", 1778195),
(00554, 2497584569, 1633576666, "2012-10-20", 9260310),
(00555, 2497584569, 1518716508, "2010-1-16", 26745),
(00556, 8681033918, 1646714143, "2009-6-15", 1788671),
(00557, 7358057534, 1621117638, "2010-9-18", 2765963),
(00558, 8037051829, 1646714143, "2009-11-21", 6773974),
(00559, 4367346248, 1554427456, "2012-10-4", 9120961),
(00560, 4528097680, 1631725437, "2012-5-27", 3008036),
(00561, 3647055692, 1585178205, "2013-3-6", 3235640),
(00562, 2497584569, 1640048641, "2016-5-9", 3597033),
(00563, 9307042574, 1648760080, "2010-10-22", 1649688),
(00564, 700714596, 1606248327, "2015-11-17", 2211907),
(00565, 1085932915, 1618127014, "2007-8-18", 2819247),
(00566, 8351344782, 1554427456, "2008-9-13", 2989091),
(00567, 700714596, 1625104113, "2007-8-12", 2284904),
(00568, 1630844328, 1625672744, "2015-5-15", 1044232),
(00569, 4367346248, 1648037304, "2007-9-18", 1342938),
(00570, 6572281362, 1554570153, "2014-11-23", 5554139),
(00571, 9827809820, 1640048641, "2015-2-19", 2714857),
(00572, 700714596, 1618127014, "2011-1-8", 8670549),
(00573, 3647055692, 1625672744, "2014-9-7", 4805678),
(00574, 7752301462, 1540433705, "2012-1-20", 462438),
(00575, 9827809820, 1566413108, "2007-2-10", 4014282),
(00576, 4636520906, 1617684338, "2008-5-7", 787491),
(00577, 6436909344, 1635142387, "2012-7-21", 346155),
(00578, 8351344782, 1533535170, "2014-10-1", 6011484),
(00579, 9307042574, 1536120668, "2011-5-12", 3018240),
(00580, 9307042574, 1563134853, "2007-7-26", 1981962),
(00581, 8681033918, 1541200527, "2009-7-14", 2723935),
(00582, 1579037586, 1516861852, "2013-1-11", 5606979),
(00583, 2497584569, 1554570153, "2015-3-21", 2826249),
(00584, 1579037586, 1648037304, "2008-3-9", 1337090),
(00585, 8351344782, 1633576666, "2015-6-4", 122838),
(00586, 1630844328, 1516861852, "2009-6-17", 2282996),
(00587, 4279444630, 1512408506, "2015-2-22", 7741052),
(00588, 4279444630, 1648760080, "2015-6-23", 1381694),
(00589, 7185881341, 1543751126, "2010-8-2", 1950741),
(00590, 6685163882, 1566413108, "2007-7-25", 3887267),
(00591, 9827809820, 1582001833, "2007-7-1", 9566455),
(00592, 1630844328, 1536120668, "2010-1-22", 9428197),
(00593, 5015419492, 1586370516, "2013-5-27", 7320092),
(00594, 1085932915, 1585178205, "2015-3-27", 10443767),
(00595, 4636520906, 1606108122, "2015-7-4", 2637522),
(00596, 4367346248, 1608363552, "2016-9-23", 4718118),
(00597, 7752301462, 1560534351, "2007-6-20", 1248048),
(00598, 1630844328, 1540433705, "2015-4-1", 9078517),
(00599, 5261407976, 1631725437, "2012-7-12", 2155449),
(00600, 7185881341, 1575357454, "2013-3-24", 1416608),
(00601, 9420030835, 1602217878, "2007-1-27", 2547660),
(00602, 7752301462, 1563134853, "2014-6-10", 7633149),
(00603, 7752301462, 1557414002, "2015-6-19", 806895),
(00604, 3647055692, 1646714143, "2010-4-27", 1856210),
(00605, 700714596, 1631725437, "2014-11-24", 9713031),
(00606, 1031367114, 1516861852, "2014-1-6", 6286277),
(00607, 3647055692, 1612824655, "2013-6-11", 260421),
(00608, 1085932915, 1625104113, "2008-6-16", 1369754),
(00609, 6685163882, 1578771680, "2016-10-5", 4677403),
(00610, 4528097680, 1635142387, "2015-3-4", 2559117),
(00611, 1031367114, 1648760080, "2009-5-22", 9302131),
(00612, 4279444630, 1556857166, "2016-4-1", 1047144),
(00613, 1579037586, 1586370516, "2011-7-4", 1271004),
(00614, 1031367114, 1557414002, "2016-3-6", 2063540),
(00615, 4528097680, 1641600842, "2012-11-14", 3033462),
(00616, 4279444630, 1612824655, "2013-3-12", 10691404),
(00617, 9307042574, 1607512506, "2016-8-20", 349470),
(00618, 5015419492, 1575357454, "2012-7-5", 1433964),
(00619, 6572281362, 1554427456, "2013-7-21", 11117551),
(00620, 1630844328, 1556051477, "2007-7-17", 2192751),
(00621, 2497584569, 1557414002, "2014-11-20", 828858),
(00622, 1031367114, 1557414002, "2007-3-26", 1950029),
(00623, 7591011532, 1608363552, "2011-10-22", 2087649),
(00624, 700714596, 1621117638, "2013-8-7", 2804083),
(00625, 3647055692, 1606108122, "2008-2-18", 5371362),
(00626, 7752301462, 1640768667, "2009-3-15", 1529121),
(00627, 7358057534, 1606108122, "2014-9-19", 1423928),
(00628, 9617622595, 1612578714, "2011-6-22", 553531),
(00629, 1579037586, 1550853078, "2008-11-19", 1765244),
(00630, 1085932915, 1578771680, "2011-8-7", 1623082),
(00631, 7185881341, 1536120668, "2015-10-23", 1907198),
(00632, 4636520906, 1633576666, "2011-2-23", 2371275),
(00633, 1630844328, 1550853078, "2010-2-27", 5457791),
(00634, 1630844328, 1608363552, "2015-7-14", 3229665),
(00635, 7185881341, 1617684338, "2013-11-22", 9889704),
(00636, 1085932915, 1582001833, "2012-1-20", 2224447),
(00637, 8037051829, 1606108122, "2015-8-17", 2710780),
(00638, 9307042574, 1566883111, "2007-5-4", 9604514),
(00639, 3647055692, 1648760080, "2016-4-6", 2885898),
(00640, 9827809820, 1641600842, "2013-2-17", 2155650),
(00641, 8037051829, 1575357454, "2014-4-7", 2217403),
(00642, 5261407976, 1556857166, "2011-3-10", 1649728),
(00643, 3647055692, 1606108122, "2016-7-17", 2671679),
(00644, 5015419492, 1515557821, "2016-3-1", 1183152),
(00645, 8681033918, 1556051477, "2012-9-4", 4229559),
(00646, 1085932915, 1566413108, "2016-3-5", 4914124),
(00647, 8351344782, 1546000646, "2014-3-3", 1155483),
(00648, 7591011532, 1648037304, "2008-11-5", 2552718),
(00649, 9307042574, 1607512506, "2015-11-22", 963458),
(00650, 4636520906, 1536120668, "2012-6-11", 2429652),
(00651, 9420030835, 1641600842, "2008-3-22", 1957283),
(00652, 8681033918, 1540433705, "2007-8-22", 1478848),
(00653, 7358057534, 1641600842, "2007-9-14", 7519787),
(00654, 9307042574, 1606108122, "2015-5-24", 5291276),
(00655, 4636520906, 1628848785, "2011-2-10", 1152156),
(00656, 9617622595, 1628848785, "2015-11-6", 1524885),
(00657, 700714596, 1617684338, "2011-11-12", 2439572),
(00658, 4367346248, 1621117638, "2011-7-7", 1393992),
(00659, 1630844328, 1607512506, "2009-8-26", 2685908),
(00660, 7591011532, 1518716508, "2009-4-3", 2895232),
(00661, 6572281362, 1635142387, "2007-11-2", 4424518),
(00662, 4279444630, 1607512506, "2010-11-14", 150462),
(00663, 9420030835, 1522372137, "2016-4-2", 953060),
(00664, 7358057534, 1540433705, "2015-4-21", 1449866),
(00665, 6436909344, 1633576666, "2013-9-14", 2162838),
(00666, 700714596, 1566883111, "2010-4-14", 5345481),
(00667, 7591011532, 1631725437, "2012-2-4", 3917079),
(00668, 700714596, 1578771680, "2010-11-4", 2288052),
(00669, 6685163882, 1648760080, "2014-11-4", 875908),
(00670, 4636520906, 1608363552, "2012-6-10", 8727560),
(00671, 4636520906, 1631725437, "2015-9-14", 2385276),
(00672, 7358057534, 1641600842, "2014-4-3", 2339981),
(00673, 1579037586, 1560534351, "2013-7-4", 846270),
(00674, 9617622595, 1641600842, "2011-3-2", 374862),
(00675, 5261407976, 1635142387, "2011-3-11", 4134727),
(00676, 1031367114, 1563134853, "2008-5-13", 253274),
(00677, 8037051829, 1628848785, "2016-6-22", 1876206),
(00678, 1579037586, 1575357454, "2014-2-13", 890656),
(00679, 5015419492, 1550853078, "2011-1-20", 4765698),
(00680, 8351344782, 1612824655, "2015-8-5", 2677692),
(00681, 9827809820, 1585178205, "2008-8-19", 6418187),
(00682, 5261407976, 1618127014, "2007-1-25", 1823062),
(00683, 6436909344, 1546000646, "2016-6-22", 4722359),
(00684, 4367346248, 1515557821, "2014-2-5", 338394),
(00685, 9827809820, 1625104113, "2012-6-10", 3217125),
(00686, 6436909344, 1556857166, "2011-8-7", 5268798),
(00687, 8681033918, 1575357454, "2015-9-26", 6564288),
(00688, 7358057534, 1628848785, "2008-8-2", 3966904),
(00689, 4367346248, 1635142387, "2011-5-23", 7004095),
(00690, 5261407976, 1541200527, "2012-4-6", 4586190),
(00691, 5261407976, 1578771680, "2014-4-11", 3145964),
(00692, 7752301462, 1550853078, "2008-9-10", 4521155),
(00693, 8681033918, 1516861852, "2010-10-17", 4293465),
(00694, 6685163882, 1608363552, "2015-9-26", 4082155),
(00695, 9827809820, 1602217878, "2009-9-19", 1676621),
(00696, 8351344782, 1533535170, "2011-5-4", 3366989),
(00697, 6572281362, 1606248327, "2008-5-10", 1748456),
(00698, 4367346248, 1546000646, "2015-6-15", 3262115),
(00699, 5261407976, 1540433705, "2014-2-11", 663225),
(00700, 8681033918, 1618127014, "2014-11-23", 9569470),
(00701, 8289093933, 1540433705, "2007-8-13", 2922156),
(00702, 4279444630, 1612824655, "2016-10-12", 3063612),
(00703, 4279444630, 1557414002, "2013-4-26", 2311277),
(00704, 6572281362, 1543751126, "2009-5-25", 2065079),
(00705, 9420030835, 1635142387, "2012-1-5", 29477),
(00706, 7185881341, 1546000646, "2016-9-19", 2386836),
(00707, 6572281362, 1554570153, "2016-3-7", 2809884),
(00708, 2497584569, 1612824655, "2010-7-26", 2647598),
(00709, 7358057534, 1646714143, "2016-2-17", 7015986),
(00710, 1630844328, 1560534351, "2014-2-14", 5054951),
(00711, 4636520906, 1612578714, "2014-3-27", 1711158),
(00712, 5261407976, 1533535170, "2012-2-26", 2913396),
(00713, 2497584569, 1522372137, "2013-2-14", 8066945),
(00714, 8289093933, 1582001833, "2008-5-2", 3165283),
(00715, 7591011532, 1578771680, "2013-8-20", 1240094),
(00716, 1085932915, 1635142387, "2007-3-20", 5812062),
(00717, 1031367114, 1516861852, "2015-6-2", 1446150),
(00718, 4279444630, 1522372137, "2008-10-7", 3588472),
(00719, 8037051829, 1640048641, "2010-10-2", 9238774),
(00720, 5015419492, 1512408506, "2015-7-7", 497266),
(00721, 4367346248, 1533535170, "2014-8-14", 691080),
(00722, 9827809820, 1641600842, "2010-1-3", 3773985),
(00723, 8289093933, 1640768667, "2013-3-19", 5404998),
(00724, 1031367114, 1646714143, "2012-3-6", 3495580),
(00725, 4279444630, 1540433705, "2015-8-18", 1844410),
(00726, 4367346248, 1536120668, "2013-2-22", 1488868),
(00727, 4636520906, 1648760080, "2014-8-12", 1407747),
(00728, 8037051829, 1566883111, "2007-3-7", 526110),
(00729, 4367346248, 1554427456, "2013-11-24", 7202776),
(00730, 7185881341, 1518716508, "2010-5-1", 4553466),
(00731, 1579037586, 1566413108, "2012-9-7", 3337328),
(00732, 9420030835, 1563134853, "2015-10-26", 4639078),
(00733, 9617622595, 1625104113, "2009-11-10", 2523504),
(00734, 5261407976, 1566413108, "2013-4-1", 1881759),
(00735, 7358057534, 1557414002, "2012-1-19", 2259756),
(00736, 4367346248, 1633576666, "2009-9-18", 3751106),
(00737, 2497584569, 1641600842, "2008-8-16", 1579558),
(00738, 6436909344, 1606248327, "2016-7-13", 2794356),
(00739, 2497584569, 1566883111, "2010-5-21", 2186984),
(00740, 5015419492, 1518716508, "2008-9-21", 13628716),
(00741, 700714596, 1522372137, "2007-11-7", 2202744),
(00742, 7185881341, 1631725437, "2008-11-12", 2921514),
(00743, 8037051829, 1641600842, "2012-5-19", 3415370),
(00744, 6685163882, 1578771680, "2014-8-12", 1505300),
(00745, 2497584569, 1556857166, "2016-2-8", 10213539),
(00746, 6685163882, 1555155273, "2010-6-2", 3946880),
(00747, 1579037586, 1585178205, "2010-5-1", 1600331),
(00748, 8351344782, 1635142387, "2008-10-2", 2055297),
(00749, 1630844328, 1618127014, "2016-5-12", 1018573),
(00750, 7185881341, 1556051477, "2008-4-18", 3948020),
(00751, 8351344782, 1518716508, "2009-7-24", 736749),
(00752, 8289093933, 1575357454, "2007-6-22", 9067113),
(00753, 9420030835, 1554427456, "2016-9-11", 5086252),
(00754, 8351344782, 1543751126, "2010-6-22", 1707066),
(00755, 3647055692, 1541200527, "2009-7-1", 2305716),
(00756, 4636520906, 1641600842, "2014-6-6", 9263210),
(00757, 4528097680, 1607512506, "2015-10-10", 3320840),
(00758, 8037051829, 1516861852, "2007-1-27", 557871),
(00759, 4528097680, 1646714143, "2015-3-16", 4962453),
(00760, 1031367114, 1533535170, "2013-4-24", 7239082),
(00761, 4636520906, 1631725437, "2014-11-1", 5447530),
(00762, 5015419492, 1533535170, "2014-7-5", 4140425),
(00763, 1085932915, 1566883111, "2008-5-7", 2972454),
(00764, 8681033918, 1608363552, "2012-4-17", 2839809),
(00765, 2497584569, 1578771680, "2008-8-17", 436597),
(00766, 8289093933, 1635142387, "2015-1-12", 1183476),
(00767, 6685163882, 1631725437, "2014-4-3", 1524311),
(00768, 9827809820, 1563134853, "2014-2-17", 5833808),
(00769, 7185881341, 1560534351, "2007-8-14", 2193592),
(00770, 3647055692, 1515557821, "2011-3-26", 1657692),
(00771, 8289093933, 1522372137, "2013-1-19", 1267842),
(00772, 6572281362, 1557414002, "2015-8-21", 1594854),
(00773, 1085932915, 1575357454, "2008-8-20", 7540741),
(00774, 4279444630, 1518716508, "2013-9-5", 1065280),
(00775, 5261407976, 1633576666, "2010-9-23", 3883991),
(00776, 9307042574, 1543751126, "2007-5-27", 1957058),
(00777, 9307042574, 1557414002, "2010-4-8", 3424061),
(00778, 1630844328, 1641600842, "2013-5-5", 1500340),
(00779, 7358057534, 1515557821, "2012-8-16", 4764272),
(00780, 1630844328, 1515557821, "2012-6-26", 5460419),
(00781, 6685163882, 1550853078, "2012-5-27", 866145),
(00782, 700714596, 1631725437, "2016-5-16", 1500710),
(00783, 8289093933, 1606248327, "2016-3-11", 2165876),
(00784, 6572281362, 1515557821, "2010-8-12", 950083),
(00785, 1085932915, 1556857166, "2016-11-10", 7945015),
(00786, 9420030835, 1556857166, "2008-7-6", 564148),
(00787, 9307042574, 1556857166, "2015-4-22", 1495778),
(00788, 1579037586, 1635142387, "2011-11-1", 5472402),
(00789, 1085932915, 1612578714, "2013-4-9", 2083158),
(00790, 4279444630, 1625672744, "2015-11-18", 2407302),
(00791, 6436909344, 1617684338, "2007-6-7", 3222104),
(00792, 1579037586, 1536120668, "2013-2-1", 3158911),
(00793, 9617622595, 1536120668, "2011-11-18", 1204512),
(00794, 1031367114, 1648037304, "2008-9-11", 7545115),
(00795, 4636520906, 1575357454, "2008-3-12", 2052792),
(00796, 5261407976, 1618127014, "2008-3-20", 4946189),
(00797, 9617622595, 1641600842, "2015-3-3", 10701759),
(00798, 7591011532, 1557414002, "2015-9-9", 8915662),
(00799, 4636520906, 1607512506, "2007-4-9", 2796897),
(00800, 7358057534, 1546000646, "2016-11-4", 2646110),
(00801, 7591011532, 1531815135, "2007-10-17", 1820897),
(00802, 4279444630, 1625104113, "2014-11-21", 808076),
(00803, 6436909344, 1578771680, "2007-6-1", 2539905),
(00804, 8351344782, 1531815135, "2014-3-23", 2532712),
(00805, 3647055692, 1516861852, "2007-1-8", 5414776),
(00806, 8681033918, 1556857166, "2014-8-16", 1598302),
(00807, 7185881341, 1555155273, "2008-2-7", 1565988),
(00808, 9827809820, 1518716508, "2016-3-1", 5356053),
(00809, 9420030835, 1536120668, "2013-9-6", 290351),
(00810, 1630844328, 1602217878, "2007-8-12", 1412436),
(00811, 9827809820, 1606108122, "2014-1-17", 5695532),
(00812, 9827809820, 1612578714, "2016-1-26", 3461410),
(00813, 1630844328, 1582001833, "2013-7-18", 2589651),
(00814, 6436909344, 1612578714, "2015-5-11", 2194115),
(00815, 4367346248, 1566883111, "2008-8-13", 7423100),
(00816, 9307042574, 1631725437, "2010-10-20", 642840),
(00817, 6436909344, 1625672744, "2007-8-1", 1219034),
(00818, 700714596, 1536120668, "2012-8-11", 3167519),
(00819, 6685163882, 1617684338, "2007-3-8", 2362908),
(00820, 6685163882, 1566883111, "2016-1-8", 4062963),
(00821, 6572281362, 1557414002, "2015-5-4", 927123),
(00822, 9617622595, 1625104113, "2008-9-4", 4607155),
(00823, 2497584569, 1518716508, "2016-4-18", 7252742),
(00824, 1085932915, 1560534351, "2010-11-12", 2836920),
(00825, 1031367114, 1550853078, "2014-7-6", 4137138),
(00826, 5261407976, 1554427456, "2010-3-2", 931511),
(00827, 8681033918, 1575357454, "2013-5-16", 1862328),
(00828, 6436909344, 1640048641, "2014-4-2", 4097245),
(00829, 1579037586, 1625104113, "2013-3-3", 2661801),
(00830, 1085932915, 1515557821, "2015-3-12", 864065),
(00831, 1085932915, 1585178205, "2015-7-23", 1224042),
(00832, 5261407976, 1635142387, "2013-6-20", 1453738),
(00833, 7752301462, 1608363552, "2009-6-3", 2681000),
(00834, 9827809820, 1536120668, "2007-4-25", 904668),
(00835, 1085932915, 1628848785, "2009-3-15", 3230536),
(00836, 6436909344, 1635142387, "2013-8-9", 5739719),
(00837, 7358057534, 1618127014, "2008-11-18", 1993140),
(00838, 7591011532, 1560534351, "2016-4-14", 5294676),
(00839, 4528097680, 1560534351, "2011-6-25", 8139029),
(00840, 9827809820, 1640768667, "2008-9-8", 896284),
(00841, 8289093933, 1633576666, "2008-2-18", 1012920),
(00842, 4367346248, 1641600842, "2012-4-8", 8457372),
(00843, 4636520906, 1586370516, "2014-6-17", 2232304),
(00844, 5261407976, 1550853078, "2016-6-14", 2132719),
(00845, 1579037586, 1648760080, "2012-7-12", 3957635),
(00846, 8289093933, 1556857166, "2012-9-27", 4228159),
(00847, 1630844328, 1646714143, "2013-7-4", 4182282),
(00848, 4367346248, 1641600842, "2014-2-2", 1407028),
(00849, 5015419492, 1607512506, "2015-4-4", 4873256),
(00850, 3647055692, 1518716508, "2013-9-7", 2798364),
(00851, 1085932915, 1554427456, "2014-2-14", 2642547),
(00852, 5261407976, 1646714143, "2014-4-10", 2642946),
(00853, 5261407976, 1625672744, "2012-6-11", 2612130),
(00854, 7358057534, 1518716508, "2009-4-9", 1914655),
(00855, 1085932915, 1606108122, "2009-9-6", 8728421),
(00856, 1579037586, 1648037304, "2009-8-13", 4776631),
(00857, 7591011532, 1546000646, "2016-7-11", 2329050),
(00858, 9617622595, 1633576666, "2011-3-12", 1599540),
(00859, 700714596, 1640048641, "2011-1-6", 1685706),
(00860, 6436909344, 1556857166, "2015-6-18", 6723931),
(00861, 6572281362, 1640048641, "2010-2-15", 1804647),
(00862, 8289093933, 1566883111, "2014-6-24", 6879129),
(00863, 9617622595, 1560534351, "2009-6-27", 2679032),
(00864, 700714596, 1648037304, "2013-11-9", 3624275),
(00865, 1085932915, 1515557821, "2008-3-11", 22567),
(00866, 5015419492, 1607512506, "2007-3-27", 6545686),
(00867, 8681033918, 1640048641, "2015-10-23", 3070064),
(00868, 1031367114, 1608363552, "2008-6-19", 6694993),
(00869, 8681033918, 1621117638, "2008-7-20", 8218370),
(00870, 5261407976, 1556051477, "2011-8-10", 6668945),
(00871, 4636520906, 1575357454, "2008-2-9", 2798667),
(00872, 9420030835, 1556051477, "2012-4-20", 2798694),
(00873, 700714596, 1522372137, "2014-11-6", 2334680),
(00874, 1630844328, 1648037304, "2010-4-10", 36544),
(00875, 1085932915, 1582001833, "2008-5-17", 2917324),
(00876, 8351344782, 1578771680, "2009-7-3", 2501256),
(00877, 1085932915, 1533535170, "2012-4-7", 3449680),
(00878, 4367346248, 1648760080, "2012-2-17", 942526),
(00879, 8037051829, 1546000646, "2013-10-27", 1884801),
(00880, 8289093933, 1515557821, "2012-9-18", 1752668),
(00881, 9827809820, 1635142387, "2010-8-21", 3697393),
(00882, 7185881341, 1522372137, "2007-6-4", 1256774),
(00883, 1085932915, 1612578714, "2014-7-5", 1706632),
(00884, 1579037586, 1617684338, "2007-5-11", 9060743),
(00885, 8289093933, 1606248327, "2009-1-25", 1907886),
(00886, 5261407976, 1555155273, "2009-11-6", 1466444),
(00887, 4367346248, 1512408506, "2016-2-17", 3313004),
(00888, 6572281362, 1575357454, "2009-6-19", 2222832),
(00889, 3647055692, 1531815135, "2009-11-10", 7647882),
(00890, 8037051829, 1625672744, "2015-5-9", 1571481),
(00891, 7591011532, 1608363552, "2014-6-16", 1644310),
(00892, 6572281362, 1575357454, "2015-6-24", 6580125),
(00893, 9827809820, 1540433705, "2014-7-12", 862636),
(00894, 1031367114, 1635142387, "2010-3-11", 1628219),
(00895, 7752301462, 1566413108, "2012-7-26", 5061344),
(00896, 7591011532, 1540433705, "2010-10-1", 8430524),
(00897, 7752301462, 1512408506, "2010-11-1", 1717976),
(00898, 8681033918, 1625104113, "2011-6-25", 2864112),
(00899, 6436909344, 1550853078, "2008-9-23", 6346766),
(00900, 6572281362, 1641600842, "2011-5-24", 1569734),
(00901, 1579037586, 1541200527, "2012-3-18", 7676913),
(00902, 7752301462, 1602217878, "2009-6-8", 1448077),
(00903, 9307042574, 1648760080, "2012-5-3", 8985843),
(00904, 7358057534, 1641600842, "2009-1-7", 2447722),
(00905, 1031367114, 1617684338, "2008-7-19", 6065504),
(00906, 1630844328, 1578771680, "2007-11-26", 2295752),
(00907, 6572281362, 1606108122, "2009-5-19", 1609680),
(00908, 3647055692, 1621117638, "2014-2-23", 1653425),
(00909, 4636520906, 1554427456, "2011-5-22", 1479256),
(00910, 7752301462, 1541200527, "2008-4-14", 1571578),
(00911, 9420030835, 1628848785, "2009-3-2", 7901533),
(00912, 700714596, 1617684338, "2013-5-19", 2694496),
(00913, 3647055692, 1555155273, "2015-3-26", 275328),
(00914, 9420030835, 1566883111, "2009-4-15", 1078088),
(00915, 4636520906, 1557414002, "2009-10-8", 5232473),
(00916, 1579037586, 1533535170, "2012-6-21", 4482431),
(00917, 700714596, 1648760080, "2013-8-15", 1446801),
(00918, 8351344782, 1631725437, "2007-6-20", 3164214),
(00919, 9617622595, 1628848785, "2008-7-17", 6960290),
(00920, 6572281362, 1617684338, "2009-6-10", 2789102),
(00921, 2497584569, 1606108122, "2015-5-23", 2264158),
(00922, 8289093933, 1641600842, "2007-11-24", 991902),
(00923, 9420030835, 1536120668, "2009-1-9", 3834027),
(00924, 1031367114, 1543751126, "2012-2-18", 3366596),
(00925, 1579037586, 1515557821, "2014-11-13", 3778158),
(00926, 7185881341, 1522372137, "2009-11-25", 2249007),
(00927, 9307042574, 1555155273, "2014-9-9", 8021052),
(00928, 6572281362, 1560534351, "2013-9-21", 4845053),
(00929, 9827809820, 1536120668, "2012-8-6", 535245),
(00930, 8351344782, 1556051477, "2016-6-27", 2043852),
(00931, 700714596, 1555155273, "2008-9-11", 2000550),
(00932, 7591011532, 1554427456, "2011-1-9", 3927964),
(00933, 1085932915, 1522372137, "2012-8-20", 1959342),
(00934, 9307042574, 1546000646, "2011-1-9", 4034804),
(00935, 7591011532, 1515557821, "2013-3-15", 6318989),
(00936, 3647055692, 1556857166, "2011-3-8", 935166),
(00937, 4528097680, 1607512506, "2009-4-12", 3148896),
(00938, 9827809820, 1606248327, "2013-5-4", 1918860),
(00939, 5015419492, 1612578714, "2007-6-27", 5541060),
(00940, 7752301462, 1586370516, "2013-7-1", 1045069),
(00941, 8351344782, 1563134853, "2009-1-11", 3082049),
(00942, 3647055692, 1621117638, "2009-8-12", 4775439),
(00943, 8681033918, 1550853078, "2011-11-8", 4177921),
(00944, 700714596, 1641600842, "2011-1-14", 68790),
(00945, 9307042574, 1566883111, "2009-5-16", 1018785),
(00946, 1085932915, 1635142387, "2013-7-9", 3570944),
(00947, 8681033918, 1640768667, "2012-7-12", 8560379),
(00948, 6436909344, 1628848785, "2011-9-2", 3437361),
(00949, 8681033918, 1550853078, "2012-11-12", 2198124),
(00950, 9827809820, 1522372137, "2016-1-17", 5103667),
(00951, 6436909344, 1541200527, "2010-6-23", 1269324),
(00952, 8037051829, 1633576666, "2016-2-16", 4815010),
(00953, 8351344782, 1635142387, "2014-11-15", 2413148),
(00954, 8351344782, 1606108122, "2009-9-8", 2456793),
(00955, 700714596, 1631725437, "2013-3-2", 5248945),
(00956, 7358057534, 1640768667, "2007-4-15", 4469838),
(00957, 3647055692, 1625672744, "2015-4-5", 1837392),
(00958, 9617622595, 1560534351, "2008-8-27", 389096),
(00959, 4636520906, 1631725437, "2014-4-14", 11901684),
(00960, 6685163882, 1563134853, "2014-5-6", 6307741),
(00961, 8351344782, 1621117638, "2007-2-23", 1740376),
(00962, 4528097680, 1554570153, "2013-10-11", 4575084),
(00963, 8681033918, 1635142387, "2009-3-20", 617544),
(00964, 4636520906, 1536120668, "2014-2-20", 4442321),
(00965, 5015419492, 1556051477, "2012-2-20", 8620967),
(00966, 7591011532, 1608363552, "2014-7-11", 1036473),
(00967, 6572281362, 1566413108, "2016-8-3", 1028291),
(00968, 8289093933, 1522372137, "2007-3-15", 1930464),
(00969, 1579037586, 1522372137, "2007-8-18", 1595307),
(00970, 6436909344, 1585178205, "2016-10-26", 843918),
(00971, 700714596, 1646714143, "2013-11-6", 1205396),
(00972, 5015419492, 1566883111, "2009-6-17", 10839454),
(00973, 700714596, 1566413108, "2007-6-21", 5696385),
(00974, 8289093933, 1612824655, "2015-2-1", 999008),
(00975, 7358057534, 1608363552, "2011-6-24", 660590),
(00976, 9827809820, 1556857166, "2009-8-7", 1968357),
(00977, 5261407976, 1628848785, "2016-6-5", 3498853),
(00978, 1085932915, 1628848785, "2012-9-2", 2682812),
(00979, 4528097680, 1602217878, "2016-9-5", 2475417),
(00980, 4528097680, 1648037304, "2008-2-8", 589460),
(00981, 8681033918, 1560534351, "2008-10-17", 1354858),
(00982, 9420030835, 1566883111, "2009-9-27", 2764436),
(00983, 8037051829, 1541200527, "2007-4-25", 3114118),
(00984, 8037051829, 1555155273, "2009-2-23", 3872431),
(00985, 6572281362, 1541200527, "2012-6-10", 5481993),
(00986, 1085932915, 1582001833, "2011-11-7", 6166751),
(00987, 1630844328, 1640048641, "2015-11-25", 3089771),
(00988, 5015419492, 1536120668, "2008-6-6", 2967068),
(00989, 9307042574, 1628848785, "2009-2-22", 5611532),
(00990, 9420030835, 1618127014, "2010-10-10", 1540374),
(00991, 4528097680, 1533535170, "2015-4-18", 1251190),
(00992, 3647055692, 1560534351, "2015-1-7", 2498000),
(00993, 1630844328, 1563134853, "2012-9-8", 1491452),
(00994, 9827809820, 1606248327, "2011-2-21", 6967212),
(00995, 9827809820, 1648037304, "2007-3-6", 2663701),
(00996, 2497584569, 1515557821, "2012-7-24", 2820562),
(00997, 4279444630, 1540433705, "2016-11-7", 418619),
(00998, 7752301462, 1518716508, "2015-7-2", 5227830),
(00999, 7358057534, 1648760080, "2014-3-20", 3191208);

insert into detalleCompra values
(00000, "45X3402", 1, 454194),
(00000, "38V8942", 3, 427800),
(00001, "NE3693JM1704", 1, 5621188),
(00002, "59I6928", 4, 914109),
(00002, "41D6882", 3, 274447),
(00003, "YU7101GK6380", 1, 6259087),
(00004, "1V3102", 4, 878642),
(00004, "56C998", 2, 377846),
(00005, "SC2700IQ4242", 1, 7588792),
(00006, "80L1523", 2, 957070),
(00006, "83D5877", 3, 752457),
(00007, "24X6182", 2, 802225),
(00008, "39M4647", 4, 739137),
(00009, "43M6413", 1, 210092),
(00009, "39J7419", 4, 195983),
(00009, "66V1511", 2, 413691),
(00010, "85L9633", 4, 645001),
(00010, "42F301", 2, 318103),
(00011, "57X2756", 3, 283256),
(00011, "AX9581JM5976", 1, 3956733),
(00012, "LL4122JI1075", 1, 2555266),
(00013, "RA1692AA2157", 1, 823936),
(00014, "EN8636RW6235", 1, 2661289),
(00015, "38S5720", 3, 442732),
(00015, "40S4731", 1, 414649),
(00015, "33S564", 4, 538493),
(00016, "36S1887", 4, 560033),
(00017, "3I6611", 3, 719330),
(00018, "UH315PF7497", 1, 2662963),
(00019, "73A5973", 4, 295385),
(00020, "48R7640", 3, 754745),
(00021, "48F9814", 1, 733457),
(00021, "62R5202", 4, 611161),
(00022, "12L5975", 4, 205447),
(00022, "34F8562", 3, 846445),
(00023, "18O2297", 4, 810036),
(00023, "77L5742", 4, 388083),
(00024, "64L7863", 4, 949272),
(00024, "15T9404", 2, 977316),
(00025, "50H3355", 3, 754125),
(00025, "RD4135NB3523", 1, 9080847),
(00026, "87I8211", 1, 128753),
(00026, "10C8285", 2, 633685),
(00027, "86K8326", 2, 116144),
(00027, "90R7436", 1, 87854),
(00028, "38D4776", 1, 789140),
(00028, "29U8335", 2, 933496),
(00028, "36P1166", 4, 810438),
(00029, "45S7426", 2, 336062),
(00029, "7J474", 2, 43000),
(00029, "69P4079", 1, 976326),
(00030, "XI749RI6736", 1, 2633210),
(00031, "32N1984", 2, 298600),
(00031, "88S5639", 4, 432457),
(00032, "28J1436", 3, 735508),
(00032, "87I3485", 3, 970193),
(00032, "IX6804LM5376", 1, 1342238),
(00033, "78V994", 1, 685751),
(00033, "40H7683", 2, 647220),
(00033, "37I8163", 1, 177549),
(00034, "87I8211", 1, 612585),
(00034, "WN7278UN6784", 1, 2968483),
(00035, "RV9245MN9363", 1, 6523503),
(00036, "QF2919WR7986", 1, 1148045),
(00037, "61V9207", 2, 637968),
(00038, "34B6410", 2, 705545),
(00039, "90J8713", 1, 75177),
(00039, "48R7144", 4, 743960),
(00040, "OG8571MN2714", 1, 4611421),
(00041, "WM457EQ3387", 1, 1191983),
(00042, "46U5838", 1, 803524),
(00042, "81C4345", 1, 713749),
(00043, "QD4843OX8184", 1, 5115728),
(00044, "12U3429", 2, 551756),
(00044, "1U2371", 3, 146534),
(00044, "17O4381", 1, 268452),
(00045, "KG6224PQ5316", 1, 3452422),
(00046, "5C5255", 2, 926065),
(00047, "WS9896IG8987", 1, 732129),
(00048, "90I1656", 3, 377942),
(00049, "17S8988", 1, 744472),
(00049, "49H5130", 4, 530474),
(00050, "4Q230", 3, 428364),
(00050, "61S4267", 4, 884482),
(00050, "94H1098", 4, 718953),
(00051, "62E9479", 1, 593555),
(00051, "27C7455", 1, 832356),
(00052, "79E5476", 2, 124528),
(00052, "84D2094", 2, 977902),
(00052, "51O779", 4, 608191),
(00052, "29X2693", 1, 590954),
(00053, "97D6249", 4, 594928),
(00054, "39P1400", 3, 890252),
(00055, "12U3429", 1, 770329),
(00055, "ME201UT391", 1, 4350362),
(00056, "70B4399", 2, 158548),
(00056, "5V7749", 1, 663667),
(00056, "48R7144", 2, 250875),
(00057, "28T7672", 3, 108652),
(00057, "62V593", 4, 611141),
(00058, "1U7824", 1, 135924),
(00058, "80E2770", 3, 449351),
(00058, "76K1497", 2, 291750),
(00059, "97O5765", 3, 261995),
(00059, "AA4466US4192", 1, 5394955),
(00060, "82E7522", 2, 74858),
(00060, "30B6236", 1, 335992),
(00060, "70L6010", 4, 779360),
(00061, "56J5173", 1, 985154),
(00061, "68K7103", 1, 935980),
(00061, "NY5654TP1961", 1, 6954192),
(00062, "63B2993", 4, 236219),
(00062, "66H2549", 1, 969783),
(00063, "BP1277WT1052", 1, 3537654),
(00064, "LC408CM2584", 1, 592916),
(00065, "97D4814", 4, 795898),
(00065, "96T7414", 1, 471393),
(00065, "AJ2181YF2271", 1, 8157845),
(00066, "12L5975", 4, 706762),
(00067, "75V1603", 1, 332877),
(00067, "MP894EY3444", 1, 1791817),
(00068, "27E2812", 4, 28606),
(00068, "25E6884", 3, 50018),
(00068, "52T258", 2, 862511),
(00068, "VP2002NQ8645", 1, 3326618),
(00069, "35H6583", 4, 15132),
(00069, "90R8480", 1, 630941),
(00070, "31R5596", 3, 50702),
(00070, "25Q431", 3, 583568),
(00071, "75Y4315", 1, 335440),
(00071, "35N5547", 2, 542139),
(00072, "QP841WI7487", 1, 2460530),
(00073, "59A2120", 3, 975806),
(00074, "57A7079", 3, 660191),
(00075, "1R4393", 3, 82374),
(00075, "72T760", 3, 643551),
(00075, "3C8538", 1, 729132),
(00075, "90S3587", 2, 582651),
(00076, "84D2094", 2, 862030),
(00077, "41V2256", 3, 663978),
(00078, "NY5696HF7496", 1, 2614406),
(00079, "73K4267", 4, 960005),
(00079, "64A2165", 1, 557126),
(00080, "82C4891", 2, 210690),
(00081, "41P9795", 4, 405779),
(00082, "57I3294", 2, 750065),
(00083, "NC6121HF2740", 1, 1041457),
(00084, "35I3249", 4, 98425),
(00084, "18I9055", 4, 417558),
(00085, "VQ1816NO397", 1, 7181395),
(00086, "1M1291", 3, 603043),
(00086, "SD3260GO27", 1, 4075014),
(00087, "96S5039", 3, 788081),
(00088, "82L8461", 2, 891466),
(00088, "46J2258", 4, 819463),
(00088, "97G2798", 3, 215041),
(00088, "14A6096", 3, 396095),
(00088, "30B6236", 4, 484820),
(00089, "6D8603", 1, 862997),
(00089, "66Y9053", 2, 273966),
(00089, "17M1811", 1, 920500),
(00090, "GQ4669SK1185", 1, 3990538),
(00091, "GX9021KR524", 1, 9500093),
(00092, "57I3294", 2, 74073),
(00093, "67R8404", 1, 281727),
(00093, "XW2005KM9058", 1, 8627384),
(00094, "71K6209", 3, 220451),
(00094, "30A1616", 1, 609409),
(00095, "40K8048", 4, 115726),
(00095, "62I1071", 1, 264851),
(00095, "34Q6407", 3, 138197),
(00096, "LM256CC7163", 1, 8530177),
(00097, "57T9910", 2, 757715),
(00097, "67T1006", 4, 731554),
(00098, "35I3249", 3, 45260),
(00098, "15T9404", 2, 663745),
(00099, "25F7205", 2, 569685),
(00099, "56U4049", 4, 489602),
(00099, "42U8029", 2, 687327),
(00100, "53A7422", 1, 185799),
(00100, "KT4231EC2983", 1, 4408016),
(00101, "10V3701", 3, 435872),
(00102, "41Q2355", 1, 343069),
(00102, "15R4026", 4, 219825),
(00102, "61M3784", 2, 707933),
(00103, "94Q665", 3, 607347),
(00103, "22M1172", 1, 732421),
(00103, "23R2129", 1, 151199),
(00104, "24R5788", 4, 749883),
(00105, "30O2564", 1, 784983),
(00105, "PG6674CM8710", 1, 3617677),
(00106, "74U3853", 2, 745737),
(00107, "2X1971", 2, 931657),
(00108, "44N8184", 2, 7562),
(00108, "64O2562", 3, 939083),
(00109, "49Q1180", 4, 838705),
(00110, "81B7056", 2, 19963),
(00110, "2X1971", 4, 624205),
(00111, "DH1674UF7251", 1, 3288819),
(00112, "13K7738", 2, 763838),
(00113, "YF8964UM1983", 1, 1588040),
(00114, "33K8462", 4, 732875),
(00114, "NU4976SS8559", 1, 6900895),
(00115, "41X3622", 3, 799268),
(00115, "40B6063", 1, 141781),
(00116, "41V5166", 1, 439290),
(00116, "76K1497", 2, 26066),
(00116, "2O6198", 1, 112073),
(00116, "KA3700OC4397", 1, 6581278),
(00117, "40B6063", 1, 774651),
(00117, "37Q683", 2, 207416),
(00118, "3F2833", 1, 138449),
(00118, "21V9704", 2, 661973),
(00119, "23W3751", 1, 933779),
(00120, "BX9279GT7975", 1, 9344648),
(00121, "5H277", 4, 860995),
(00121, "52L8606", 1, 125448),
(00122, "10R1840", 1, 632224),
(00123, "72H1566", 2, 624611),
(00124, "88U179", 2, 966170),
(00125, "80X750", 4, 29951),
(00125, "PC8019UG6717", 1, 2619406),
(00126, "SV8195EV3518", 1, 1033829),
(00127, "43I5675", 4, 828460),
(00128, "9N2930", 1, 340651),
(00128, "83M1508", 4, 291809),
(00128, "9R3944", 1, 526449),
(00129, "53W5459", 3, 222976),
(00130, "74U2727", 4, 287348),
(00131, "76D2709", 1, 512941),
(00131, "59P6145", 2, 447262),
(00132, "QK9690LF5608", 1, 7433406),
(00133, "55A2349", 3, 770435),
(00133, "56U5841", 4, 73478),
(00134, "7A9368", 3, 933073),
(00134, "52L4150", 4, 208523),
(00135, "OW5375VL7757", 1, 5273701),
(00136, "26T7150", 3, 295527),
(00136, "88O9161", 2, 120560),
(00136, "PV6190DQ6760", 1, 8926454),
(00137, "ST9932HM2269", 1, 4395147),
(00138, "LL1183II2287", 1, 572665),
(00139, "75H5647", 4, 772671),
(00139, "58L1292", 2, 401738),
(00140, "32C8739", 1, 807222),
(00140, "75T2176", 2, 36429),
(00140, "94T1413", 2, 241974),
(00140, "45V1222", 3, 284131),
(00141, "HP6225JA6420", 1, 4264502),
(00142, "50W2928", 4, 324723),
(00142, "FH675ED903", 1, 3788719),
(00143, "38B6375", 4, 227691),
(00143, "KT4538YH5460", 1, 4325620),
(00144, "57X3906", 1, 217440),
(00145, "92L3071", 2, 216419),
(00146, "XK7109UX8111", 1, 5990355),
(00147, "86J6414", 2, 769586),
(00147, "61I2207", 4, 710409),
(00148, "8J9816", 2, 17617),
(00148, "64O2562", 1, 10281),
(00148, "NN2928JV9083", 1, 580614),
(00149, "48A4460", 2, 282060),
(00149, "54W5735", 3, 550334),
(00150, "VO6758XK8114", 1, 8531103),
(00151, "22H7984", 1, 57881),
(00151, "59S1412", 4, 653821),
(00151, "60M8766", 1, 542661),
(00152, "75X1467", 1, 310677),
(00152, "39E5614", 1, 421725),
(00152, "60G8625", 1, 144193),
(00153, "38W5100", 4, 234587),
(00153, "41V5166", 2, 432768),
(00153, "AJ6839MY6518", 1, 1717177),
(00154, "5K4756", 2, 550073),
(00155, "6V1720", 2, 181345),
(00155, "77R8837", 3, 451654),
(00156, "53I7604", 4, 41328),
(00157, "7G8901", 1, 288322),
(00157, "25U4849", 3, 349340),
(00157, "JC1652BL2594", 1, 4745362),
(00158, "95R524", 1, 53801),
(00158, "10V7313", 3, 204692),
(00158, "93S2414", 3, 531213),
(00158, "79E5839", 2, 387405),
(00159, "37I8124", 3, 287252),
(00159, "43D8478", 2, 929799),
(00159, "0P6789", 4, 914661),
(00159, "94X4633", 2, 488720),
(00160, "14G7566", 4, 828378),
(00160, "QK9690LF5608", 1, 7084258),
(00161, "84P6515", 4, 233151),
(00161, "EF1636KY4847", 1, 1468986),
(00162, "55X3938", 1, 76377),
(00162, "TT3544YU1950", 1, 8979900),
(00163, "96T7414", 3, 116129),
(00163, "VV2595KM8595", 1, 8214678),
(00164, "FR2502VJ4062", 1, 7376845),
(00165, "96L1341", 1, 622330),
(00165, "36H3572", 1, 840707),
(00165, "10L8430", 3, 49346),
(00165, "1Y4835", 1, 588816),
(00165, "29E5065", 4, 147566),
(00166, "78K619", 3, 66756),
(00166, "15H1343", 4, 466860),
(00167, "28D5757", 3, 425983),
(00168, "89V1599", 4, 521541),
(00169, "YW358WV2949", 1, 2409588),
(00170, "21O3574", 2, 383919),
(00171, "88M237", 1, 314795),
(00171, "YX130PQ6374", 1, 2179419),
(00172, "59A2120", 3, 151111),
(00172, "7M7273", 3, 402098),
(00173, "RQ7103HH4681", 1, 9491886),
(00174, "44N8184", 3, 546937),
(00175, "3I6611", 3, 360640),
(00176, "9W3807", 1, 983072),
(00176, "78V2640", 4, 967155),
(00177, "BG4991JW2412", 1, 6776776),
(00178, "64A2165", 1, 542630),
(00178, "98N3205", 3, 371576),
(00179, "19S3288", 2, 534745),
(00180, "57W4387", 3, 348847),
(00181, "52Y8051", 4, 694640),
(00182, "85L9633", 2, 530506),
(00183, "60K7833", 4, 473833),
(00184, "57L8123", 3, 7611),
(00184, "5D7693", 4, 378801),
(00185, "50T9130", 3, 227768),
(00185, "26U6528", 3, 961758),
(00185, "92L3071", 2, 408022),
(00186, "79V2634", 1, 966358),
(00186, "46O7867", 3, 345121),
(00187, "84E1552", 1, 837847),
(00187, "32C8739", 3, 598149),
(00188, "6D8603", 1, 46903),
(00188, "90S5626", 1, 277360),
(00189, "44V5121", 1, 201225),
(00189, "79I2380", 1, 166208),
(00190, "48L8212", 2, 89337),
(00190, "77C6622", 1, 201397),
(00190, "50G3354", 2, 138019),
(00191, "63V4316", 1, 608223),
(00191, "IL6341XN2802", 1, 9544365),
(00192, "12S8157", 4, 384683),
(00192, "MM8466NM7915", 1, 4604380),
(00193, "82D8961", 1, 672785),
(00193, "EN7019NF4862", 1, 7091499),
(00194, "48Q6569", 3, 530582),
(00194, "66I8637", 3, 284632),
(00194, "55C4329", 1, 822226),
(00195, "2N4764", 3, 731638),
(00195, "30Y8323", 3, 796237),
(00195, "76W9626", 3, 755998),
(00195, "56V2074", 1, 264268),
(00196, "3L8377", 3, 338645),
(00196, "MG3376QN1859", 1, 6259178),
(00197, "KF792EI1325", 1, 9351749),
(00198, "30B4189", 2, 872950),
(00199, "3R207", 3, 231876),
(00199, "39B9944", 3, 459004),
(00200, "86S8162", 2, 336228),
(00200, "97X1424", 2, 807578),
(00200, "31E5903", 1, 81326),
(00200, "54V1550", 1, 860036),
(00201, "81D5642", 1, 474498),
(00201, "8E2080", 4, 552072),
(00201, "KI5766FL7035", 1, 5108090),
(00202, "22N5552", 4, 476251),
(00202, "NA3445WR3809", 1, 6997027),
(00203, "27C8615", 1, 796222),
(00203, "60U3638", 2, 923763),
(00204, "69W3165", 4, 227278),
(00204, "52F2134", 4, 965530),
(00205, "4Y4593", 2, 629391),
(00206, "0Q7104", 1, 450843),
(00206, "35S82", 1, 465449),
(00207, "0H8566", 3, 53457),
(00207, "56S9865", 4, 368601),
(00208, "82Q7812", 1, 657882),
(00208, "98V7754", 2, 17641),
(00208, "60U440", 2, 363456),
(00208, "42C4472", 1, 354263),
(00209, "56L7629", 1, 568289),
(00209, "92F2366", 1, 2282),
(00209, "QP1597UX4875", 1, 6365584),
(00210, "RK2236SL3330", 1, 2752421),
(00211, "50P1579", 4, 900323),
(00211, "62R2135", 4, 582812),
(00212, "IE8434KS4569", 1, 1012382),
(00213, "35B728", 3, 902817),
(00214, "78F213", 1, 370654),
(00214, "76B6780", 1, 774834),
(00215, "19Q7023", 1, 679913),
(00215, "77I7249", 4, 89672),
(00215, "47Q1442", 2, 970810),
(00216, "16B6646", 1, 955817),
(00217, "3M3031", 3, 479908),
(00217, "16I2035", 3, 862269),
(00218, "49P5245", 1, 567558),
(00219, "HK6484YE5753", 1, 4044515),
(00220, "3F2833", 2, 577532),
(00220, "84V6907", 3, 632704),
(00221, "PV6190DQ6760", 1, 5619629),
(00222, "41D6882", 4, 108500),
(00222, "23X8322", 2, 55849),
(00222, "OS9881KU142", 1, 5092481),
(00223, "35F7219", 3, 891820),
(00223, "NU4976SS8559", 1, 1089644),
(00224, "TU7060OT8695", 1, 6945091),
(00225, "YR5808RJ9170", 1, 2030245),
(00226, "88C3665", 3, 760130),
(00227, "55K4192", 2, 562735),
(00227, "YX611PL4419", 1, 6783624),
(00228, "WS2795KB5082", 1, 9193618),
(00229, "9R1535", 3, 959700),
(00230, "81I4260", 4, 974431),
(00230, "74U3853", 4, 452524),
(00231, "32R7969", 3, 283705),
(00231, "25K5750", 4, 813286),
(00232, "98P5696", 3, 659772),
(00233, "FY7277RR8800", 1, 7676786),
(00234, "65C1691", 3, 154245),
(00235, "NY5654TP1961", 1, 7698636),
(00236, "94E1015", 4, 984013),
(00237, "52N1757", 3, 771589),
(00237, "46F7742", 3, 426408),
(00238, "44T3958", 3, 226627),
(00238, "KE5048EJ2525", 1, 9162931),
(00239, "99X1867", 2, 267308),
(00239, "20J4910", 1, 96304),
(00240, "GS7254UW8404", 1, 6346964),
(00241, "43J2069", 3, 176395),
(00241, "34N7710", 1, 664222),
(00241, "82T3433", 3, 199595),
(00241, "39C9264", 3, 344242),
(00242, "45V4010", 1, 695476),
(00242, "VQ6138UU3037", 1, 3377408),
(00243, "36L7128", 3, 181022),
(00243, "22N5552", 1, 497171),
(00243, "1K2046", 3, 869960),
(00244, "19I6313", 2, 904553),
(00244, "57M1524", 3, 572714),
(00245, "77I7249", 3, 632735),
(00245, "57U9093", 3, 147514),
(00246, "84V6907", 1, 246366),
(00246, "97L4621", 1, 260878),
(00246, "21V6730", 4, 937933),
(00247, "14H9672", 1, 403699),
(00247, "RJ6533XR6136", 1, 2680997),
(00248, "33X1676", 2, 131233),
(00248, "17B7066", 2, 614564),
(00248, "78F213", 2, 61189),
(00248, "QK1723FW4102", 1, 5186751),
(00249, "55Q8439", 1, 582930),
(00249, "91Q6461", 3, 901398),
(00249, "84E1552", 4, 357078),
(00249, "5B9950", 3, 281191),
(00250, "17W7118", 2, 293959),
(00251, "74E3016", 2, 351078),
(00252, "EN8636RW6235", 1, 5932038),
(00253, "NX7529NC3225", 1, 9564952),
(00254, "82T3433", 3, 92277),
(00254, "LL1183II2287", 1, 3491906),
(00255, "40X5177", 3, 953273),
(00256, "YS9446LO7876", 1, 2006739),
(00257, "QF2919WR7986", 1, 3135848),
(00258, "NL6861DK7999", 1, 6435138),
(00259, "25F7205", 2, 38693),
(00260, "VC838GT7678", 1, 7162583),
(00261, "44D5024", 3, 845856),
(00261, "26D6823", 2, 484485),
(00262, "81M3372", 2, 413410),
(00262, "65K1161", 1, 342958),
(00263, "3K7539", 4, 195863),
(00263, "90H6593", 3, 652693),
(00264, "1Q8639", 2, 678888),
(00264, "LK5726CE2750", 1, 4387949),
(00265, "IP5661QX1074", 1, 1790032),
(00266, "56K5831", 4, 624148),
(00266, "45V5346", 3, 380626),
(00266, "RV9245MN9363", 1, 9007753),
(00267, "80F8697", 4, 57532),
(00267, "15S4717", 3, 687501),
(00268, "97G2798", 3, 476465),
(00269, "HT3561QV7146", 1, 7857400),
(00270, "76S7051", 3, 67813),
(00270, "64X7692", 1, 213670),
(00270, "90O5458", 3, 933029),
(00271, "YW358WV2949", 1, 4751759),
(00272, "28R6128", 4, 745381),
(00273, "95S9091", 3, 666254),
(00274, "45H2576", 4, 91056),
(00274, "OA8841NK5535", 1, 4963857),
(00275, "VC838GT7678", 1, 3924113),
(00276, "72N8789", 1, 243300),
(00276, "99H8798", 3, 225145),
(00276, "8P917", 1, 407862),
(00277, "YM2001UH8419", 1, 1527822),
(00278, "53X229", 1, 800483),
(00278, "CS2484KK5494", 1, 3181125),
(00279, "9Q7278", 1, 228856),
(00279, "55E4694", 1, 412690),
(00280, "LQ679FL9554", 1, 2374427),
(00281, "17W7783", 4, 653871),
(00282, "PU1329JV3687", 1, 7947527),
(00283, "65B2554", 2, 757398),
(00283, "GT1617RF8934", 1, 6784399),
(00284, "48K5565", 2, 7454),
(00284, "1L5852", 3, 362395),
(00285, "CU903CD8835", 1, 2230912),
(00286, "PB5881HN4271", 1, 7658650),
(00287, "GJ4585NC4201", 1, 5695248),
(00288, "BR2334TE991", 1, 1361626),
(00289, "HD5930LY6386", 1, 4010879),
(00290, "81E1830", 3, 433409),
(00291, "92F2366", 1, 173991),
(00292, "99B3322", 2, 468265),
(00293, "NX7529NC3225", 1, 1705351),
(00294, "34H508", 2, 970987),
(00295, "3X9982", 1, 969413),
(00295, "BQ5991YK6311", 1, 4987189),
(00296, "1L2853", 1, 384975),
(00296, "59O8243", 1, 855657),
(00296, "73D7729", 3, 588293),
(00297, "18U1689", 3, 533545),
(00298, "2H1317", 4, 528834),
(00298, "36W4174", 2, 924062),
(00299, "98R313", 1, 139618),
(00299, "FF1643AC6844", 1, 1319397),
(00300, "MS6855VY5409", 1, 3402887),
(00301, "59S1412", 1, 503062),
(00301, "64V6804", 2, 534731),
(00302, "69Y1109", 1, 646247),
(00302, "8M6128", 4, 871235),
(00303, "KE9439BD1201", 1, 5007244),
(00304, "61P9186", 1, 192651),
(00304, "71K6209", 1, 744754),
(00304, "68G8424", 4, 476924),
(00305, "PV6190DQ6760", 1, 5928810),
(00306, "88R2730", 2, 707977),
(00306, "56J5173", 2, 845200),
(00306, "36Q920", 2, 746148),
(00307, "60J4262", 1, 234776),
(00307, "67X6852", 3, 238757),
(00307, "98N3205", 1, 50064),
(00308, "56L7629", 3, 903655),
(00308, "56P3516", 1, 542906),
(00309, "75G4836", 4, 744674),
(00310, "32C8190", 2, 509614),
(00310, "81E5054", 1, 978792),
(00311, "5D7693", 1, 984210),
(00311, "PS853AT4578", 1, 9742024),
(00312, "13U4934", 4, 234839),
(00312, "44M316", 4, 52479),
(00313, "17Q111", 4, 260594),
(00314, "36N7019", 3, 257826),
(00314, "JP1238AA5485", 1, 5507230),
(00315, "AA4466US4192", 1, 3229876),
(00316, "93S9609", 3, 673968),
(00317, "87F8186", 2, 29843),
(00317, "35C7542", 1, 903455),
(00318, "LG2456KI6453", 1, 9868983),
(00319, "90R5868", 2, 241956),
(00319, "34A5968", 2, 817475),
(00320, "FA8560OA5309", 1, 2103950),
(00321, "57Y5565", 1, 545859),
(00322, "81I49", 2, 946389),
(00322, "77O3828", 4, 383884),
(00323, "35E8684", 1, 617902),
(00323, "19C8172", 4, 695263),
(00323, "30A9471", 4, 129302),
(00324, "37S5843", 1, 434648),
(00324, "56I7330", 3, 733564),
(00325, "38J2682", 1, 913831),
(00325, "5B3510", 1, 824737),
(00325, "66S3215", 2, 184552),
(00326, "59U1541", 4, 197964),
(00326, "CN7869PI9372", 1, 8640439),
(00327, "SP6896AP8814", 1, 5707924),
(00328, "30B4189", 4, 6913),
(00329, "66L7383", 1, 241388),
(00329, "17B7066", 4, 52171),
(00330, "89N4655", 3, 460388),
(00331, "CT8035SN1853", 1, 3445361),
(00332, "FT3527RO96", 1, 3652939),
(00333, "25S7605", 4, 910358),
(00333, "VY2370XW1256", 1, 9567327),
(00334, "5T9554", 4, 543363),
(00334, "SP2576YU4821", 1, 5046280),
(00335, "31Q280", 4, 639036),
(00336, "21G1498", 3, 847156),
(00337, "KE9439BD1201", 1, 9801563),
(00338, "10N3261", 2, 684326),
(00338, "EN7019NF4862", 1, 564966),
(00339, "6C65", 4, 929719),
(00340, "HF3667SK8569", 1, 2631726),
(00341, "1G8308", 1, 32965),
(00341, "90R8480", 1, 170278),
(00342, "26B384", 2, 344804),
(00342, "45V5346", 1, 173142),
(00343, "81E5054", 1, 247503),
(00343, "YL6632FG6372", 1, 6519256),
(00344, "53W5459", 3, 24538),
(00345, "PN2589CJ1679", 1, 4370790),
(00346, "LJ8711FQ5544", 1, 8221623),
(00347, "51B6136", 2, 422767),
(00347, "56Q2328", 1, 179913),
(00348, "63H3498", 3, 192685),
(00349, "99M136", 1, 181341),
(00349, "7G8901", 4, 739952),
(00350, "62Y6826", 2, 457746),
(00350, "12B6614", 3, 192080),
(00350, "YN4501MR3420", 1, 3557553),
(00351, "VG660LP8805", 1, 5148922),
(00352, "62Q2569", 3, 315569),
(00352, "61B6041", 1, 733597),
(00352, "37I8163", 1, 512979),
(00352, "16A7074", 3, 913687),
(00352, "8E717", 1, 491253),
(00353, "81V1435", 4, 940314),
(00354, "EX7199FD5001", 1, 6063156),
(00355, "5T5540", 3, 271692),
(00355, "92F2366", 1, 823334),
(00356, "73S1992", 1, 473502),
(00356, "FT3527RO96", 1, 4522792),
(00357, "27U5012", 1, 735945),
(00357, "53F1589", 2, 426517),
(00358, "99R8978", 1, 85375),
(00358, "8Q6229", 4, 805128),
(00359, "33M6183", 1, 972244),
(00360, "20T493", 3, 469251),
(00360, "82S8228", 3, 447598),
(00361, "75N3297", 4, 511393),
(00362, "13L565", 1, 967768),
(00363, "87F4006", 2, 341652),
(00363, "91A1430", 3, 687356),
(00364, "61V7291", 3, 619185),
(00365, "70X6983", 4, 270774),
(00365, "75E2184", 2, 928870),
(00366, "28N2625", 1, 219401),
(00367, "AX3897QS8265", 1, 3977983),
(00368, "NX7529NC3225", 1, 7232252),
(00369, "97G2798", 1, 347934),
(00369, "5O6504", 3, 975765),
(00370, "HF3667SK8569", 1, 4354946),
(00371, "42K2871", 1, 613896),
(00371, "43K7623", 4, 987957),
(00372, "99E8515", 3, 20974),
(00373, "68H4787", 4, 276049),
(00373, "67F492", 2, 964472),
(00374, "75U1620", 2, 349048),
(00374, "25N4444", 4, 888237),
(00374, "48Q6569", 1, 710250),
(00375, "27C8615", 2, 541285),
(00376, "92X9510", 2, 749122),
(00376, "35F7219", 4, 122247),
(00377, "RJ3331OR7872", 1, 6791107),
(00378, "57U9093", 2, 263489),
(00378, "KL72PK6941", 1, 8908760),
(00379, "55A2349", 2, 230154),
(00379, "3R207", 3, 563611),
(00380, "13J6142", 3, 101493),
(00380, "23G5950", 1, 96951),
(00380, "56W5817", 1, 425792),
(00381, "EN7019NF4862", 1, 3344987),
(00382, "26A7566", 4, 493240),
(00383, "53W5459", 3, 708990),
(00384, "31X6840", 4, 359582),
(00385, "25N1407", 3, 151337),
(00386, "43H4923", 3, 935166),
(00386, "57M9794", 1, 700981),
(00387, "15B6504", 3, 185490),
(00388, "84O6698", 2, 324155),
(00388, "NS218GX8981", 1, 2954852),
(00389, "35Y728", 1, 830269),
(00389, "52V8321", 4, 39195),
(00389, "52F2134", 1, 542509),
(00389, "IO1800GS7870", 1, 7799786),
(00390, "21H5857", 3, 964922),
(00390, "29T9936", 4, 345632),
(00390, "42C9896", 4, 473029),
(00391, "XP6568QI6237", 1, 5727369),
(00392, "94T1413", 4, 866456),
(00393, "11N4847", 4, 31685),
(00393, "24G541", 3, 846059),
(00393, "JX3703YN5602", 1, 7731932),
(00394, "LC408CM2584", 1, 9354755),
(00395, "63P5071", 3, 448703),
(00396, "73D7729", 3, 778387),
(00397, "71E7963", 1, 380578),
(00397, "44T5213", 2, 26306),
(00397, "17M1811", 3, 770625),
(00398, "53G4906", 1, 938535),
(00398, "SG1946NP3170", 1, 2236554),
(00399, "34A5968", 2, 189144),
(00399, "8C1687", 3, 299324),
(00399, "55P5686", 3, 855380),
(00399, "KG6224PQ5316", 1, 4105293),
(00400, "94U2845", 2, 398172),
(00401, "35S2375", 4, 782938),
(00401, "81M6486", 3, 416338),
(00401, "KG5575YF4403", 1, 9582193),
(00402, "54G7780", 4, 934893),
(00403, "TT3544YU1950", 1, 574815),
(00404, "WY4645VQ9349", 1, 6255556),
(00405, "73F2832", 4, 707700),
(00406, "5V7749", 2, 713358),
(00406, "3Y2626", 3, 484990),
(00407, "78E4081", 4, 772982),
(00408, "65P8991", 1, 778994),
(00408, "55X9197", 4, 894925),
(00409, "17T7055", 2, 135289),
(00410, "99M136", 3, 493668),
(00411, "EI7321VM764", 1, 7992111),
(00412, "69Q2813", 1, 420547),
(00412, "89N9543", 2, 969635),
(00413, "43A9578", 4, 601657),
(00414, "7M7273", 2, 450317),
(00414, "85H6564", 1, 471482),
(00415, "67H8104", 1, 558890),
(00415, "96H2738", 1, 624709),
(00416, "80G7304", 1, 691278),
(00417, "QT4074YG4883", 1, 7395676),
(00418, "81O4231", 4, 942899),
(00418, "69L8451", 1, 515183),
(00418, "18W6319", 1, 659769),
(00419, "43Q8660", 3, 465465),
(00420, "60U440", 4, 259454),
(00421, "8F4408", 4, 529767),
(00421, "BC7969XQ1658", 1, 9734058),
(00422, "37E3069", 4, 273332),
(00422, "89E51", 3, 396065),
(00422, "7A9368", 2, 953049),
(00423, "90Q1353", 4, 230046),
(00424, "82F377", 4, 662723),
(00424, "92X9510", 2, 886198),
(00425, "20J4910", 3, 767243),
(00425, "28H4718", 3, 163533),
(00426, "79R2184", 2, 628160),
(00426, "17W7118", 2, 511999),
(00427, "45V5346", 4, 869321),
(00428, "RA1692AA2157", 1, 2937796),
(00429, "2H428", 2, 707263),
(00429, "35H6583", 2, 620813),
(00430, "83G47", 3, 502613),
(00430, "5T1611", 2, 201226),
(00430, "2N4764", 2, 682239),
(00431, "94W7756", 3, 326037),
(00432, "25C6075", 1, 471972),
(00433, "38B6375", 1, 649714),
(00433, "15O8510", 2, 105000),
(00433, "84U5818", 2, 102950),
(00434, "46T3787", 3, 11071),
(00434, "87F5227", 4, 39680),
(00434, "17Q111", 2, 747356),
(00435, "5H7038", 2, 451675),
(00435, "8D6750", 2, 545705),
(00435, "BC7969XQ1658", 1, 3028566),
(00436, "87O4909", 4, 894303),
(00437, "31Q280", 1, 836461),
(00437, "GJ4585NC4201", 1, 2423633),
(00438, "90O1943", 3, 747810),
(00439, "99Q7930", 2, 855622),
(00440, "81O6512", 1, 976098),
(00440, "51Y1169", 3, 888483),
(00440, "18J6119", 2, 355877),
(00441, "CL1510EN7811", 1, 8273998),
(00442, "38O8906", 2, 860726),
(00442, "24L5739", 4, 271500),
(00442, "89N4655", 3, 14920),
(00443, "17F8745", 1, 317021),
(00443, "44A9735", 1, 912067),
(00444, "90D1515", 4, 784346),
(00445, "44D5024", 2, 720567),
(00445, "79T2702", 3, 815893),
(00446, "51L6907", 3, 181239),
(00447, "48P3782", 2, 681226),
(00448, "67A6728", 3, 425177),
(00449, "52T258", 3, 451726),
(00449, "11G7981", 3, 222319),
(00450, "1X8442", 2, 356535),
(00450, "32R4653", 3, 541428),
(00451, "17J1087", 1, 190184),
(00452, "GY4713OA3548", 1, 6305791),
(00453, "71C6459", 4, 294640),
(00454, "HN5696WN7397", 1, 9668735),
(00455, "78N1832", 2, 863851),
(00455, "77N1561", 4, 56816),
(00455, "97U5946", 4, 745599),
(00455, "78F213", 1, 94880),
(00456, "LP5635TC9352", 1, 6527504),
(00457, "89H4349", 1, 832364),
(00457, "74N2379", 2, 478203),
(00457, "81K9853", 4, 82019),
(00458, "45H3423", 4, 688416),
(00459, "99H8798", 3, 140882),
(00460, "78V994", 4, 309415),
(00460, "CQ8654MT6915", 1, 2703223),
(00461, "8F1403", 1, 229702),
(00462, "62E3044", 1, 875634),
(00462, "FW9150YH3598", 1, 1607754),
(00463, "39A4270", 3, 240032),
(00463, "80Y4330", 1, 703482),
(00464, "13V9976", 1, 686049),
(00464, "32C8190", 1, 339540),
(00464, "37O2524", 3, 769695),
(00464, "6G4704", 1, 51382),
(00464, "3L8377", 4, 309529),
(00465, "25Q6943", 4, 669405),
(00465, "WN1128XN7295", 1, 5710742),
(00466, "1V3102", 2, 807252),
(00467, "72U7958", 2, 714121),
(00468, "40R1426", 2, 502266),
(00468, "95I9693", 4, 515472),
(00469, "57E9471", 4, 63516),
(00469, "94G3635", 1, 33998),
(00469, "LG2456KI6453", 1, 1738284),
(00470, "NO7452MW1318", 1, 7557240),
(00471, "30Y9726", 2, 674528),
(00472, "25N4444", 4, 310749),
(00472, "34S974", 2, 954462),
(00473, "68G8424", 3, 342094),
(00474, "DV4404FW181", 1, 9460508),
(00475, "CT8035SN1853", 1, 6926042),
(00476, "81O5014", 2, 856221),
(00476, "61W1846", 1, 555033),
(00477, "67F492", 2, 673185),
(00477, "25F9388", 4, 899588),
(00478, "5H7038", 2, 961856),
(00478, "32X6829", 4, 855062),
(00478, "PN2589CJ1679", 1, 4797914),
(00479, "33M6183", 4, 952886),
(00479, "49H5130", 2, 529984),
(00479, "45Q95", 1, 32352),
(00479, "26B384", 1, 96566),
(00480, "21V6730", 1, 161102),
(00480, "68F3590", 3, 513511),
(00481, "41X3622", 2, 47356),
(00481, "47W7901", 2, 171116),
(00481, "SL4005MI2906", 1, 7562349),
(00482, "28I4770", 2, 655006),
(00482, "57D3069", 3, 55976),
(00483, "51I127", 2, 594967),
(00483, "34V498", 1, 544214),
(00484, "17Q111", 3, 709293),
(00485, "89V2339", 1, 573991),
(00485, "17R8215", 3, 37590),
(00485, "55X9197", 3, 481568),
(00485, "61I3177", 1, 341711),
(00486, "51Y1169", 2, 429884),
(00486, "GS1724AT4805", 1, 9823279),
(00487, "76M3918", 1, 738729),
(00487, "UJ5472IV5176", 1, 2523575),
(00488, "ME1635UI4574", 1, 5831618),
(00489, "45B9682", 1, 240806),
(00489, "2Q3775", 3, 695366),
(00490, "99E9469", 2, 82076),
(00490, "88C3665", 3, 927233),
(00490, "43J8874", 4, 681891),
(00491, "9R1535", 3, 562692),
(00491, "35N5547", 1, 945645),
(00492, "90N9416", 2, 900652),
(00493, "85L6164", 3, 425800),
(00494, "42W9378", 4, 839929),
(00494, "CS8272SN2200", 1, 5270229),
(00495, "KH5157EX365", 1, 5774751),
(00496, "HJ4575KQ9678", 1, 4710660),
(00497, "46B6311", 4, 352651),
(00498, "39X9908", 2, 210826),
(00498, "27P104", 3, 567184),
(00499, "93A957", 2, 425500),
(00499, "26A7566", 2, 960748),
(00499, "43V172", 1, 586166),
(00500, "21U700", 4, 466902),
(00501, "JP1238AA5485", 1, 4932000),
(00502, "11I6361", 2, 691741),
(00503, "XC2272KK6405", 1, 4057623),
(00504, "LN3164TE7153", 1, 7562248),
(00505, "29M2547", 4, 91138),
(00505, "4L8779", 1, 575965),
(00505, "79I2380", 1, 166477),
(00506, "81O4231", 1, 980823),
(00507, "YW358WV2949", 1, 4083973),
(00508, "NA3445WR3809", 1, 3280978),
(00509, "RM6364IA4841", 1, 8987620),
(00510, "1K7050", 1, 753828),
(00510, "39S8477", 2, 39826),
(00510, "HP6225JA6420", 1, 5270316),
(00511, "39E5614", 4, 568573),
(00512, "10M5551", 2, 105161),
(00512, "0F9565", 3, 180287),
(00513, "51S6178", 1, 202733),
(00514, "KE5048EJ2525", 1, 4335473),
(00515, "89V1599", 3, 850675),
(00515, "63D9850", 2, 964304),
(00515, "29I3610", 4, 91684),
(00515, "80E2770", 3, 96741),
(00516, "58F7164", 2, 299945),
(00516, "7J3376", 4, 91814),
(00516, "96I3203", 1, 962805),
(00517, "73W2699", 1, 126829),
(00517, "60H120", 3, 56900),
(00517, "FT3539DB8307", 1, 4038098),
(00518, "17R8215", 2, 938528),
(00519, "48A4460", 2, 734668),
(00519, "23W9936", 1, 594401),
(00519, "73V5512", 1, 157003),
(00519, "91A1430", 4, 513305),
(00520, "75Y9659", 1, 460949),
(00520, "57U9093", 2, 407993),
(00521, "82P3411", 4, 783728),
(00522, "70O289", 4, 424275),
(00522, "24J1630", 1, 930051),
(00522, "22O8188", 3, 751707),
(00523, "NE3693JM1704", 1, 6640293),
(00524, "12R566", 4, 532919),
(00524, "83Q9470", 1, 586357),
(00524, "39B1557", 2, 314077),
(00524, "25F7205", 1, 942074),
(00525, "27E2812", 4, 813429),
(00525, "LK5726CE2750", 1, 6183357),
(00526, "6B5655", 1, 621730),
(00526, "KL72PK6941", 1, 7821714),
(00527, "88B8941", 2, 807282),
(00528, "90S5626", 1, 130189),
(00528, "QA3010KV626", 1, 1189468),
(00529, "45W2822", 2, 5950),
(00529, "1U7824", 1, 158078),
(00529, "EN7019NF4862", 1, 6155016),
(00530, "67X6852", 3, 4835),
(00530, "35Y728", 4, 451959),
(00530, "52C5118", 3, 597693),
(00531, "11I6361", 3, 133360),
(00531, "73W2699", 3, 106913),
(00531, "29S4543", 3, 595341),
(00531, "10V3361", 1, 471570),
(00532, "65C1651", 2, 754565),
(00533, "BQ5991YK6311", 1, 4202778),
(00534, "39X9908", 4, 853405),
(00534, "79E1081", 2, 120550),
(00535, "59F7016", 2, 458663),
(00536, "76R5972", 2, 944716),
(00536, "MM8466NM7915", 1, 4797723),
(00537, "91F4964", 1, 615535),
(00538, "54N3654", 1, 708727),
(00538, "LN6679GH8660", 1, 2320185),
(00539, "99O2075", 4, 881197),
(00540, "PG6674CM8710", 1, 4285433),
(00541, "SV8195EV3518", 1, 6305930),
(00542, "71P7190", 2, 17205),
(00542, "XC4011EH5092", 1, 9337411),
(00543, "51L6907", 2, 784242),
(00544, "99Q7930", 2, 811724),
(00545, "SX6330MR1947", 1, 2037958),
(00546, "91B8162", 2, 526172),
(00546, "42J4168", 4, 462024),
(00547, "81I49", 4, 366488),
(00548, "HF3667SK8569", 1, 9139547),
(00549, "1Q6873", 1, 909149),
(00549, "XF2306RO7290", 1, 9430004),
(00550, "83I910", 2, 42794),
(00550, "53B7881", 3, 122946),
(00550, "1C1803", 3, 823625),
(00551, "73D5366", 3, 176388),
(00551, "39K9562", 1, 753693),
(00552, "YM2001UH8419", 1, 6923517),
(00553, "21V9704", 1, 899948),
(00553, "53N8480", 3, 292749),
(00554, "28I5086", 1, 654797),
(00554, "LA8403WA5022", 1, 8605513),
(00555, "58F7164", 3, 8915),
(00556, "35B728", 2, 379495),
(00556, "55C4329", 3, 127543),
(00556, "60H120", 1, 647052),
(00557, "32M255", 1, 51919),
(00557, "32X5739", 3, 3972),
(00557, "3Q4695", 3, 592391),
(00557, "82T3433", 1, 924955),
(00558, "2G9827", 3, 504623),
(00558, "YW358WV2949", 1, 5260105),
(00559, "LH9289UR715", 1, 9120961),
(00560, "48A4460", 4, 752009),
(00561, "32C8739", 4, 191925),
(00561, "19C84", 4, 616985),
(00562, "85I6432", 1, 118540),
(00562, "13O5708", 2, 205741),
(00562, "CA70XI7263", 1, 3067011),
(00563, "17M1811", 1, 783024),
(00563, "96C4038", 4, 216666),
(00564, "YX130PQ6374", 1, 2211907),
(00565, "95S9091", 3, 939749),
(00566, "79R1228", 4, 134225),
(00566, "65Q3825", 3, 817397),
(00567, "PC8019UG6717", 1, 2284904),
(00568, "3T1036", 4, 261058),
(00569, "99E9469", 1, 240490),
(00569, "88S216", 4, 275612),
(00570, "73I6754", 4, 804570),
(00570, "KA3700OC4397", 1, 2335859),
(00571, "56Q1985", 4, 218860),
(00571, "32F9671", 3, 613139),
(00572, "KF792EI1325", 1, 8670549),
(00573, "29T4466", 4, 196990),
(00573, "97L1493", 4, 626194),
(00573, "60V3649", 3, 504314),
(00574, "57X3906", 3, 154146),
(00575, "73A5973", 4, 749718),
(00575, "65W573", 3, 338470),
(00576, "82T3433", 1, 787491),
(00577, "98R7061", 1, 264219),
(00577, "29J6743", 2, 40968),
(00578, "55X3938", 4, 764409),
(00578, "95K8597", 4, 738462),
(00579, "46P8035", 4, 754560),
(00580, "77C6622", 2, 306737),
(00580, "57E5565", 4, 342122),
(00581, "LK5726CE2750", 1, 2723935),
(00582, "62Q2569", 1, 665561),
(00582, "63X4419", 1, 454861),
(00582, "YF8964UM1983", 1, 4486557),
(00583, "72N8789", 3, 942083),
(00584, "96L1341", 1, 373030),
(00584, "67D8287", 2, 482030),
(00585, "45G3104", 2, 61419),
(00586, "1N664", 3, 156460),
(00586, "45V1222", 4, 453404),
(00587, "96S3371", 4, 48320),
(00587, "KL72PK6941", 1, 7547772),
(00588, "94X4633", 2, 690847),
(00589, "54W5735", 3, 650247),
(00590, "89Q2963", 1, 829203),
(00590, "49G4115", 4, 606568),
(00590, "10G747", 1, 631792),
(00591, "39S8477", 4, 637315),
(00591, "NE3693JM1704", 1, 7017195),
(00592, "NN6071JD3479", 1, 9428197),
(00593, "MU4203XN4278", 1, 7320092),
(00594, "65W573", 3, 68126),
(00594, "8M6128", 3, 98803),
(00594, "NX2223EN1947", 1, 9942980),
(00595, "91F4964", 3, 879174),
(00596, "YW358WV2949", 1, 4718118),
(00597, "46K1454", 4, 151982),
(00597, "94Q665", 1, 435016),
(00597, "94T1413", 2, 102552),
(00598, "GW9044UQ4474", 1, 9078517),
(00599, "43A5250", 2, 668437),
(00599, "23T3196", 1, 818575),
(00600, "39P1400", 2, 708304),
(00601, "80Y1840", 3, 849220),
(00602, "NE3693JM1704", 1, 7633149),
(00603, "34S9132", 3, 268965),
(00604, "64K621", 1, 881766),
(00604, "23G5950", 1, 744216),
(00604, "16H7806", 2, 115114),
(00605, "6O3116", 3, 546793),
(00605, "ED6514DO6758", 1, 8072652),
(00606, "JA1081CM4488", 1, 6286277),
(00607, "88K939", 2, 3415),
(00607, "50N4906", 1, 253591),
(00608, "64L2707", 1, 746026),
(00608, "57A948", 4, 18685),
(00608, "3A9985", 2, 274494),
(00609, "39B4999", 1, 748616),
(00609, "45C6235", 3, 26617),
(00609, "8I4779", 4, 962234),
(00610, "11G7981", 1, 727307),
(00610, "87D1858", 2, 915905),
(00611, "XB9053NY8463", 1, 9302131),
(00612, "5C5255", 4, 261786),
(00613, "99T2410", 3, 423668),
(00614, "XX1804HU3340", 1, 2063540),
(00615, "73Y1571", 3, 293247),
(00615, "32Q1848", 3, 717907),
(00616, "4W2667", 4, 962157),
(00616, "26N8018", 2, 941398),
(00616, "32O5945", 4, 808861),
(00616, "62B6772", 4, 431134),
(00617, "52L4150", 3, 116490),
(00618, "0C1770", 3, 477988),
(00619, "79R1228", 2, 924436),
(00619, "XC2272KK6405", 1, 9268679),
(00620, "60J1015", 1, 3578),
(00620, "77P4864", 2, 668591),
(00620, "66R9672", 1, 851991),
(00621, "88Y8564", 1, 828020),
(00621, "94U7274", 1, 838),
(00622, "36F5515", 4, 130922),
(00622, "25C6075", 2, 305737),
(00622, "73Q606", 1, 814867),
(00623, "65W9631", 3, 213379),
(00623, "36S1887", 2, 723756),
(00624, "85I6432", 2, 217188),
(00624, "33K6028", 1, 900167),
(00624, "43A3485", 2, 734770),
(00625, "87C4469", 2, 787409),
(00625, "37S5843", 4, 949136),
(00626, "85L9225", 3, 509707),
(00627, "7A6950", 4, 355982),
(00628, "34S9132", 2, 246832),
(00628, "38D4776", 1, 59867),
(00629, "45G3104", 2, 882622),
(00630, "45Q3875", 2, 575225),
(00630, "75R7044", 2, 236316),
(00631, "87P9979", 2, 953599),
(00632, "37E3069", 3, 745889),
(00632, "5B9950", 2, 66804),
(00633, "BG7573DF5439", 1, 5457791),
(00634, "29V5929", 3, 641724),
(00634, "74B8799", 3, 434831),
(00635, "5E5590", 4, 488427),
(00635, "55Q8505", 4, 342331),
(00635, "35I7370", 1, 5242),
(00635, "EN7201GF8948", 1, 6561430),
(00636, "88K939", 3, 586588),
(00636, "EN7201GF8948", 1, 464683),
(00637, "54C6169", 4, 677695),
(00638, "27F2293", 1, 646184),
(00638, "92B4349", 1, 690527),
(00638, "NX2223EN1947", 1, 8267803),
(00639, "61J5187", 3, 961966),
(00640, "6J6532", 4, 390096),
(00640, "61M3784", 1, 595266),
(00641, "65P8991", 1, 729112),
(00641, "97K8917", 2, 255247),
(00641, "29X2693", 1, 218369),
(00641, "45V1222", 3, 120800),
(00641, "3T1036", 2, 198514),
(00642, "69N8359", 2, 824864),
(00643, "53X229", 1, 390799),
(00643, "63V2507", 4, 570220),
(00644, "89K6434", 3, 394384),
(00645, "IO1800GS7870", 1, 4229559),
(00646, "34L6332", 3, 204046),
(00646, "46J2258", 4, 592610),
(00646, "54L3289", 2, 965773),
(00647, "43M8132", 1, 864859),
(00647, "1V4651", 2, 145312),
(00648, "88N493", 1, 808028),
(00648, "19U9556", 2, 872345),
(00649, "56J113", 2, 481729),
(00650, "19X4393", 1, 389350),
(00650, "73D7729", 1, 529886),
(00650, "77L5742", 3, 503472),
(00651, "CS8272SN2200", 1, 1957283),
(00652, "61J5187", 3, 198175),
(00652, "72J2842", 2, 15527),
(00652, "94B7998", 3, 284423),
(00653, "88U6419", 2, 72506),
(00653, "JR4954VF1086", 1, 7374775),
(00654, "31Q280", 2, 871848),
(00654, "96Q1129", 4, 555594),
(00654, "82F377", 4, 331301),
(00655, "96D3085", 4, 7556),
(00655, "TO3848LY6106", 1, 1121932),
(00656, "34Q6407", 3, 508295),
(00657, "17W7783", 4, 609893),
(00658, "48Q633", 4, 241178),
(00658, "1Q8639", 2, 214640),
(00659, "2Q2980", 4, 216072),
(00659, "1Y4835", 1, 383572),
(00659, "52F2134", 4, 359512),
(00660, "58A6017", 4, 723808),
(00661, "32Y2826", 2, 811702),
(00661, "11G1553", 2, 217949),
(00661, "34L6332", 4, 591304),
(00662, "45B5424", 2, 75231),
(00663, "47K2809", 3, 37566),
(00663, "66O6171", 2, 420181),
(00664, "96N7787", 2, 724933),
(00665, "9W3807", 2, 341562),
(00665, "57M3155", 2, 739857),
(00666, "37O2524", 1, 852267),
(00666, "WS9896IG8987", 1, 4493214),
(00667, "44P5482", 2, 516426),
(00667, "95O8677", 3, 961409),
(00668, "34A5968", 1, 514242),
(00668, "5U639", 2, 886905),
(00669, "69Y1109", 4, 218977),
(00670, "JD7909TF9304", 1, 8727560),
(00671, "70Y7426", 2, 356770),
(00671, "57E5562", 2, 835868),
(00672, "79A5387", 1, 394715),
(00672, "13O6738", 2, 972633),
(00673, "85H6564", 3, 282090),
(00674, "3M3031", 1, 205678),
(00674, "95H4705", 4, 42296),
(00675, "59X2744", 3, 154231),
(00675, "95K1574", 2, 962281),
(00675, "18U1689", 4, 436868),
(00676, "20S8424", 1, 253274),
(00677, "77P4864", 3, 625402),
(00678, "1P7066", 1, 890656),
(00679, "66S3544", 1, 89810),
(00679, "60W8183", 4, 929644),
(00679, "55K4192", 3, 319104),
(00680, "52N1757", 1, 901462),
(00680, "53P7048", 1, 76568),
(00680, "13L565", 3, 566554),
(00681, "76Y943", 3, 951401),
(00681, "NA3445WR3809", 1, 3563984),
(00682, "0T9065", 2, 911531),
(00683, "CK2074GP4951", 1, 4722359),
(00684, "33R5129", 3, 112798),
(00685, "94K2078", 4, 550078),
(00685, "76T3145", 3, 118448),
(00685, "7M7273", 1, 661469),
(00686, "KE5048EJ2525", 1, 5268798),
(00687, "WH3160ID7038", 1, 6564288),
(00688, "34V387", 1, 702536),
(00688, "81T1578", 1, 264212),
(00688, "41V5166", 4, 576887),
(00688, "63K6072", 1, 692608),
(00689, "VS5276FU730", 1, 7004095),
(00690, "JL9386BU2387", 1, 4586190),
(00691, "EN1633OO8207", 1, 3145964),
(00692, "30Y8323", 4, 385021),
(00692, "EU7961RB3683", 1, 2981071),
(00693, "PV3077VG939", 1, 4293465),
(00694, "49U1139", 2, 292851),
(00694, "XF2306RO7290", 1, 3496453),
(00695, "48C7355", 1, 906728),
(00695, "91A1430", 1, 345016),
(00695, "91L1158", 1, 424877),
(00696, "26N486", 1, 728042),
(00696, "58W4447", 3, 879649),
(00697, "65D8571", 2, 874228),
(00698, "DU3239BU3459", 1, 3262115),
(00699, "42G6043", 1, 663225),
(00700, "79R2797", 2, 871764),
(00700, "TJ6623MH7746", 1, 7825942),
(00701, "29J6743", 3, 974052),
(00702, "72Y2182", 4, 765903),
(00703, "25R9875", 2, 70195),
(00703, "24L5739", 3, 224059),
(00703, "3S2791", 2, 749355),
(00704, "HT3561QV7146", 1, 2065079),
(00705, "26V2532", 1, 29477),
(00706, "52V6188", 2, 915238),
(00706, "24X6182", 4, 139090),
(00707, "33E8580", 4, 702471),
(00708, "SC2700IQ4242", 1, 2647598),
(00709, "48Q633", 2, 68586),
(00709, "21V9704", 3, 94041),
(00709, "51T5472", 2, 253848),
(00709, "NH6249DS8971", 1, 6088995),
(00710, "27C7455", 3, 572125),
(00710, "73I6754", 3, 700866),
(00710, "68K154", 2, 617989),
(00711, "97G4843", 2, 855579),
(00712, "8R3604", 4, 728349),
(00713, "59Q7953", 4, 950921),
(00713, "86V6699", 4, 935847),
(00713, "52C5118", 1, 519873),
(00714, "1X8442", 4, 140938),
(00714, "49H5993", 4, 131268),
(00714, "2V8454", 2, 341163),
(00714, "63B2993", 1, 438439),
(00714, "11U9801", 2, 477847),
(00715, "31J9184", 2, 457445),
(00715, "68G8424", 2, 162602),
(00716, "27E2812", 1, 572390),
(00716, "46F7742", 4, 943317),
(00716, "8D6750", 4, 366601),
(00717, "7A9368", 3, 482050),
(00718, "2J5772", 2, 204924),
(00718, "76L6278", 2, 353372),
(00718, "9W3807", 2, 748021),
(00718, "98R313", 1, 975838),
(00719, "BU3228YO1407", 1, 9238774),
(00720, "YC4550MA1144", 1, 497266),
(00721, "49T2839", 4, 172770),
(00722, "95V455", 1, 752447),
(00722, "19R1864", 2, 216200),
(00722, "26D6823", 3, 863046),
(00723, "16M9682", 1, 435508),
(00723, "NO7452MW1318", 1, 4969490),
(00724, "81L8550", 4, 873895),
(00725, "HA4446JX3649", 1, 1844410),
(00726, "16B6646", 3, 358838),
(00726, "40S4731", 2, 206177),
(00727, "25X8965", 1, 464491),
(00727, "UV6172EF1455", 1, 943256),
(00728, "54C9411", 3, 175370),
(00729, "UD3204HI1959", 1, 7202776),
(00730, "AJ6839MY6518", 1, 4553466),
(00731, "56J113", 1, 452714),
(00731, "47M7562", 1, 675592),
(00731, "60U3638", 2, 930343),
(00731, "78C4791", 2, 174168),
(00732, "57M1524", 3, 432174),
(00732, "67X6852", 4, 835639),
(00733, "AT4021PE5705", 1, 2523504),
(00734, "40D7775", 3, 413624),
(00734, "99Y2278", 3, 213629),
(00735, "43J8874", 4, 564939),
(00736, "WM457EQ3387", 1, 3751106),
(00737, "40K4707", 2, 67438),
(00737, "12S8157", 2, 722341),
(00738, "40O166", 3, 931452),
(00739, "79I9519", 4, 546746),
(00740, "12D9009", 2, 192372),
(00740, "83F5972", 4, 921881),
(00740, "UV9624IX1134", 1, 9556448),
(00741, "13U4934", 3, 734248),
(00742, "84M547", 3, 973838),
(00743, "TT3544YU1950", 1, 3415370),
(00744, "96Q1129", 2, 722884),
(00744, "96H3163", 2, 29766),
(00745, "71A9578", 1, 628015),
(00745, "12V1860", 4, 585899),
(00745, "SO1280VS8518", 1, 7241928),
(00746, "46N4184", 2, 26228),
(00746, "OA7304MR372", 1, 3894424),
(00747, "3M6167", 2, 42172),
(00747, "50J3472", 1, 880393),
(00747, "1R6930", 2, 317797),
(00748, "4Q9594", 3, 685099),
(00749, "56R5144", 2, 237836),
(00749, "26N8018", 4, 103685),
(00749, "87A8992", 1, 128161),
(00750, "68J1223", 4, 987005),
(00751, "90S3587", 3, 85565),
(00751, "76Y7036", 1, 480054),
(00752, "HF3667SK8569", 1, 9067113),
(00753, "12Q7165", 4, 752452),
(00753, "23C9880", 4, 519111),
(00754, "84E3717", 3, 569022),
(00755, "SC2700IQ4242", 1, 2305716),
(00756, "CJ3837SL9744", 1, 9263210),
(00757, "57V139", 3, 884179),
(00757, "44T5213", 1, 668303),
(00758, "21G1498", 2, 109189),
(00758, "81T3938", 1, 339493),
(00759, "9M6655", 2, 783179),
(00759, "RA1692AA2157", 1, 3396095),
(00760, "19G9268", 4, 715519),
(00760, "7W4326", 1, 431912),
(00760, "46R7092", 3, 580582),
(00760, "68K154", 4, 550837),
(00761, "OB1855QP4462", 1, 5447530),
(00762, "NF7573YW3589", 1, 4140425),
(00763, "5C5255", 4, 720868),
(00763, "23W3751", 2, 44491),
(00764, "32R7969", 4, 642360),
(00764, "27P104", 3, 90123),
(00765, "77B8383", 2, 15493),
(00765, "7J474", 1, 405611),
(00766, "UT6311NA8016", 1, 1183476),
(00767, "JA1081CM4488", 1, 1524311),
(00768, "XS4664IL8866", 1, 5833808),
(00769, "82V8642", 1, 146392),
(00769, "8M6128", 3, 682400),
(00770, "52O1009", 3, 552564),
(00771, "20O7817", 4, 316632),
(00771, "63V2507", 2, 657),
(00772, "30A9471", 2, 797427),
(00773, "2S2391", 3, 286651),
(00773, "42J2809", 4, 846623),
(00773, "56V2074", 4, 823574),
(00774, "58D3926", 4, 233209),
(00774, "63Y8058", 2, 66222),
(00775, "93N4889", 1, 556347),
(00775, "36K7150", 1, 864555),
(00775, "70O289", 3, 685793),
(00775, "45X3402", 2, 202855),
(00776, "55Y8869", 2, 751011),
(00776, "23K2133", 4, 33157),
(00776, "53N8480", 2, 140206),
(00776, "35Y728", 4, 10499),
(00777, "42C9896", 4, 471938),
(00777, "26J9929", 3, 512103),
(00778, "30M3683", 2, 750170),
(00779, "HJ4575KQ9678", 1, 4764272),
(00780, "44M316", 2, 124809),
(00780, "93S2414", 2, 404323),
(00780, "NG8913OV617", 1, 4402155),
(00781, "52E275", 1, 866145),
(00782, "34H508", 2, 750355),
(00783, "77H8581", 1, 968420),
(00783, "51R5193", 2, 598728),
(00784, "35F7219", 1, 950083),
(00785, "71L1079", 3, 751834),
(00785, "XE5437HE4962", 1, 5689513),
(00786, "38O8906", 3, 96149),
(00786, "14N7300", 1, 275701),
(00787, "3Q4695", 1, 973045),
(00787, "81I49", 1, 317269),
(00787, "24T6307", 1, 205464),
(00788, "UO2022EB5218", 1, 5472402),
(00789, "58A6017", 3, 117762),
(00789, "76G3430", 2, 864936),
(00790, "46N4184", 1, 470042),
(00790, "62E3044", 4, 484315),
(00791, "44H9796", 4, 425041),
(00791, "12R566", 2, 760970),
(00792, "FB800FX8245", 1, 3158911),
(00793, "86X7026", 2, 602256),
(00794, "51B6136", 1, 705357),
(00794, "EU5168YX1796", 1, 6839758),
(00795, "45M4829", 3, 684264),
(00796, "62X6849", 3, 101868),
(00796, "11L5041", 1, 621391),
(00796, "28R6128", 2, 257221),
(00796, "NN5219IH1524", 1, 3504752),
(00797, "38W5100", 1, 199546),
(00797, "39B1557", 1, 299670),
(00797, "96N7787", 1, 488050),
(00797, "58W4447", 4, 357457),
(00797, "EX7199FD5001", 1, 8284665),
(00798, "IV1141WR7711", 1, 8915662),
(00799, "1N4533", 3, 296179),
(00799, "89Q6234", 2, 954180),
(00800, "59P6145", 2, 35752),
(00800, "2F9042", 3, 247714),
(00800, "75U3303", 3, 610488),
(00801, "89E8472", 1, 685301),
(00801, "38M874", 3, 77367),
(00801, "44T5213", 1, 903495),
(00802, "68C1292", 1, 775278),
(00802, "11G1553", 1, 32798),
(00803, "QB2532IK1601", 1, 2539905),
(00804, "27W7859", 4, 630304),
(00804, "58N8245", 2, 5748),
(00805, "WO645IY445", 1, 5414776),
(00806, "31Q280", 2, 398521),
(00806, "18O4849", 2, 400630),
(00807, "7G9944", 3, 521996),
(00808, "84E3937", 3, 866121),
(00808, "42Q9279", 3, 919230),
(00809, "58D3926", 1, 290351),
(00810, "80Y1840", 4, 353109),
(00811, "61A8553", 4, 584348),
(00811, "RL544CM9108", 1, 3358140),
(00812, "79G5598", 1, 817861),
(00812, "82L8461", 3, 605553),
(00812, "44V5121", 2, 413445),
(00813, "82D8961", 1, 941976),
(00813, "84N5917", 3, 182394),
(00813, "37K1350", 3, 366831),
(00814, "25Q1062", 2, 62150),
(00814, "10V3361", 2, 942332),
(00814, "91F2427", 3, 61717),
(00815, "60G8625", 4, 539086),
(00815, "87I420", 3, 766916),
(00815, "0K3853", 4, 741502),
(00816, "18B899", 4, 160710),
(00817, "33S564", 2, 609517),
(00818, "9N2930", 1, 521820),
(00818, "13I7082", 1, 733389),
(00818, "39B2951", 2, 956155),
(00819, "50P1579", 4, 590727),
(00820, "TW4898KY384", 1, 4062963),
(00821, "76R6067", 1, 182645),
(00821, "26B384", 1, 744478),
(00822, "38P770", 2, 714198),
(00822, "87I8211", 4, 166114),
(00822, "46O1334", 3, 838101),
(00823, "70V7374", 4, 172858),
(00823, "EN7201GF8948", 1, 6561310),
(00824, "99D6559", 3, 945640),
(00825, "ED6514DO6758", 1, 4137138),
(00826, "84G803", 1, 931511),
(00827, "26H834", 1, 73548),
(00827, "19N2756", 4, 447195),
(00828, "51I127", 2, 945292),
(00828, "TS8735HV3483", 1, 2206661),
(00829, "96G8135", 3, 887267),
(00830, "WF9879CQ3749", 1, 864065),
(00831, "79D696", 3, 129348),
(00831, "60F4021", 2, 417999),
(00832, "96D3085", 2, 726869),
(00833, "19G9268", 4, 293957),
(00833, "25Q6674", 2, 752586),
(00834, "46I9891", 3, 107433),
(00834, "61T8277", 1, 159450),
(00834, "85B2362", 3, 140973),
(00835, "39O8545", 4, 807634),
(00836, "QM9902DE5331", 1, 5739719),
(00837, "3X9982", 4, 498285),
(00838, "WO645IY445", 1, 5294676),
(00839, "2G9827", 3, 257846),
(00839, "EU5168YX1796", 1, 7365491),
(00840, "24X3797", 1, 896284),
(00841, "76R5972", 2, 506460),
(00842, "67R8404", 1, 833949),
(00842, "NG2476JX4128", 1, 7623423),
(00843, "24V3386", 1, 473840),
(00843, "0H8566", 4, 439616),
(00844, "42K6377", 1, 113140),
(00844, "0H1886", 3, 673193),
(00845, "KO1976KF5930", 1, 3957635),
(00846, "32X6829", 1, 877853),
(00846, "77P9175", 4, 524455),
(00846, "2S2391", 3, 137635),
(00846, "96L1341", 1, 839581),
(00847, "49Q1180", 3, 828730),
(00847, "72N8789", 4, 424023),
(00848, "1K7187", 1, 579883),
(00848, "83C3667", 3, 275715),
(00849, "CW5561YX1373", 1, 4873256),
(00850, "TW4898KY384", 1, 2798364),
(00851, "96S5039", 3, 880849),
(00852, "88O9161", 3, 880982),
(00853, "65V6957", 4, 293391),
(00853, "80O8264", 3, 479522),
(00854, "HP6225JA6420", 1, 1914655),
(00855, "OP8137KI9009", 1, 8728421),
(00856, "10M5551", 1, 804049),
(00856, "36L7128", 3, 973093),
(00856, "XF2306RO7290", 1, 1053303),
(00857, "LP5635TC9352", 1, 2329050),
(00858, "35N5547", 3, 533180),
(00859, "98R7061", 4, 91295),
(00859, "94K2078", 2, 660263),
(00860, "LN6679GH8660", 1, 6723931),
(00861, "58Y7439", 3, 295900),
(00861, "85Y8603", 1, 916947),
(00862, "NF7573YW3589", 1, 6879129),
(00863, "88S216", 4, 410143),
(00863, "12A831", 4, 259615),
(00864, "64K621", 3, 189621),
(00864, "54V5304", 4, 763853),
(00865, "83C4269", 1, 22567),
(00866, "31Q280", 3, 287714),
(00866, "98K4594", 4, 500730),
(00866, "PE6894IS1186", 1, 3679624),
(00867, "5O2968", 4, 767516),
(00868, "QA5675FQ5244", 1, 6694993),
(00869, "60N4761", 2, 60971),
(00869, "91B8162", 2, 328894),
(00869, "YX5050UD9295", 1, 7438640),
(00870, "YC4550MA1144", 1, 6668945),
(00871, "70R7761", 3, 932889),
(00872, "25X8965", 4, 169895),
(00872, "72R390", 3, 459446),
(00872, "95M583", 4, 185194),
(00873, "7G9944", 2, 460798),
(00873, "38S5720", 2, 706542),
(00874, "18B8060", 2, 18272),
(00875, "XI749RI6736", 1, 2917324),
(00876, "RL8127YU630", 1, 2501256),
(00877, "92F2366", 2, 338648),
(00877, "18T8083", 4, 693096),
(00878, "59H4814", 4, 78873),
(00878, "ER1605KN2561", 1, 627034),
(00879, "30Y9726", 3, 605848),
(00879, "12P1625", 1, 67257),
(00880, "94T1413", 2, 398186),
(00880, "90S3587", 1, 956296),
(00881, "18U1689", 3, 731113),
(00881, "68O199", 2, 752027),
(00882, "1K7050", 2, 628387),
(00883, "54Q1411", 4, 426658),
(00884, "85O3050", 2, 90952),
(00884, "97J1359", 1, 38215),
(00884, "LU1144CP5542", 1, 8840624),
(00885, "76Y2401", 3, 635962),
(00886, "71K6209", 4, 186255),
(00886, "95W4220", 2, 360712),
(00887, "39B4999", 3, 120226),
(00887, "FB800FX8245", 1, 2952326),
(00888, "29D9174", 3, 740944),
(00889, "22O8188", 3, 453370),
(00889, "89E51", 3, 604316),
(00889, "93P8582", 4, 110829),
(00889, "68H2519", 2, 973936),
(00889, "83K1092", 4, 520909),
(00890, "69Q6686", 1, 767943),
(00890, "SM6296QF6379", 1, 803538),
(00891, "26J9929", 2, 696581),
(00891, "51B1025", 1, 251148),
(00892, "BN6018EJ9788", 1, 6580125),
(00893, "CS2484KK5494", 1, 862636),
(00894, "21U8041", 2, 62782),
(00894, "88O7283", 3, 500885),
(00895, "67G7472", 4, 988901),
(00895, "95E289", 4, 276435),
(00896, "RA7641BN3571", 1, 8430524),
(00897, "30Q2167", 4, 429494),
(00898, "38W1331", 4, 716028),
(00899, "6S5941", 3, 551653),
(00899, "76R4371", 1, 911790),
(00899, "13E6909", 3, 936721),
(00899, "76T3145", 1, 969854),
(00900, "46T3787", 2, 784867),
(00901, "6A3807", 2, 274276),
(00901, "XB4618UB3488", 1, 7128361),
(00902, "9R3944", 4, 60688),
(00902, "26D6823", 3, 401775),
(00903, "TJ6623MH7746", 1, 8985843),
(00904, "32O5945", 1, 221426),
(00904, "94U7274", 4, 556574),
(00905, "PW5560KB4173", 1, 6065504),
(00906, "60C3657", 1, 881145),
(00906, "93L3111", 2, 563183),
(00906, "91B3842", 1, 288241),
(00907, "63V2507", 2, 804840),
(00908, "2F82", 1, 179412),
(00908, "XI1608LB2757", 1, 1474013),
(00909, "70R7761", 4, 369814),
(00910, "96H3163", 2, 785789),
(00911, "AX3897QS8265", 1, 7901533),
(00912, "74F9827", 4, 326212),
(00912, "AT4021PE5705", 1, 1389648),
(00913, "92Q9472", 3, 91776),
(00914, "47Q1442", 1, 161381),
(00914, "54H5927", 1, 916707),
(00915, "79S6847", 1, 147215),
(00915, "56M115", 3, 798441),
(00915, "81K9853", 3, 896645),
(00916, "92X9510", 3, 198454),
(00916, "QH4314BC557", 1, 3887069),
(00917, "26J9929", 3, 482267),
(00918, "45V5346", 2, 606828),
(00918, "0C1770", 2, 975279),
(00919, "64K621", 1, 367864),
(00919, "88Y8564", 3, 732184),
(00919, "44I9459", 3, 558066),
(00919, "AN7822AR7679", 1, 2721676),
(00920, "9F2614", 2, 903089),
(00920, "56F6338", 4, 245731),
(00921, "12W6382", 3, 427596),
(00921, "VM1754MT951", 1, 981370),
(00922, "61J6162", 3, 283898),
(00922, "34V498", 1, 140208),
(00923, "87X7480", 2, 432789),
(00923, "PV6190DQ6760", 1, 2968449),
(00924, "26E5857", 3, 193884),
(00924, "18C4887", 4, 186840),
(00924, "5U639", 4, 509396),
(00925, "93E8292", 3, 618977),
(00925, "12P1625", 3, 640409),
(00926, "63T3615", 3, 749669),
(00927, "JH4881JW9523", 1, 8021052),
(00928, "XT7312KF9811", 1, 4845053),
(00929, "0B8732", 1, 535245),
(00930, "TA157FC5171", 1, 2043852),
(00931, "68G8424", 2, 410133),
(00931, "29T9936", 3, 393428),
(00932, "38P770", 2, 398902),
(00932, "48P3782", 4, 782540),
(00933, "79R2184", 3, 653114),
(00934, "SX6330MR1947", 1, 4034804),
(00935, "XN9346LK6300", 1, 6318989),
(00936, "84N5917", 2, 467583),
(00937, "83Q9470", 3, 215310),
(00937, "71C6459", 3, 834322),
(00938, "XC4011EH5092", 1, 1918860),
(00939, "51V5707", 4, 154104),
(00939, "53G7048", 2, 955324),
(00939, "75G4836", 4, 753499),
(00940, "34G6991", 3, 116505),
(00940, "39M4647", 2, 347777),
(00941, "74P6608", 4, 47750),
(00941, "68K7103", 3, 963683),
(00942, "1N4533", 3, 850730),
(00942, "CL1510EN7811", 1, 2223249),
(00943, "92J9534", 3, 849524),
(00943, "MQ1962FQ9527", 1, 1629349),
(00944, "42T77", 2, 34395),
(00945, "31S7024", 1, 390375),
(00945, "52V6188", 1, 628410),
(00946, "39K3609", 3, 813524),
(00946, "11T4628", 4, 282593),
(00947, "VC838GT7678", 1, 8560379),
(00948, "28N2625", 1, 33249),
(00948, "19P6852", 3, 734402),
(00948, "29J6743", 3, 400302),
(00949, "69A4004", 2, 134663),
(00949, "70V12", 2, 964399),
(00950, "51A387", 1, 969647),
(00950, "FR2502VJ4062", 1, 4134020),
(00951, "85E1977", 3, 423108),
(00952, "99Q7930", 4, 195721),
(00952, "63P5443", 3, 732774),
(00952, "50N4728", 2, 916902),
(00953, "95M5356", 1, 747312),
(00953, "80F8697", 4, 416459),
(00954, "8T9069", 3, 818931),
(00955, "94H1098", 3, 763338),
(00955, "76R6067", 4, 304482),
(00955, "30K6821", 3, 44772),
(00955, "PB5881HN4271", 1, 1606687),
(00956, "26E5857", 3, 155164),
(00956, "72E5897", 1, 103978),
(00956, "79G8461", 1, 979504),
(00956, "99T2410", 4, 730216),
(00957, "0F9565", 2, 918696),
(00958, "34G6991", 1, 389096),
(00959, "58R8708", 3, 722147),
(00959, "EF9457RR115", 1, 9735243),
(00960, "53G4537", 2, 907808),
(00960, "99Y2278", 1, 516824),
(00960, "16I5500", 3, 203256),
(00960, "87F5227", 3, 756457),
(00960, "88D9240", 2, 548081),
(00961, "98V7754", 3, 548454),
(00961, "25G3066", 2, 47507),
(00962, "66H2549", 2, 642466),
(00962, "11S1306", 4, 822538),
(00963, "AY8684UR300", 1, 617544),
(00964, "72U7958", 2, 13077),
(00964, "NG2476JX4128", 1, 4416167),
(00965, "UJ5472IV5176", 1, 8620967),
(00966, "CA70XI7263", 1, 1036473),
(00967, "84E3717", 1, 351085),
(00967, "84U5818", 2, 338603),
(00968, "77B8383", 4, 482616),
(00969, "52D4032", 3, 217469),
(00969, "31S7024", 3, 314300),
(00970, "OG8571MN2714", 1, 843918),
(00971, "17A8387", 4, 301349),
(00972, "8I4779", 1, 908425),
(00972, "AA6261MA516", 1, 9931029),
(00973, "TO1801SY3463", 1, 5696385),
(00974, "74N2379", 4, 249752),
(00975, "QY1984QK3830", 1, 660590),
(00976, "51E4999", 2, 301422),
(00976, "24C5501", 3, 455171),
(00977, "NG2476JX4128", 1, 3498853),
(00978, "54N3567", 4, 670703),
(00979, "97X1424", 3, 825139),
(00980, "89V1599", 1, 589460),
(00981, "89V2339", 2, 677429),
(00982, "5B3510", 4, 691109),
(00983, "18J2337", 4, 573284),
(00983, "75W7386", 1, 820982),
(00984, "98I15", 3, 890421),
(00984, "52S7100", 4, 300292),
(00985, "VU7401LJ1673", 1, 5481993),
(00986, "XI749RI6736", 1, 6166751),
(00987, "29H6189", 1, 524894),
(00987, "61X43", 3, 854959),
(00988, "1K2046", 3, 510756),
(00988, "86D9276", 2, 717400),
(00989, "44P1094", 1, 357666),
(00989, "EL1541VN403", 1, 5253866),
(00990, "79R6241", 2, 770187),
(00991, "92M7814", 1, 788026),
(00991, "70V12", 3, 154388),
(00992, "86J8238", 4, 624500),
(00993, "89R7804", 2, 252920),
(00993, "50G3354", 4, 31520),
(00993, "26H1079", 1, 742781),
(00993, "68L3499", 1, 116751),
(00994, "OP8137KI9009", 1, 6967212),
(00995, "7V7691", 2, 772558),
(00995, "9P4702", 3, 225295),
(00995, "99D6559", 4, 110675),
(00996, "68C1292", 4, 539705),
(00996, "8K6391", 2, 330871),
(00997, "73H5702", 1, 418619),
(00998, "0C1770", 2, 885236),
(00998, "16P222", 2, 11969),
(00998, "21H4715", 4, 858355),
(00999, "89O2496", 4, 797802);

insert into renta values
(00000, 1473311731, 4880101872, "AC1330WE361", 1, "2015-11-10", "2022-6-26", 99882, null), 
(00001, 1486866371, 1511604088, "AE9858MN8104", 1, "2014-4-26", "2023-9-4", 60257, null), 
(00002, 1456338187, 1085932915, "AL9830JY9860", 1, "2014-4-3", "2023-7-16", 105319, null), 
(00003, 1500236620, 5015419492, "AN7822AR7679", 1, "2014-3-18", "2022-2-7", 195389, null), 
(00004, 1331143147, 7061959401, "AU9454OO733", 1, "2014-7-13", "2022-4-7", 665950, null), 
(00005, 1442742157, 2902488951, "AY9136JP6876", 1, "2014-9-19", "2023-1-8", 685174, null), 
(00006, 1344120674, 262041359, "BE6336WM1669", 1, "2015-1-21", "2022-7-12", 443088, null), 
(00007, 1456338187, 1511604088, "BK4823OU6688", 1, "2015-4-27", "2023-2-27", 81004, null), 
(00008, 1431716417, 9126917120, "BM1681QR7944", 1, "2015-10-1", "2023-1-7", 863727, null), 
(00009, 1505746872, 4676964236, "BN6018EJ9788", 1, "2014-3-22", "2022-5-25", 321714, null), 
(00010, 1363102825, 6587093568, "BP1277WT1052", 1, "2014-10-11", "2022-11-15", 209805, null), 
(00011, 1433770506, 1031367114, "CA2475FL8786", 1, "2014-8-17", "2022-1-19", 168062, null), 
(00012, 1444768135, 9307042574, "CJ3837SL9744", 1, "2015-2-5", "2023-5-19", 486814, null), 
(00013, 1344743623, 4279444630, "CK2074GP4951", 1, "2014-9-12", "2022-1-14", 481258, null), 
(00014, 1505746872, 9916514730, "CL1510EN7811", 1, "2015-2-16", "2022-4-25", 447609, null), 
(00015, 1327212124, 6685163882, "CS2484KK5494", 1, "2015-7-22", "2023-4-3", 21219, null), 
(00016, 1360111225, 7358057534, "CT8035SN1853", 1, "2014-11-23", "2023-4-12", 833026, null), 
(00017, 1336268676, 7061959401, "CW9556YM928", 1, "2015-1-4", "2022-11-18", 267196, null), 
(00018, 1467637666, 4880101872, "DC9527DE3447", 1, "2014-4-3", "2023-4-10", 714421, null), 
(00019, 1467520018, 6587093568, "DF6572GR3116", 1, "2015-7-1", "2022-1-24", 883610, null), 
(00020, 1503600810, 654265495, "DQ3745UQ4406", 1, "2014-1-21", "2023-9-21", 543789, null), 
(00021, 1344743623, 1653255599, "DU4140DH6526", 1, "2014-4-22", "2022-4-9", 291225, null), 
(00022, 1356203883, 4279444630, "ED2058VJ7993", 1, "2014-4-12", "2022-3-16", 522305, null), 
(00023, 1380021251, 9916514730, "EF1697SS453", 1, "2015-6-26", "2022-1-10", 387016, null), 
(00024, 1361762011, 4512815575, "EF9457RR115", 1, "2015-2-25", "2022-9-8", 855358, null), 
(00025, 1352765716, 1511604088, "EL1541VN403", 1, "2014-10-24", "2023-4-1", 672206, null), 
(00026, 1376771615, 5015419492, "EN7019NF4862", 1, "2015-6-24", "2023-9-22", 196791, null), 
(00027, 1467637666, 1085932915, "ER1605KN2561", 1, "2015-3-1", "2023-3-4", 731814, null), 
(00028, 1505746872, 9916514730, "EU6347OM4583", 1, "2015-5-17", "2022-8-4", 839614, null), 
(00029, 1476783638, 4528097680, "FA8560OA5309", 1, "2015-2-14", "2022-10-21", 677940, null), 
(00030, 1442742157, 9916514730, "FH675ED903", 1, "2014-2-2", "2023-3-26", 535672, null), 
(00031, 1375133888, 4279444630, "FR2502VJ4062", 1, "2015-9-25", "2022-7-9", 685190, null), 
(00032, 1500502424, 1653255599, "FT3539DB8307", 1, "2014-3-16", "2022-10-12", 607369, null), 
(00033, 1456338187, 3647055692, "GD5613MT9058", 1, "2015-2-11", "2022-2-23", 403300, null), 
(00034, 1453451840, 9126917120, "GJ4585NC4201", 1, "2015-9-10", "2023-11-4", 372881, null), 
(00035, 1444768135, 2156026255, "GO4168GW1613", 1, "2014-2-10", "2023-4-26", 391252, null), 
(00036, 1503600810, 7061959401, "GW9044UQ4474", 1, "2015-11-12", "2022-10-9", 801332, null), 
(00037, 1453451840, 700714596, "HA4446JX3649", 1, "2015-3-3", "2023-2-6", 650973, null), 
(00038, 1424624014, 9916514730, "HG1312EJ5714", 1, "2014-1-6", "2022-4-19", 720771, null), 
(00039, 1382483310, 9126917120, "HR8271SF7831", 1, "2015-4-5", "2023-4-23", 573005, null), 
(00040, 1467520018, 9916514730, "HT2995BX3879", 1, "2015-2-20", "2023-5-9", 788295, null), 
(00041, 1478140186, 8835285566, "HT3561QV7146", 1, "2014-11-4", "2022-7-1", 529979, null), 
(00042, 1400323816, 9126917120, "HU3739IM2007", 1, "2014-8-1", "2022-7-2", 572872, null), 
(00043, 1363540631, 700714596, "HV221BN8257", 1, "2015-10-25", "2022-1-11", 726408, null), 
(00044, 1336268676, 282338368, "HX5430EX5665", 1, "2015-2-12", "2023-9-27", 401838, null), 
(00045, 1486866371, 6151656699, "IB215FA137", 1, "2015-4-16", "2022-8-27", 370066, null), 
(00046, 1437386203, 4676964236, "IT5236ET3596", 1, "2014-1-18", "2022-10-21", 583439, null), 
(00047, 1442742157, 7185881341, "JC5638FN8519", 1, "2015-8-9", "2022-4-11", 738140, null), 
(00048, 1420142571, 5015419492, "JD757FC5501", 1, "2014-9-8", "2023-10-6", 45927, null), 
(00049, 1431716417, 262041359, "JE4657VC4869", 1, "2015-2-2", "2023-7-11", 747542, null), 
(00050, 1375133888, 1653255599, "JF8587MW9941", 1, "2015-9-19", "2023-4-25", 864739, null), 
(00051, 1478140186, 4367346248, "JG5040JF7437", 1, "2014-9-11", "2023-5-18", 646569, null), 
(00052, 1503600810, 9916514730, "JK6684BQ5799", 1, "2014-8-3", "2023-1-8", 142667, null), 
(00053, 1476783638, 4528097680, "JL9386BU2387", 1, "2015-8-25", "2023-4-9", 671557, null), 
(00054, 1478140186, 9420030835, "JP1238AA5485", 1, "2014-10-3", "2023-8-23", 788703, null), 
(00055, 1503600810, 8835285566, "JR4954VF1086", 1, "2014-2-19", "2023-4-12", 296749, null), 
(00056, 1476872734, 9152430527, "JS9216UF8879", 1, "2015-9-4", "2023-11-27", 848498, null), 
(00057, 1503600810, 6186901571, "JT2388RY9908", 1, "2015-9-1", "2022-4-18", 283108, null), 
(00058, 1344743623, 8681033918, "JW3965GH3978", 1, "2015-11-17", "2023-6-27", 295374, null), 
(00059, 1444768135, 9916514730, "KE5048EJ2525", 1, "2015-11-1", "2022-5-7", 480237, null), 
(00060, 1388421732, 700714596, "KF188QI4420", 1, "2015-9-2", "2023-11-1", 318915, null), 
(00061, 1465458745, 4512815575, "KG5575YF4403", 1, "2014-4-5", "2022-4-12", 640273, null), 
(00062, 1358304603, 6579161930, "KK5366VK829", 1, "2014-8-13", "2022-8-23", 392029, null), 
(00063, 1476783638, 1630844328, "KL72PK6941", 1, "2014-2-20", "2022-2-1", 164865, null), 
(00064, 1360111225, 654265495, "KM1534AD6244", 1, "2015-4-5", "2022-3-19", 352139, null), 
(00065, 1400323816, 5015419492, "KN6864GC3047", 1, "2014-2-24", "2022-11-9", 822685, null), 
(00066, 1327212124, 4528097680, "KU7140JI548", 1, "2014-8-1", "2022-8-7", 216166, null), 
(00067, 1424624014, 1511604088, "LG2456KI6453", 1, "2015-6-6", "2023-9-1", 419548, null), 
(00068, 1483706841, 1085932915, "LI4307GB6311", 1, "2015-3-3", "2022-1-15", 30203, null), 
(00069, 1458518707, 8835285566, "LL4122JI1075", 1, "2015-9-11", "2022-5-16", 121347, null), 
(00070, 1360111225, 6587093568, "LP5635TC9352", 1, "2014-2-15", "2022-3-24", 466753, null), 
(00071, 1503600810, 8842204359, "LY4958QS5819", 1, "2014-1-21", "2022-7-19", 513204, null), 
(00072, 1488605611, 2156026255, "MB5415VW103", 1, "2015-10-19", "2023-4-27", 829171, null), 
(00073, 1352765716, 700714596, "ME201UT391", 1, "2015-7-15", "2022-6-20", 503917, null), 
(00074, 1503600810, 7358057534, "MF7149XS3745", 1, "2014-1-14", "2022-6-23", 379712, null), 
(00075, 1361762011, 7185881341, "MI3708TH1309", 1, "2014-11-24", "2022-11-9", 399894, null), 
(00076, 1382483310, 5015419492, "MP894EY3444", 1, "2014-1-22", "2023-10-19", 581187, null), 
(00077, 1503600810, 4880101872, "MQ6162SQ6507", 1, "2015-4-8", "2022-9-22", 565676, null), 
(00078, 1331143147, 2156026255, "MV698IM3112", 1, "2014-11-17", "2023-4-8", 605609, null), 
(00079, 1331143147, 9420030835, "NG8913OV617", 1, "2014-8-25", "2022-2-20", 885165, null), 
(00080, 1437386203, 282338368, "NH6249DS8971", 1, "2014-10-14", "2023-9-22", 470864, null), 
(00081, 1437386203, 4367346248, "NK1454LY930", 1, "2014-4-10", "2023-9-10", 190880, null), 
(00082, 1344120674, 4528097680, "NS8445OR9720", 1, "2014-6-2", "2023-5-19", 847459, null), 
(00083, 1360111225, 6579161930, "NU4976SS8559", 1, "2014-11-21", "2023-8-26", 738423, null), 
(00084, 1431716417, 2902488951, "NU5852DW8440", 1, "2015-8-12", "2023-6-16", 346027, null), 
(00085, 1356203883, 5015419492, "NU7492YW9880", 1, "2015-11-20", "2023-11-19", 585895, null), 
(00086, 1363102825, 6685163882, "NW7974XJ1283", 1, "2015-3-12", "2022-2-24", 473811, null), 
(00087, 1388421732, 7061959401, "NX2223EN1947", 1, "2015-7-26", "2022-4-6", 599502, null), 
(00088, 1486866371, 8842204359, "NY5696HF7496", 1, "2015-10-1", "2023-8-5", 397973, null), 
(00089, 1500502424, 4528097680, "OA7304MR372", 1, "2014-2-3", "2023-4-1", 610236, null), 
(00090, 1356203883, 6151656699, "OB1855QP4462", 1, "2014-9-13", "2023-4-4", 688025, null), 
(00091, 1488605611, 6151656699, "OD483TI4933", 1, "2015-9-6", "2023-2-5", 780830, null), 
(00092, 1488605611, 700714596, "OH5935BV14", 1, "2015-10-14", "2023-2-1", 133380, null), 
(00093, 1453451840, 1653255599, "OI8363PV1547", 1, "2014-9-9", "2022-3-27", 20002, null), 
(00094, 1476783638, 4880101872, "OQ4127LW1867", 1, "2015-1-17", "2022-6-20", 886697, null), 
(00095, 1420142571, 262041359, "OS9881KU142", 1, "2014-5-3", "2023-10-6", 764844, null), 
(00096, 1478140186, 654265495, "PH4398IC8238", 1, "2014-9-5", "2022-2-9", 482952, null), 
(00097, 1467637666, 1031367114, "PI9561XK6616", 1, "2015-4-12", "2022-2-18", 892708, null), 
(00098, 1433770506, 4512815575, "PK506DH2967", 1, "2015-8-7", "2022-6-14", 265003, null), 
(00099, 1467637666, 6579161930, "PN2589CJ1679", 1, "2015-6-9", "2022-9-12", 185758, null), 
(00100, 1356203883, 9420030835, "PV3077VG939", 1, "2015-10-7", "2023-3-27", 371536, null), 
(00101, 1467637666, 4512815575, "PV6190DQ6760", 1, "2014-5-6", "2023-1-6", 449200, null), 
(00102, 1382141544, 6685163882, "PW5560KB4173", 1, "2014-4-22", "2023-1-19", 824935, null), 
(00103, 1437386203, 6685163882, "QA2252RD952", 1, "2014-10-23", "2023-4-25", 471382, null), 
(00104, 1478140186, 6186901571, "QA3010KV626", 1, "2015-6-4", "2022-2-5", 260745, null), 
(00105, 1327212124, 9763191517, "QH4314BC557", 1, "2015-6-5", "2022-8-21", 27637, null), 
(00106, 1331143147, 7185881341, "QL1628XV3526", 1, "2014-7-12", "2022-7-9", 523012, null), 
(00107, 1327212124, 4880101872, "QP1597UX4875", 1, "2015-8-25", "2023-9-26", 547299, null), 
(00108, 1336836846, 1653255599, "QS9223NK8572", 1, "2014-6-9", "2022-1-1", 166852, null), 
(00109, 1470247865, 9126917120, "QY1984QK3830", 1, "2014-6-11", "2022-10-24", 537108, null), 
(00110, 1453451840, 282338368, "RD4135NB3523", 1, "2014-4-16", "2022-3-26", 810771, null), 
(00111, 1382141544, 9420030835, "RJ6533XR6136", 1, "2015-2-14", "2023-2-24", 852016, null), 
(00112, 1344743623, 4512815575, "RM280WS3296", 1, "2014-3-5", "2023-11-18", 694255, null), 
(00113, 1388421732, 282338368, "RM5689TI3539", 1, "2015-7-10", "2022-4-1", 756131, null), 
(00114, 1388421732, 8842204359, "RM6364IA4841", 1, "2014-7-18", "2022-1-7", 403290, null), 
(00115, 1433770506, 654265495, "RR4363XL9559", 1, "2014-5-17", "2023-11-4", 107676, null), 
(00116, 1408275662, 6151656699, "RV9245MN9363", 1, "2015-1-11", "2023-8-22", 499424, null), 
(00117, 1342820130, 8835285566, "SB1669NX626", 1, "2015-4-1", "2022-7-12", 558633, null), 
(00118, 1483706841, 4367346248, "SL4005MI2906", 1, "2015-10-14", "2022-11-8", 450054, null), 
(00119, 1327212124, 9152430527, "SP1545UD4888", 1, "2014-4-27", "2022-6-5", 775089, null), 
(00120, 1382141544, 8842204359, "SQ2175QW3971", 1, "2014-3-10", "2023-6-26", 475310, null), 
(00121, 1478140186, 1630844328, "ST9932HM2269", 1, "2014-6-11", "2023-5-10", 454942, null), 
(00122, 1442742157, 1653255599, "SY2651DV1521", 1, "2015-9-22", "2023-3-16", 453319, null), 
(00123, 1476872734, 7358057534, "TC3959PA3798", 1, "2014-7-5", "2022-1-23", 630259, null), 
(00124, 1408275662, 9152430527, "TG6361AJ6639", 1, "2014-5-2", "2022-7-3", 310829, null), 
(00125, 1420142571, 6156889503, "TI7760XW4445", 1, "2014-1-5", "2022-6-13", 72235, null), 
(00126, 1470247865, 7061959401, "TJ1096OV6103", 1, "2015-7-17", "2023-11-16", 313085, null), 
(00127, 1336268676, 9126917120, "TT3544YU1950", 1, "2015-5-12", "2023-1-12", 94822, null), 
(00128, 1456338187, 6587093568, "TW4898KY384", 1, "2015-10-24", "2023-1-23", 489734, null), 
(00129, 1363102825, 654265495, "UM2220GT7783", 1, "2014-9-24", "2023-7-22", 633613, null), 
(00130, 1336268676, 1511604088, "UN5183FX9497", 1, "2014-8-18", "2023-1-1", 265333, null), 
(00131, 1483706841, 6156889503, "UO2022EB5218", 1, "2015-7-4", "2023-3-9", 797546, null), 
(00132, 1486866371, 9307042574, "VB3102NL1109", 1, "2015-6-17", "2022-11-2", 821934, null), 
(00133, 1500502424, 654265495, "VC838GT7678", 1, "2014-10-23", "2022-9-6", 281055, null), 
(00134, 1503600810, 8835285566, "VM1754MT951", 1, "2015-5-6", "2023-6-22", 815508, null), 
(00135, 1465458745, 654265495, "VN3749ES462", 1, "2014-3-19", "2023-9-16", 81395, null), 
(00136, 1352765716, 6151656699, "VQ1816NO397", 1, "2015-8-6", "2022-6-15", 765328, null), 
(00137, 1453451840, 4367346248, "VQ6138UU3037", 1, "2015-11-20", "2023-3-18", 21982, null), 
(00138, 1424624014, 9420030835, "VU7401LJ1673", 1, "2014-3-23", "2022-5-16", 298673, null), 
(00139, 1356203883, 6151656699, "WE4400DG4535", 1, "2015-11-9", "2022-6-27", 574512, null), 
(00140, 1505746872, 6156889503, "WO645IY445", 1, "2015-3-15", "2022-4-10", 505572, null), 
(00141, 1363540631, 8842204359, "WV1089OD5559", 1, "2015-10-19", "2022-1-12", 711414, null), 
(00142, 1478140186, 8681033918, "WY4645VQ9349", 1, "2015-6-15", "2023-9-9", 854282, null), 
(00143, 1382483310, 282338368, "XB4618UB3488", 1, "2015-11-27", "2022-9-17", 650737, null), 
(00144, 1363540631, 6186901571, "XC4011EH5092", 1, "2014-9-25", "2022-2-22", 270263, null), 
(00145, 1433770506, 1085932915, "XT7312KF9811", 1, "2015-3-7", "2023-6-25", 739805, null), 
(00146, 1408275662, 9827809820, "XX1804HU3340", 1, "2014-9-1", "2022-7-27", 701325, null), 
(00147, 1453451840, 2902488951, "YE9045JE2731", 1, "2015-4-14", "2022-9-11", 603710, null), 
(00148, 1388421732, 9827809820, "YM2289RY626", 1, "2014-1-2", "2023-6-2", 549599, null), 
(00149, 1424624014, 2902488951, "YN4501MR3420", 1, "2015-7-17", "2023-1-3", 558299, null), 
(00150, 1382141544, 6587093568, "YW358WV2949", 1, "2015-1-16", "2023-1-26", 232763, null), 
(00151, 1352765716, 4279444630, "YX130PQ6374", 1, "2015-4-3", "2023-2-27", 355393, null);

insert into servicio values
(00000, 1157752512, "AC1330WE361", 4880101872, "2015-05-01", null, true, "2015-05-06", "2015-05-06", "17:02:22", null, 0, 21836),
(00001, 1206726676, "AE9858MN8104", 1511604088, "2012-06-01", null, true, "2012-06-18", "2012-06-19", "13:48:30", null, 0, 28738),
(00002, 1158881322, "AL9830JY9860", 1085932915, "2013-11-01", null, true, "2013-11-12", "2013-11-12", "14:32:13", null, 0, 37507),
(00003, 1245752173, "AN7822AR7679", 5015419492, "2013-12-01", null, true, "2013-12-02", "2013-12-02", "16:41:33", null, 0, 40211),
(00004, 1155136700, "AU9454OO733", 7061959401, "2015-03-01", null, true, "2015-03-03", "2015-03-05", "19:15:36", null, 0, 8492),
(00005, 1158881322, "AY9136JP6876", 2902488951, "2014-10-01", null, true, "2014-10-05", "2014-10-05", "13:42:11", null, 0, 37480),
(00006, 1253773543, "BE6336WM1669", 262041359, "2015-09-01", null, true, "2015-09-07", "2015-09-09", "13:08:03", null, 0, 22249),
(00007, 1142248885, "BK4823OU6688", 1511604088, "2014-06-01", null, true, "2014-06-03", "2014-06-04", "16:25:23", null, 0, 21439),
(00008, 1277367334, "BM1681QR7944", 9126917120, "2012-06-01", null, true, "2012-06-17", "2012-06-18", "18:57:10", null, 0, 12880),
(00009, 1234725485, "BN6018EJ9788", 4676964236, "2012-09-01", null, true, "2012-09-25", "2012-09-26", "19:44:17", null, 0, 9733),
(00010, 1218537022, "BP1277WT1052", 6587093568, "2014-06-01", null, true, "2014-06-21", "2014-06-21", "17:53:31", null, 0, 28050),
(00011, 1135304113, "CA2475FL8786", 1031367114, "2015-06-01", null, true, "2015-06-13", "2015-06-13", "17:44:42", null, 0, 14814),
(00012, 1234582127, "CJ3837SL9744", 9307042574, "2014-07-01", null, true, "2014-07-16", "2014-07-18", "18:10:50", null, 0, 34362),
(00013, 1177843304, "CK2074GP4951", 4279444630, "2011-04-01", null, true, "2011-04-08", "2011-04-08", "16:22:36", null, 0, 35997),
(00014, 1223620155, "CL1510EN7811", 9916514730, "2012-05-01", null, true, "2012-05-22", "2012-05-22", "16:18:59", null, 0, 21229),
(00015, 1271862711, "CS2484KK5494", 6685163882, "2011-07-01", null, true, "2011-07-25", "2011-07-27", "17:43:24", null, 0, 3906),
(00016, 1277518026, "CT8035SN1853", 7358057534, "2015-03-01", null, true, "2015-03-06", "2015-03-06", "17:09:46", null, 0, 19792),
(00017, 1282308833, "CW9556YM928", 7061959401, "2012-05-01", null, true, "2012-05-14", "2012-05-16", "13:09:13", null, 0, 6006),
(00018, 1135304113, "DC9527DE3447", 4880101872, "2011-11-01", null, true, "2011-11-13", "2011-11-14", "15:52:24", null, 0, 21533),
(00019, 1222251662, "DF6572GR3116", 6587093568, "2011-06-01", null, true, "2011-06-07", "2011-06-09", "18:30:31", null, 0, 20898),
(00020, 1222251662, "DQ3745UQ4406", 654265495, "2014-04-01", null, true, "2014-04-15", "2014-04-16", "14:53:15", null, 0, 36110),
(00021, 1310557070, "DU4140DH6526", 1653255599, "2014-10-01", null, true, "2014-10-02", "2014-10-02", "18:49:33", null, 0, 26316),
(00022, 1173581525, "ED2058VJ7993", 4279444630, "2011-12-01", null, true, "2011-12-23", "2011-12-24", "15:41:39", null, 0, 29994),
(00023, 1188757658, "EF1697SS453", 9916514730, "2014-04-01", null, true, "2014-04-18", "2014-04-19", "15:59:05", null, 0, 13986),
(00024, 1245752173, "EF9457RR115", 4512815575, "2011-05-01", null, true, "2011-05-02", "2011-05-02", "18:41:29", null, 0, 14683),
(00025, 1137438516, "EL1541VN403", 1511604088, "2014-12-01", null, true, "2014-12-07", "2014-12-09", "16:31:52", null, 0, 30498),
(00026, 1254435411, "EN7019NF4862", 5015419492, "2015-09-01", null, true, "2015-09-02", "2015-09-03", "19:45:49", null, 0, 31687),
(00027, 1188757658, "ER1605KN2561", 1085932915, "2014-08-01", null, true, "2014-08-08", "2014-08-08", "16:08:30", null, 0, 39698),
(00028, 1300334243, "EU6347OM4583", 9916514730, "2012-05-01", null, true, "2012-05-20", "2012-05-22", "19:06:17", null, 0, 9959),
(00029, 1281508385, "FA8560OA5309", 4528097680, "2015-12-01", null, true, "2015-12-03", "2015-12-03", "16:20:51", null, 0, 32303),
(00030, 1311764813, "FH675ED903", 9916514730, "2013-07-01", null, true, "2013-07-10", "2013-07-12", "17:15:47", null, 0, 3446),
(00031, 1311764813, "FR2502VJ4062", 4279444630, "2012-12-01", null, true, "2012-12-04", "2012-12-04", "15:19:06", null, 0, 28737),
(00032, 1245752173, "FT3539DB8307", 1653255599, "2011-10-01", null, true, "2011-10-16", "2011-10-17", "18:32:19", null, 0, 10985),
(00033, 1223620155, "GD5613MT9058", 3647055692, "2015-11-01", null, true, "2015-11-09", "2015-11-11", "15:06:25", null, 0, 37331),
(00034, 1173581525, "GJ4585NC4201", 9126917120, "2014-05-01", null, true, "2014-05-13", "2014-05-14", "14:17:21", null, 0, 15030),
(00035, 1281518756, "GO4168GW1613", 2156026255, "2012-05-01", null, true, "2012-05-23", "2012-05-25", "16:42:02", null, 0, 39014),
(00036, 1277367334, "GW9044UQ4474", 7061959401, "2013-11-01", null, true, "2013-11-21", "2013-11-23", "19:32:21", null, 0, 19817),
(00037, 1218537022, "HA4446JX3649", 700714596, "2013-09-01", null, true, "2013-09-24", "2013-09-26", "19:25:27", null, 0, 36715),
(00038, 1173710242, "HG1312EJ5714", 9916514730, "2013-02-01", null, true, "2013-02-16", "2013-02-16", "15:08:32", null, 0, 33931),
(00039, 1176151246, "HR8271SF7831", 9126917120, "2012-03-01", null, true, "2012-03-22", "2012-03-23", "13:34:06", null, 0, 4349),
(00040, 1176151246, "HT2995BX3879", 9916514730, "2011-11-01", null, true, "2011-11-19", "2011-11-20", "15:34:24", null, 0, 37806),
(00041, 1316666638, "HT3561QV7146", 8835285566, "2014-03-01", null, true, "2014-03-15", "2014-03-16", "18:23:04", null, 0, 12417),
(00042, 1278148341, "HU3739IM2007", 9126917120, "2014-12-01", null, true, "2014-12-25", "2014-12-25", "19:40:31", null, 0, 18164),
(00043, 1157752512, "HV221BN8257", 700714596, "2011-08-01", null, true, "2011-08-23", "2011-08-25", "17:47:43", null, 0, 32025),
(00044, 1273108642, "HX5430EX5665", 282338368, "2015-11-01", null, true, "2015-11-03", "2015-11-04", "17:02:19", null, 0, 7606),
(00045, 1282100271, "IB215FA137", 6151656699, "2013-10-01", null, true, "2013-10-13", "2013-10-13", "18:30:30", null, 0, 15635),
(00046, 1253773543, "IT5236ET3596", 4676964236, "2015-10-01", null, true, "2015-10-22", "2015-10-22", "17:40:24", null, 0, 8665),
(00047, 1158881322, "JC5638FN8519", 7185881341, "2015-03-01", null, true, "2015-03-03", "2015-03-03", "17:48:06", null, 0, 12666),
(00048, 1300334243, "JD757FC5501", 5015419492, "2015-10-01", null, true, "2015-10-09", "2015-10-11", "14:06:06", null, 0, 19631),
(00049, 1218537022, "JE4657VC4869", 262041359, "2015-10-01", null, true, "2015-10-10", "2015-10-11", "13:12:06", null, 0, 23475),
(00050, 1173581525, "JF8587MW9941", 1653255599, "2015-02-01", null, true, "2015-02-18", "2015-02-20", "16:26:52", null, 0, 3298),
(00051, 1157752512, "JG5040JF7437", 4367346248, "2014-04-01", null, true, "2014-04-24", "2014-04-24", "13:55:04", null, 0, 35329),
(00052, 1311225410, "JK6684BQ5799", 9916514730, "2012-03-01", null, true, "2012-03-09", "2012-03-10", "18:56:38", null, 0, 9249),
(00053, 1281518756, "JL9386BU2387", 4528097680, "2011-08-01", null, true, "2011-08-22", "2011-08-23", "17:06:02", null, 0, 22241),
(00054, 1245266303, "JP1238AA5485", 9420030835, "2011-08-01", null, true, "2011-08-04", "2011-08-06", "14:33:54", null, 0, 3817),
(00055, 1216312042, "JR4954VF1086", 8835285566, "2011-06-01", null, true, "2011-06-09", "2011-06-10", "14:30:59", null, 0, 14424),
(00056, 1218537022, "JS9216UF8879", 9152430527, "2013-04-01", null, true, "2013-04-03", "2013-04-04", "13:15:16", null, 0, 769),
(00057, 1218537022, "JT2388RY9908", 6186901571, "2015-12-01", null, true, "2015-12-12", "2015-12-12", "19:23:25", null, 0, 35414),
(00058, 1182374782, "JW3965GH3978", 8681033918, "2013-03-01", null, true, "2013-03-05", "2013-03-07", "13:38:50", null, 0, 28127),
(00059, 1135304113, "KE5048EJ2525", 9916514730, "2015-09-01", null, true, "2015-09-03", "2015-09-04", "15:55:55", null, 0, 22900),
(00060, 1175365032, "KF188QI4420", 700714596, "2015-06-01", null, true, "2015-06-23", "2015-06-24", "14:05:11", null, 0, 17993),
(00061, 1175365032, "KG5575YF4403", 4512815575, "2011-12-01", null, true, "2011-12-24", "2011-12-26", "16:15:34", null, 0, 18605),
(00062, 1176151246, "KK5366VK829", 6579161930, "2011-10-01", null, true, "2011-10-09", "2011-10-09", "16:05:23", null, 0, 25749),
(00063, 1281518756, "KL72PK6941", 1630844328, "2012-10-01", null, true, "2012-10-14", "2012-10-14", "13:46:59", null, 0, 20232),
(00064, 1281518756, "KM1534AD6244", 654265495, "2014-02-01", null, true, "2014-02-07", "2014-02-08", "13:48:20", null, 0, 20628),
(00065, 1218537022, "KN6864GC3047", 5015419492, "2014-11-01", null, true, "2014-11-21", "2014-11-22", "16:44:42", null, 0, 10857),
(00066, 1218537022, "KU7140JI548", 4528097680, "2013-12-01", null, true, "2013-12-24", "2013-12-25", "17:25:14", null, 0, 33134),
(00067, 1245215642, "LG2456KI6453", 1511604088, "2015-07-01", null, true, "2015-07-22", "2015-07-23", "19:35:25", null, 0, 12188),
(00068, 1311764813, "LI4307GB6311", 1085932915, "2012-06-01", null, true, "2012-06-15", "2012-06-16", "18:20:46", null, 0, 13116),
(00069, 1181720352, "LL4122JI1075", 8835285566, "2014-11-01", null, true, "2014-11-09", "2014-11-09", "14:21:19", null, 0, 26905),
(00070, 1310557070, "LP5635TC9352", 6587093568, "2011-11-01", null, true, "2011-11-03", "2011-11-03", "18:21:02", null, 0, 33666),
(00071, 1281383230, "LY4958QS5819", 8842204359, "2013-12-01", null, true, "2013-12-04", "2013-12-06", "16:07:05", null, 0, 4337),
(00072, 1146517147, "MB5415VW103", 2156026255, "2013-10-01", null, true, "2013-10-15", "2013-10-15", "18:04:27", null, 0, 1902),
(00073, 1181720352, "ME201UT391", 700714596, "2013-06-01", null, true, "2013-06-14", "2013-06-14", "16:54:48", null, 0, 39616),
(00074, 1311764813, "MF7149XS3745", 7358057534, "2015-09-01", null, true, "2015-09-04", "2015-09-05", "14:12:18", null, 0, 32925),
(00075, 1234582127, "MI3708TH1309", 7185881341, "2012-08-01", null, true, "2012-08-02", "2012-08-04", "18:24:43", null, 0, 3944),
(00076, 1281518756, "MP894EY3444", 5015419492, "2014-06-01", null, true, "2014-06-09", "2014-06-09", "15:03:23", null, 0, 7805),
(00077, 1137438516, "MQ6162SQ6507", 4880101872, "2015-10-01", null, true, "2015-10-25", "2015-10-27", "19:58:29", null, 0, 21748),
(00078, 1173581525, "MV698IM3112", 2156026255, "2013-04-01", null, true, "2013-04-13", "2013-04-13", "13:05:55", null, 0, 5174),
(00079, 1245752173, "NG8913OV617", 9420030835, "2011-12-01", null, true, "2011-12-12", "2011-12-14", "18:09:15", null, 0, 4197),
(00080, 1247785710, "NH6249DS8971", 282338368, "2014-03-01", null, true, "2014-03-17", "2014-03-17", "18:47:04", null, 0, 21090),
(00081, 1277367334, "NK1454LY930", 4367346248, "2015-12-01", null, true, "2015-12-23", "2015-12-23", "17:37:32", null, 0, 2089),
(00082, 1150812126, "NS8445OR9720", 4528097680, "2012-08-01", null, true, "2012-08-04", "2012-08-04", "15:46:55", null, 0, 25704),
(00083, 1142248885, "NU4976SS8559", 6579161930, "2015-02-01", null, true, "2015-02-05", "2015-02-05", "17:44:30", null, 0, 9436),
(00084, 1282308833, "NU5852DW8440", 2902488951, "2012-07-01", null, true, "2012-07-05", "2012-07-05", "16:04:02", null, 0, 20444),
(00085, 1173581525, "NU7492YW9880", 5015419492, "2013-05-01", null, true, "2013-05-05", "2013-05-07", "13:48:18", null, 0, 31071),
(00086, 1206726676, "NW7974XJ1283", 6685163882, "2011-09-01", null, true, "2011-09-13", "2011-09-15", "15:35:20", null, 0, 38892),
(00087, 1188757658, "NX2223EN1947", 7061959401, "2015-11-01", null, true, "2015-11-10", "2015-11-12", "16:59:24", null, 0, 12141),
(00088, 1247785710, "NY5696HF7496", 8842204359, "2011-07-01", null, true, "2011-07-15", "2011-07-17", "14:23:52", null, 0, 19809),
(00089, 1316666638, "OA7304MR372", 4528097680, "2014-11-01", null, true, "2014-11-18", "2014-11-18", "16:25:24", null, 0, 1959),
(00090, 1277518026, "OB1855QP4462", 6151656699, "2013-10-01", null, true, "2013-10-06", "2013-10-06", "14:20:22", null, 0, 4022),
(00091, 1218537022, "OD483TI4933", 6151656699, "2013-12-01", null, true, "2013-12-12", "2013-12-14", "13:23:47", null, 0, 32345),
(00092, 1281508385, "OH5935BV14", 700714596, "2012-05-01", null, true, "2012-05-02", "2012-05-02", "16:40:53", null, 0, 5546),
(00093, 1247785710, "OI8363PV1547", 1653255599, "2011-06-01", null, true, "2011-06-07", "2011-06-07", "19:55:27", null, 0, 23754),
(00094, 1316666638, "OQ4127LW1867", 4880101872, "2011-04-01", null, true, "2011-04-08", "2011-04-10", "15:37:30", null, 0, 22238),
(00095, 1234582127, "OS9881KU142", 262041359, "2012-05-01", null, true, "2012-05-07", "2012-05-07", "18:42:21", null, 0, 36120),
(00096, 1310557070, "PH4398IC8238", 654265495, "2015-04-01", null, true, "2015-04-19", "2015-04-20", "14:04:33", null, 0, 27388),
(00097, 1188757658, "PI9561XK6616", 1031367114, "2014-02-01", null, true, "2014-02-24", "2014-02-24", "18:56:34", null, 0, 41187),
(00098, 1245215642, "PK506DH2967", 4512815575, "2011-05-01", null, true, "2011-05-13", "2011-05-15", "15:53:08", null, 0, 27968),
(00099, 1146517147, "PN2589CJ1679", 6579161930, "2011-11-01", null, true, "2011-11-16", "2011-11-17", "19:34:29", null, 0, 1163),
(00100, 1300334243, "PV3077VG939", 9420030835, "2015-08-01", null, true, "2015-08-06", "2015-08-07", "17:23:33", null, 0, 29140),
(00101, 1247785710, "PV6190DQ6760", 4512815575, "2012-09-01", null, true, "2012-09-17", "2012-09-19", "18:02:24", null, 0, 18505),
(00102, 1141620351, "PW5560KB4173", 6685163882, "2012-05-01", null, true, "2012-05-16", "2012-05-17", "19:57:33", null, 0, 33157),
(00103, 1310557070, "QA2252RD952", 6685163882, "2012-02-01", null, true, "2012-02-04", "2012-02-06", "17:39:53", null, 0, 11607),
(00104, 1146517147, "QA3010KV626", 6186901571, "2011-02-01", null, true, "2011-02-10", "2011-02-12", "14:09:47", null, 0, 14846),
(00105, 1177843304, "QH4314BC557", 9763191517, "2015-03-01", null, true, "2015-03-09", "2015-03-10", "13:48:31", null, 0, 36098),
(00106, 1181720352, "QL1628XV3526", 7185881341, "2015-06-01", null, true, "2015-06-20", "2015-06-22", "19:09:41", null, 0, 37612),
(00107, 1254435411, "QP1597UX4875", 4880101872, "2014-05-01", null, true, "2014-05-07", "2014-05-08", "15:14:35", null, 0, 18198),
(00108, 1146517147, "QS9223NK8572", 1653255599, "2015-12-01", null, true, "2015-12-02", "2015-12-03", "13:49:07", null, 0, 40438),
(00109, 1188757658, "QY1984QK3830", 9126917120, "2013-12-01", null, true, "2013-12-08", "2013-12-09", "16:54:47", null, 0, 24404),
(00110, 1311225410, "RD4135NB3523", 282338368, "2014-09-01", null, true, "2014-09-07", "2014-09-08", "16:17:58", null, 0, 29130),
(00111, 1182374782, "RJ6533XR6136", 9420030835, "2014-05-01", null, true, "2014-05-11", "2014-05-13", "15:27:43", null, 0, 20248),
(00112, 1282308833, "RM280WS3296", 4512815575, "2014-06-01", null, true, "2014-06-15", "2014-06-17", "15:59:33", null, 0, 29529),
(00113, 1316666638, "RM5689TI3539", 282338368, "2012-04-01", null, true, "2012-04-13", "2012-04-14", "17:47:56", null, 0, 21038),
(00114, 1177843304, "RM6364IA4841", 8842204359, "2013-11-01", null, true, "2013-11-09", "2013-11-11", "13:54:29", null, 0, 11091),
(00115, 1302762734, "RR4363XL9559", 654265495, "2013-06-01", null, true, "2013-06-08", "2013-06-08", "15:40:42", null, 0, 31501),
(00116, 1146517147, "RV9245MN9363", 6151656699, "2013-09-01", null, true, "2013-09-14", "2013-09-15", "18:35:45", null, 0, 29737),
(00117, 1311225410, "SB1669NX626", 8835285566, "2013-12-01", null, true, "2013-12-25", "2013-12-25", "17:39:59", null, 0, 88),
(00118, 1173581525, "SL4005MI2906", 4367346248, "2011-03-01", null, true, "2011-03-16", "2011-03-18", "16:17:03", null, 0, 27514),
(00119, 1275225576, "SP1545UD4888", 9152430527, "2011-10-01", null, true, "2011-10-25", "2011-10-26", "14:25:50", null, 0, 8600),
(00120, 1188757658, "SQ2175QW3971", 8842204359, "2015-07-01", null, true, "2015-07-12", "2015-07-13", "18:02:39", null, 0, 39610),
(00121, 1282100271, "ST9932HM2269", 1630844328, "2011-05-01", null, true, "2011-05-11", "2011-05-12", "18:20:18", null, 0, 39363),
(00122, 1216312042, "SY2651DV1521", 1653255599, "2012-04-01", null, true, "2012-04-08", "2012-04-09", "18:30:43", null, 0, 12015),
(00123, 1150812126, "TC3959PA3798", 7358057534, "2013-09-01", null, true, "2013-09-12", "2013-09-13", "19:48:21", null, 0, 3695),
(00124, 1234582127, "TG6361AJ6639", 9152430527, "2012-11-01", null, true, "2012-11-09", "2012-11-10", "16:49:27", null, 0, 3886),
(00125, 1245752173, "TI7760XW4445", 6156889503, "2013-04-01", null, true, "2013-04-11", "2013-04-13", "13:07:35", null, 0, 12751),
(00126, 1135304113, "TJ1096OV6103", 7061959401, "2012-03-01", null, true, "2012-03-22", "2012-03-24", "13:34:57", null, 0, 31114),
(00127, 1310557070, "TT3544YU1950", 9126917120, "2015-09-01", null, true, "2015-09-10", "2015-09-12", "15:30:15", null, 0, 21480),
(00128, 1277367334, "TW4898KY384", 6587093568, "2014-11-01", null, true, "2014-11-17", "2014-11-17", "14:59:29", null, 0, 8584),
(00129, 1245752173, "UM2220GT7783", 654265495, "2013-11-01", null, true, "2013-11-13", "2013-11-15", "17:25:41", null, 0, 3961),
(00130, 1141620351, "UN5183FX9497", 1511604088, "2015-04-01", null, true, "2015-04-08", "2015-04-10", "13:02:39", null, 0, 31017),
(00131, 1157752512, "UO2022EB5218", 6156889503, "2015-11-01", null, true, "2015-11-13", "2015-11-14", "13:55:04", null, 0, 24677),
(00132, 1157752512, "VB3102NL1109", 9307042574, "2014-05-01", null, true, "2014-05-04", "2014-05-05", "13:32:42", null, 0, 24132),
(00133, 1311147076, "VC838GT7678", 654265495, "2012-08-01", null, true, "2012-08-21", "2012-08-21", "17:46:40", null, 0, 18721),
(00134, 1146517147, "VM1754MT951", 8835285566, "2015-08-01", null, true, "2015-08-09", "2015-08-11", "13:59:14", null, 0, 110),
(00135, 1277367334, "VN3749ES462", 654265495, "2015-09-01", null, true, "2015-09-08", "2015-09-08", "18:26:47", null, 0, 30937),
(00136, 1316666638, "VQ1816NO397", 6151656699, "2012-07-01", null, true, "2012-07-17", "2012-07-17", "16:39:51", null, 0, 19419),
(00137, 1277367334, "VQ6138UU3037", 4367346248, "2012-02-01", null, true, "2012-02-23", "2012-02-25", "17:19:38", null, 0, 7480),
(00138, 1176151246, "VU7401LJ1673", 9420030835, "2015-02-01", null, true, "2015-02-23", "2015-02-24", "13:06:40", null, 0, 8798),
(00139, 1182374782, "WE4400DG4535", 6151656699, "2011-11-01", null, true, "2011-11-09", "2011-11-11", "14:22:14", null, 0, 14775),
(00140, 1173710242, "WO645IY445", 6156889503, "2014-12-01", null, true, "2014-12-04", "2014-12-04", "17:41:48", null, 0, 27776),
(00141, 1177843304, "WV1089OD5559", 8842204359, "2014-11-01", null, true, "2014-11-15", "2014-11-15", "14:36:42", null, 0, 5471),
(00142, 1302762734, "WY4645VQ9349", 8681033918, "2013-11-01", null, true, "2013-11-08", "2013-11-10", "17:14:13", null, 0, 29851),
(00143, 1234582127, "XB4618UB3488", 282338368, "2013-08-01", null, true, "2013-08-21", "2013-08-22", "16:40:33", null, 0, 31758),
(00144, 1281508385, "XC4011EH5092", 6186901571, "2014-12-01", null, true, "2014-12-11", "2014-12-11", "14:20:06", null, 0, 3214),
(00145, 1277518026, "XT7312KF9811", 1085932915, "2012-07-01", null, true, "2012-07-08", "2012-07-09", "17:45:35", null, 0, 25289),
(00146, 1277367334, "XX1804HU3340", 9827809820, "2012-07-01", null, true, "2012-07-05", "2012-07-07", "14:25:45", null, 0, 41229),
(00147, 1137438516, "YE9045JE2731", 2902488951, "2014-05-01", null, true, "2014-05-10", "2014-05-12", "14:38:46", null, 0, 8339),
(00148, 1158881322, "YM2289RY626", 9827809820, "2014-07-01", null, true, "2014-07-15", "2014-07-16", "14:45:27", null, 0, 21351),
(00149, 1175365032, "YN4501MR3420", 2902488951, "2013-07-01", null, true, "2013-07-20", "2013-07-21", "17:46:33", null, 0, 29965),
(00150, 1311764813, "YW358WV2949", 6587093568, "2014-08-01", null, true, "2014-08-15", "2014-08-15", "18:35:57", null, 0, 10783),
(00151, 1234582127, "YX130PQ6374", 4279444630, "2013-08-01", null, true, "2013-08-07", "2013-08-07", "19:42:50", null, 0, 24795);

insert into detalleServicio values
(00000, "14P7755", 1, 126431),
(00001, "10A7753", 3, 138791),
(00002, "10M5551", 1, 190994),
(00003, "12L6903", 5, 146855),
(00004, "11K5606", 4, 149599),
(00005, "12O7396", 1, 106441),
(00006, "0L2380", 1, 138438),
(00007, "11I6394", 2, 172569),
(00008, "14Q9840", 3, 163082),
(00009, "10L9892", 4, 148850),
(00010, "11K5606", 3, 195417),
(00011, "11S1306", 2, 121200),
(00012, "12J3338", 1, 140666),
(00013, "10X4221", 4, 154259),
(00014, "12W6382", 5, 106324),
(00015, "11V2477", 2, 174732),
(00016, "10O7322", 5, 122702),
(00017, "0L8972", 3, 188433),
(00018, "13K3622", 5, 198978),
(00019, "11B1567", 1, 120588),
(00020, "11A2878", 5, 181183),
(00021, "13O6738", 1, 151038),
(00022, "10X4221", 5, 179339),
(00023, "10W5461", 5, 155848),
(00024, "11G1553", 2, 160502),
(00025, "11A2878", 5, 179177),
(00026, "15H1343", 2, 181236),
(00027, "0L2380", 3, 194999),
(00028, "12H4984", 4, 109693),
(00029, "10S5668", 4, 115999),
(00030, "10K9450", 3, 131566),
(00031, "10V3361", 2, 160292),
(00032, "10L1428", 4, 124051),
(00033, "13E6909", 4, 162608),
(00034, "11G1553", 4, 161238),
(00035, "11A2878", 2, 123702),
(00036, "10L1428", 4, 166277),
(00037, "11I6361", 1, 169926),
(00038, "12V1860", 3, 134429),
(00039, "10N3261", 3, 151895),
(00040, "10V7313", 2, 167845),
(00041, "12A831", 2, 181622),
(00042, "11I6394", 1, 135453),
(00043, "11V2477", 2, 181192),
(00044, "11A2878", 1, 182348),
(00045, "12Y6257", 5, 112986),
(00046, "10V3361", 3, 179911),
(00047, "10X4221", 1, 130161),
(00048, "12Y9563", 3, 189615),
(00049, "11T4628", 3, 183550),
(00050, "12B6614", 5, 199673),
(00051, "11G7981", 4, 158931),
(00052, "13K7738", 3, 104719),
(00053, "10V7313", 3, 145159),
(00054, "12B6614", 1, 131133),
(00055, "13K7738", 5, 127361),
(00056, "10L8430", 4, 145282),
(00057, "11T4628", 2, 131524),
(00058, "13R4483", 3, 145958),
(00059, "10V7313", 5, 106278),
(00060, "11I6394", 3, 139141),
(00061, "11G892", 5, 141922),
(00062, "13K7738", 1, 128935),
(00063, "10R1840", 4, 141475),
(00064, "12C902", 3, 132753),
(00065, "15J3073", 5, 108465),
(00066, "13I7082", 2, 148409),
(00067, "13V9976", 5, 193685),
(00068, "12L5975", 3, 199408),
(00069, "13T3548", 5, 187206),
(00070, "12W6382", 3, 195706),
(00071, "12L5975", 3, 179842),
(00072, "10O7322", 4, 111866),
(00073, "10A7753", 3, 134195),
(00074, "11S1212", 5, 159787),
(00075, "11I6361", 1, 107867),
(00076, "10M6744", 1, 137388),
(00077, "10S8979", 4, 154154),
(00078, "12V1860", 2, 190379),
(00079, "10V7313", 5, 173521),
(00080, "16L5814", 1, 145399),
(00081, "10L8430", 1, 128861),
(00082, "11G1553", 3, 149119),
(00083, "11L5041", 2, 132873),
(00084, "11G892", 2, 193133),
(00085, "0L8972", 1, 183478),
(00086, "10W5461", 4, 128741),
(00087, "14Q9840", 1, 188426),
(00088, "10V7313", 3, 134524),
(00089, "11G1553", 2, 190679),
(00090, "10A7753", 3, 110309),
(00091, "13E6909", 2, 195155),
(00092, "12V7665", 1, 117795),
(00093, "10C8285", 4, 114780),
(00094, "10A2380", 3, 125299),
(00095, "10S5668", 2, 118782),
(00096, "12P1625", 5, 107206),
(00097, "11I6361", 1, 185052),
(00098, "11D5706", 5, 121462),
(00099, "11G1553", 4, 114940),
(00100, "0E8176", 5, 101768),
(00101, "11G892", 4, 153207),
(00102, "11S1212", 4, 152738),
(00103, "12D9009", 3, 171343),
(00104, "11K5606", 1, 157684),
(00105, "12Y1559", 4, 176867),
(00106, "12A831", 5, 146772),
(00107, "12R566", 2, 100225),
(00108, "10S8979", 5, 138586),
(00109, "14A6096", 5, 172875),
(00110, "10O7322", 5, 169282),
(00111, "10K9450", 5, 169776),
(00112, "13K7738", 5, 176526),
(00113, "13J6142", 1, 136604),
(00114, "12A831", 1, 187713),
(00115, "13K3622", 3, 193530),
(00116, "12N2036", 1, 131395),
(00117, "12L6903", 3, 139072),
(00118, "11N4847", 1, 157190),
(00119, "12P1625", 1, 188518),
(00120, "10O7322", 4, 156978),
(00121, "10S5668", 4, 100465),
(00122, "12H4984", 4, 130468),
(00123, "12H4984", 2, 165824),
(00124, "11F5721", 4, 162836),
(00125, "12N2036", 5, 192108),
(00126, "10V3701", 4, 165068),
(00127, "10C8285", 1, 111435),
(00128, "10C8285", 5, 168142),
(00129, "12V7665", 4, 118008),
(00130, "12W6382", 4, 163053),
(00131, "0Q7104", 4, 119119),
(00132, "11V6150", 2, 114088),
(00133, "11G7981", 5, 189427),
(00134, "13L565", 3, 111338),
(00135, "11G1553", 4, 196026),
(00136, "13U4934", 4, 154425),
(00137, "12R566", 4, 120779),
(00138, "10C8285", 1, 118362),
(00139, "12H4984", 4, 164946),
(00140, "13I7082", 3, 158305),
(00141, "13M7237", 5, 188397),
(00142, "10G747", 1, 165088),
(00143, "11T4628", 5, 155909),
(00144, "12C902", 1, 178730),
(00145, "10L1428", 3, 195514),
(00146, "11P2591", 1, 166666),
(00147, "11G1553", 1, 178815),
(00148, "13K3622", 3, 148535),
(00149, "13I7082", 4, 108023),
(00150, "10V3701", 5, 175280),
(00151, "12Y6257", 2, 108247);