insert into renta values
(00000, 1473311731, 4880101872, "AC1330WE361", "2015-11-10", "2022-6-26", 99882, null),
(00001, 1486866371, 1511604088, "AE9858MN8104", "2014-4-26", "2023-9-4", 60257, null),
(00002, 1456338187, 1085932915, "AL9830JY9860", "2014-4-3", "2023-7-16", 105319, null),
(00003, 1500236620, 5015419492, "AN7822AR7679", "2014-3-18", "2022-2-7", 195389, null),
(00004, 1331143147, 7061959401, "AU9454OO733", "2014-7-13", "2022-4-7", 665950, null),
(00005, 1442742157, 2902488951, "AY9136JP6876", "2014-9-19", "2023-1-8", 685174, null),
(00006, 1344120674, 262041359, "BE6336WM1669", "2015-1-21", "2022-7-12", 443088, null),
(00007, 1456338187, 1511604088, "BK4823OU6688", "2015-4-27", "2023-2-27", 81004, null),
(00008, 1431716417, 9126917120, "BM1681QR7944", "2015-10-1", "2023-1-7", 863727, null),
(00009, 1505746872, 4676964236, "BN6018EJ9788", "2014-3-22", "2022-5-25", 321714, null),
(00010, 1363102825, 6587093568, "BP1277WT1052", "2014-10-11", "2022-11-15", 209805, null),
(00011, 1433770506, 1031367114, "CA2475FL8786", "2014-8-17", "2022-1-19", 168062, null),
(00012, 1444768135, 9307042574, "CJ3837SL9744", "2015-2-5", "2023-5-19", 486814, null),
(00013, 1344743623, 4279444630, "CK2074GP4951", "2014-9-12", "2022-1-14", 481258, null),
(00014, 1505746872, 9916514730, "CL1510EN7811", "2015-2-16", "2022-4-25", 447609, null),
(00015, 1327212124, 6685163882, "CS2484KK5494", "2015-7-22", "2023-4-3", 21219, null),
(00016, 1360111225, 7358057534, "CT8035SN1853", "2014-11-23", "2023-4-12", 833026, null),
(00017, 1336268676, 7061959401, "CW9556YM928", "2015-1-4", "2022-11-18", 267196, null),
(00018, 1467637666, 4880101872, "DC9527DE3447", "2014-4-3", "2023-4-10", 714421, null),
(00019, 1467520018, 6587093568, "DF6572GR3116", "2015-7-1", "2022-1-24", 883610, null),
(00020, 1503600810, 654265495, "DQ3745UQ4406", "2014-1-21", "2023-9-21", 543789, null),
(00021, 1344743623, 1653255599, "DU4140DH6526", "2014-4-22", "2022-4-9", 291225, null),
(00022, 1356203883, 4279444630, "ED2058VJ7993", "2014-4-12", "2022-3-16", 522305, null),
(00023, 1380021251, 9916514730, "EF1697SS453", "2015-6-26", "2022-1-10", 387016, null),
(00024, 1361762011, 4512815575, "EF9457RR115", "2015-2-25", "2022-9-8", 855358, null),
(00025, 1352765716, 1511604088, "EL1541VN403", "2014-10-24", "2023-4-1", 672206, null),
(00026, 1376771615, 5015419492, "EN7019NF4862", "2015-6-24", "2023-9-22", 196791, null),
(00027, 1467637666, 1085932915, "ER1605KN2561", "2015-3-1", "2023-3-4", 731814, null),
(00028, 1505746872, 9916514730, "EU6347OM4583", "2015-5-17", "2022-8-4", 839614, null),
(00029, 1476783638, 4528097680, "FA8560OA5309", "2015-2-14", "2022-10-21", 677940, null),
(00030, 1442742157, 9916514730, "FH675ED903", "2014-2-2", "2023-3-26", 535672, null),
(00031, 1375133888, 4279444630, "FR2502VJ4062", "2015-9-25", "2022-7-9", 685190, null),
(00032, 1500502424, 1653255599, "FT3539DB8307", "2014-3-16", "2022-10-12", 607369, null),
(00033, 1456338187, 3647055692, "GD5613MT9058", "2015-2-11", "2022-2-23", 403300, null),
(00034, 1453451840, 9126917120, "GJ4585NC4201", "2015-9-10", "2023-11-4", 372881, null),
(00035, 1444768135, 2156026255, "GO4168GW1613", "2014-2-10", "2023-4-26", 391252, null),
(00036, 1503600810, 7061959401, "GW9044UQ4474", "2015-11-12", "2022-10-9", 801332, null),
(00037, 1453451840, 700714596, "HA4446JX3649", "2015-3-3", "2023-2-6", 650973, null),
(00038, 1424624014, 9916514730, "HG1312EJ5714", "2014-1-6", "2022-4-19", 720771, null),
(00039, 1382483310, 9126917120, "HR8271SF7831", "2015-4-5", "2023-4-23", 573005, null),
(00040, 1467520018, 9916514730, "HT2995BX3879", "2015-2-20", "2023-5-9", 788295, null),
(00041, 1478140186, 8835285566, "HT3561QV7146", "2014-11-4", "2022-7-1", 529979, null),
(00042, 1400323816, 9126917120, "HU3739IM2007", "2014-8-1", "2022-7-2", 572872, null),
(00043, 1363540631, 700714596, "HV221BN8257", "2015-10-25", "2022-1-11", 726408, null),
(00044, 1336268676, 282338368, "HX5430EX5665", "2015-2-12", "2023-9-27", 401838, null),
(00045, 1486866371, 6151656699, "IB215FA137", "2015-4-16", "2022-8-27", 370066, null),
(00046, 1437386203, 4676964236, "IT5236ET3596", "2014-1-18", "2022-10-21", 583439, null),
(00047, 1442742157, 7185881341, "JC5638FN8519", "2015-8-9", "2022-4-11", 738140, null),
(00048, 1420142571, 5015419492, "JD757FC5501", "2014-9-8", "2023-10-6", 45927, null),
(00049, 1431716417, 262041359, "JE4657VC4869", "2015-2-2", "2023-7-11", 747542, null),
(00050, 1375133888, 1653255599, "JF8587MW9941", "2015-9-19", "2023-4-25", 864739, null),
(00051, 1478140186, 4367346248, "JG5040JF7437", "2014-9-11", "2023-5-18", 646569, null),
(00052, 1503600810, 9916514730, "JK6684BQ5799", "2014-8-3", "2023-1-8", 142667, null),
(00053, 1476783638, 4528097680, "JL9386BU2387", "2015-8-25", "2023-4-9", 671557, null),
(00054, 1478140186, 9420030835, "JP1238AA5485", "2014-10-3", "2023-8-23", 788703, null),
(00055, 1503600810, 8835285566, "JR4954VF1086", "2014-2-19", "2023-4-12", 296749, null),
(00056, 1476872734, 9152430527, "JS9216UF8879", "2015-9-4", "2023-11-27", 848498, null),
(00057, 1503600810, 6186901571, "JT2388RY9908", "2015-9-1", "2022-4-18", 283108, null),
(00058, 1344743623, 8681033918, "JW3965GH3978", "2015-11-17", "2023-6-27", 295374, null),
(00059, 1444768135, 9916514730, "KE5048EJ2525", "2015-11-1", "2022-5-7", 480237, null),
(00060, 1388421732, 700714596, "KF188QI4420", "2015-9-2", "2023-11-1", 318915, null),
(00061, 1465458745, 4512815575, "KG5575YF4403", "2014-4-5", "2022-4-12", 640273, null),
(00062, 1358304603, 6579161930, "KK5366VK829", "2014-8-13", "2022-8-23", 392029, null),
(00063, 1476783638, 1630844328, "KL72PK6941", "2014-2-20", "2022-2-1", 164865, null),
(00064, 1360111225, 654265495, "KM1534AD6244", "2015-4-5", "2022-3-19", 352139, null),
(00065, 1400323816, 5015419492, "KN6864GC3047", "2014-2-24", "2022-11-9", 822685, null),
(00066, 1327212124, 4528097680, "KU7140JI548", "2014-8-1", "2022-8-7", 216166, null),
(00067, 1424624014, 1511604088, "LG2456KI6453", "2015-6-6", "2023-9-1", 419548, null),
(00068, 1483706841, 1085932915, "LI4307GB6311", "2015-3-3", "2022-1-15", 30203, null),
(00069, 1458518707, 8835285566, "LL4122JI1075", "2015-9-11", "2022-5-16", 121347, null),
(00070, 1360111225, 6587093568, "LP5635TC9352", "2014-2-15", "2022-3-24", 466753, null),
(00071, 1503600810, 8842204359, "LY4958QS5819", "2014-1-21", "2022-7-19", 513204, null),
(00072, 1488605611, 2156026255, "MB5415VW103", "2015-10-19", "2023-4-27", 829171, null),
(00073, 1352765716, 700714596, "ME201UT391", "2015-7-15", "2022-6-20", 503917, null),
(00074, 1503600810, 7358057534, "MF7149XS3745", "2014-1-14", "2022-6-23", 379712, null),
(00075, 1361762011, 7185881341, "MI3708TH1309", "2014-11-24", "2022-11-9", 399894, null),
(00076, 1382483310, 5015419492, "MP894EY3444", "2014-1-22", "2023-10-19", 581187, null),
(00077, 1503600810, 4880101872, "MQ6162SQ6507", "2015-4-8", "2022-9-22", 565676, null),
(00078, 1331143147, 2156026255, "MV698IM3112", "2014-11-17", "2023-4-8", 605609, null),
(00079, 1331143147, 9420030835, "NG8913OV617", "2014-8-25", "2022-2-20", 885165, null),
(00080, 1437386203, 282338368, "NH6249DS8971", "2014-10-14", "2023-9-22", 470864, null),
(00081, 1437386203, 4367346248, "NK1454LY930", "2014-4-10", "2023-9-10", 190880, null),
(00082, 1344120674, 4528097680, "NS8445OR9720", "2014-6-2", "2023-5-19", 847459, null),
(00083, 1360111225, 6579161930, "NU4976SS8559", "2014-11-21", "2023-8-26", 738423, null),
(00084, 1431716417, 2902488951, "NU5852DW8440", "2015-8-12", "2023-6-16", 346027, null),
(00085, 1356203883, 5015419492, "NU7492YW9880", "2015-11-20", "2023-11-19", 585895, null),
(00086, 1363102825, 6685163882, "NW7974XJ1283", "2015-3-12", "2022-2-24", 473811, null),
(00087, 1388421732, 7061959401, "NX2223EN1947", "2015-7-26", "2022-4-6", 599502, null),
(00088, 1486866371, 8842204359, "NY5696HF7496", "2015-10-1", "2023-8-5", 397973, null),
(00089, 1500502424, 4528097680, "OA7304MR372", "2014-2-3", "2023-4-1", 610236, null),
(00090, 1356203883, 6151656699, "OB1855QP4462", "2014-9-13", "2023-4-4", 688025, null),
(00091, 1488605611, 6151656699, "OD483TI4933", "2015-9-6", "2023-2-5", 780830, null),
(00092, 1488605611, 700714596, "OH5935BV14", "2015-10-14", "2023-2-1", 133380, null),
(00093, 1453451840, 1653255599, "OI8363PV1547", "2014-9-9", "2022-3-27", 20002, null),
(00094, 1476783638, 4880101872, "OQ4127LW1867", "2015-1-17", "2022-6-20", 886697, null),
(00095, 1420142571, 262041359, "OS9881KU142", "2014-5-3", "2023-10-6", 764844, null),
(00096, 1478140186, 654265495, "PH4398IC8238", "2014-9-5", "2022-2-9", 482952, null),
(00097, 1467637666, 1031367114, "PI9561XK6616", "2015-4-12", "2022-2-18", 892708, null),
(00098, 1433770506, 4512815575, "PK506DH2967", "2015-8-7", "2022-6-14", 265003, null),
(00099, 1467637666, 6579161930, "PN2589CJ1679", "2015-6-9", "2022-9-12", 185758, null),
(00100, 1356203883, 9420030835, "PV3077VG939", "2015-10-7", "2023-3-27", 371536, null),
(00101, 1467637666, 4512815575, "PV6190DQ6760", "2014-5-6", "2023-1-6", 449200, null),
(00102, 1382141544, 6685163882, "PW5560KB4173", "2014-4-22", "2023-1-19", 824935, null),
(00103, 1437386203, 6685163882, "QA2252RD952", "2014-10-23", "2023-4-25", 471382, null),
(00104, 1478140186, 6186901571, "QA3010KV626", "2015-6-4", "2022-2-5", 260745, null),
(00105, 1327212124, 9763191517, "QH4314BC557", "2015-6-5", "2022-8-21", 27637, null),
(00106, 1331143147, 7185881341, "QL1628XV3526", "2014-7-12", "2022-7-9", 523012, null),
(00107, 1327212124, 4880101872, "QP1597UX4875", "2015-8-25", "2023-9-26", 547299, null),
(00108, 1336836846, 1653255599, "QS9223NK8572", "2014-6-9", "2022-1-1", 166852, null),
(00109, 1470247865, 9126917120, "QY1984QK3830", "2014-6-11", "2022-10-24", 537108, null),
(00110, 1453451840, 282338368, "RD4135NB3523", "2014-4-16", "2022-3-26", 810771, null),
(00111, 1382141544, 9420030835, "RJ6533XR6136", "2015-2-14", "2023-2-24", 852016, null),
(00112, 1344743623, 4512815575, "RM280WS3296", "2014-3-5", "2023-11-18", 694255, null),
(00113, 1388421732, 282338368, "RM5689TI3539", "2015-7-10", "2022-4-1", 756131, null),
(00114, 1388421732, 8842204359, "RM6364IA4841", "2014-7-18", "2022-1-7", 403290, null),
(00115, 1433770506, 654265495, "RR4363XL9559", "2014-5-17", "2023-11-4", 107676, null),
(00116, 1408275662, 6151656699, "RV9245MN9363", "2015-1-11", "2023-8-22", 499424, null),
(00117, 1342820130, 8835285566, "SB1669NX626", "2015-4-1", "2022-7-12", 558633, null),
(00118, 1483706841, 4367346248, "SL4005MI2906", "2015-10-14", "2022-11-8", 450054, null),
(00119, 1327212124, 9152430527, "SP1545UD4888", "2014-4-27", "2022-6-5", 775089, null),
(00120, 1382141544, 8842204359, "SQ2175QW3971", "2014-3-10", "2023-6-26", 475310, null),
(00121, 1478140186, 1630844328, "ST9932HM2269", "2014-6-11", "2023-5-10", 454942, null),
(00122, 1442742157, 1653255599, "SY2651DV1521", "2015-9-22", "2023-3-16", 453319, null),
(00123, 1476872734, 7358057534, "TC3959PA3798", "2014-7-5", "2022-1-23", 630259, null),
(00124, 1408275662, 9152430527, "TG6361AJ6639", "2014-5-2", "2022-7-3", 310829, null),
(00125, 1420142571, 6156889503, "TI7760XW4445", "2014-1-5", "2022-6-13", 72235, null),
(00126, 1470247865, 7061959401, "TJ1096OV6103", "2015-7-17", "2023-11-16", 313085, null),
(00127, 1336268676, 9126917120, "TT3544YU1950", "2015-5-12", "2023-1-12", 94822, null),
(00128, 1456338187, 6587093568, "TW4898KY384", "2015-10-24", "2023-1-23", 489734, null),
(00129, 1363102825, 654265495, "UM2220GT7783", "2014-9-24", "2023-7-22", 633613, null),
(00130, 1336268676, 1511604088, "UN5183FX9497", "2014-8-18", "2023-1-1", 265333, null),
(00131, 1483706841, 6156889503, "UO2022EB5218", "2015-7-4", "2023-3-9", 797546, null),
(00132, 1486866371, 9307042574, "VB3102NL1109", "2015-6-17", "2022-11-2", 821934, null),
(00133, 1500502424, 654265495, "VC838GT7678", "2014-10-23", "2022-9-6", 281055, null),
(00134, 1503600810, 8835285566, "VM1754MT951", "2015-5-6", "2023-6-22", 815508, null),
(00135, 1465458745, 654265495, "VN3749ES462", "2014-3-19", "2023-9-16", 81395, null),
(00136, 1352765716, 6151656699, "VQ1816NO397", "2015-8-6", "2022-6-15", 765328, null),
(00137, 1453451840, 4367346248, "VQ6138UU3037", "2015-11-20", "2023-3-18", 21982, null),
(00138, 1424624014, 9420030835, "VU7401LJ1673", "2014-3-23", "2022-5-16", 298673, null),
(00139, 1356203883, 6151656699, "WE4400DG4535", "2015-11-9", "2022-6-27", 574512, null),
(00140, 1505746872, 6156889503, "WO645IY445", "2015-3-15", "2022-4-10", 505572, null),
(00141, 1363540631, 8842204359, "WV1089OD5559", "2015-10-19", "2022-1-12", 711414, null),
(00142, 1478140186, 8681033918, "WY4645VQ9349", "2015-6-15", "2023-9-9", 854282, null),
(00143, 1382483310, 282338368, "XB4618UB3488", "2015-11-27", "2022-9-17", 650737, null),
(00144, 1363540631, 6186901571, "XC4011EH5092", "2014-9-25", "2022-2-22", 270263, null),
(00145, 1433770506, 1085932915, "XT7312KF9811", "2015-3-7", "2023-6-25", 739805, null),
(00146, 1408275662, 9827809820, "XX1804HU3340", "2014-9-1", "2022-7-27", 701325, null),
(00147, 1453451840, 2902488951, "YE9045JE2731", "2015-4-14", "2022-9-11", 603710, null),
(00148, 1388421732, 9827809820, "YM2289RY626", "2014-1-2", "2023-6-2", 549599, null),
(00149, 1424624014, 2902488951, "YN4501MR3420", "2015-7-17", "2023-1-3", 558299, null),
(00150, 1382141544, 6587093568, "YW358WV2949", "2015-1-16", "2023-1-26", 232763, null),
(00151, 1352765716, 4279444630, "YX130PQ6374", "2015-4-3", "2023-2-27", 355393, null);

insert into servicio values
(00000, 1157752512, "AC1330WE361", 4880101872, "2015-05-01", null, true, "2015-05-06", "2015-05-06", "17:02:22", null, 0, 21836),
(00001, 1206726676, "AE9858MN8104", 1511604088, "2012-06-01", null, true, "2012-06-18", "2012-06-19", "13:48:30", null, 0, 28738),
(00002, 1158881322, "AL9830JY9860", 1085932915, "2013-11-01", null, true, "2013-11-12", "2013-11-12", "14:32:13", null, 0, 37507),
(00003, 1245752173, "AN7822AR7679", 5015419492, "2013-12-01", null, true, "2013-12-02", "2013-12-02", "16:41:33", null, 0, 40211),
(00004, 1155136700, "AU9454OO733", 7061959401, "2015-03-01", null, true, "2015-03-03", "2015-03-03", "19:15:36", null, 0, 8492),
(00005, 1158881322, "AY9136JP6876", 2902488951, "2014-10-01", null, true, "2014-10-05", "2014-10-05", "13:42:11", null, 0, 37480),
(00006, 1253773543, "BE6336WM1669", 262041359, "2015-09-01", null, true, "2015-09-07", "2015-09-09", "13:08:03", null, 0, 22249),
(00007, 1142248885, "BK4823OU6688", 1511604088, "2014-06-01", null, true, "2014-06-03", "2014-06-04", "16:25:23", null, 0, 21439),
(00008, 1277367334, "BM1681QR7944", 9126917120, "2012-06-01", null, true, "2012-06-17", "2012-06-18", "18:57:10", null, 0, 12880),
(00009, 1234725485, "BN6018EJ9788", 4676964236, "2012-09-01", null, true, "2012-09-25", "2012-09-26", "19:44:17", null, 0, 9733),
(00010, 1218537022, "BP1277WT1052", 6587093568, "2014-06-01", null, true, "2014-06-21", "2014-06-21", "17:53:31", null, 0, 28050),
(00011, 1135304113, "CA2475FL8786", 1031367114, "2015-06-01", null, true, "2015-06-13", "2015-06-13", "17:44:42", null, 0, 14814),
(00012, 1234582127, "CJ3837SL9744", 9307042574, "2014-07-01", null, true, "2014-07-16", "2014-07-18", "18:10:50", null, 0, 34362),
(00013, 1177843304, "CK2074GP4951", 4279444630, "2011-04-01", null, true, "2011-04-08", "2011-04-08", "16:22:36", null, 0, 35997),
(00014, 1223620155, "CL1510EN7811", 9916514730, "2012-05-01", null, true, "2012-05-22", "2012-05-22", "16:18:59", null, 0, 21229),
(00015, 1271862711, "CS2484KK5494", 6685163882, "2011-07-01", null, true, "2011-07-25", "2011-07-27", "17:43:24", null, 0, 3906),
(00016, 1277518026, "CT8035SN1853", 7358057534, "2015-03-01", null, true, "2015-03-06", "2015-03-06", "17:09:46", null, 0, 19792),
(00017, 1282308833, "CW9556YM928", 7061959401, "2012-05-01", null, true, "2012-05-14", "2012-05-16", "13:09:13", null, 0, 6006),
(00018, 1135304113, "DC9527DE3447", 4880101872, "2011-11-01", null, true, "2011-11-13", "2011-11-14", "15:52:24", null, 0, 21533),
(00019, 1222251662, "DF6572GR3116", 6587093568, "2011-06-01", null, true, "2011-06-07", "2011-06-09", "18:30:31", null, 0, 20898),
(00020, 1222251662, "DQ3745UQ4406", 654265495, "2014-04-01", null, true, "2014-04-15", "2014-04-16", "14:53:15", null, 0, 36110),
(00021, 1310557070, "DU4140DH6526", 1653255599, "2014-10-01", null, true, "2014-10-02", "2014-10-02", "18:49:33", null, 0, 26316),
(00022, 1173581525, "ED2058VJ7993", 4279444630, "2011-12-01", null, true, "2011-12-23", "2011-12-24", "15:41:39", null, 0, 29994),
(00023, 1188757658, "EF1697SS453", 9916514730, "2014-04-01", null, true, "2014-04-18", "2014-04-19", "15:59:05", null, 0, 13986),
(00024, 1245752173, "EF9457RR115", 4512815575, "2011-05-01", null, true, "2011-05-02", "2011-05-02", "18:41:29", null, 0, 14683),
(00025, 1137438516, "EL1541VN403", 1511604088, "2014-12-01", null, true, "2014-12-07", "2014-12-09", "16:31:52", null, 0, 30498),
(00026, 1254435411, "EN7019NF4862", 5015419492, "2015-09-01", null, true, "2015-09-02", "2015-09-03", "19:45:49", null, 0, 31687),
(00027, 1188757658, "ER1605KN2561", 1085932915, "2014-08-01", null, true, "2014-08-08", "2014-08-08", "16:08:30", null, 0, 39698),
(00028, 1300334243, "EU6347OM4583", 9916514730, "2012-05-01", null, true, "2012-05-20", "2012-05-22", "19:06:17", null, 0, 9959),
(00029, 1281508385, "FA8560OA5309", 4528097680, "2015-12-01", null, true, "2015-12-03", "2015-12-03", "16:20:51", null, 0, 32303),
(00030, 1311764813, "FH675ED903", 9916514730, "2013-07-01", null, true, "2013-07-10", "2013-07-12", "17:15:47", null, 0, 3446),
(00031, 1311764813, "FR2502VJ4062", 4279444630, "2012-12-01", null, true, "2012-12-04", "2012-12-04", "15:19:06", null, 0, 28737),
(00032, 1245752173, "FT3539DB8307", 1653255599, "2011-10-01", null, true, "2011-10-16", "2011-10-17", "18:32:19", null, 0, 10985),
(00033, 1223620155, "GD5613MT9058", 3647055692, "2015-11-01", null, true, "2015-11-09", "2015-11-11", "15:06:25", null, 0, 37331),
(00034, 1173581525, "GJ4585NC4201", 9126917120, "2014-05-01", null, true, "2014-05-13", "2014-05-14", "14:17:21", null, 0, 15030),
(00035, 1281518756, "GO4168GW1613", 2156026255, "2012-05-01", null, true, "2012-05-23", "2012-05-25", "16:42:02", null, 0, 39014),
(00036, 1277367334, "GW9044UQ4474", 7061959401, "2013-11-01", null, true, "2013-11-21", "2013-11-23", "19:32:21", null, 0, 19817),
(00037, 1218537022, "HA4446JX3649", 700714596, "2013-09-01", null, true, "2013-09-24", "2013-09-26", "19:25:27", null, 0, 36715),
(00038, 1173710242, "HG1312EJ5714", 9916514730, "2013-02-01", null, true, "2013-02-16", "2013-02-16", "15:08:32", null, 0, 33931),
(00039, 1176151246, "HR8271SF7831", 9126917120, "2012-03-01", null, true, "2012-03-22", "2012-03-23", "13:34:06", null, 0, 4349),
(00040, 1176151246, "HT2995BX3879", 9916514730, "2011-11-01", null, true, "2011-11-19", "2011-11-20", "15:34:24", null, 0, 37806),
(00041, 1316666638, "HT3561QV7146", 8835285566, "2014-03-01", null, true, "2014-03-15", "2014-03-16", "18:23:04", null, 0, 12417),
(00042, 1278148341, "HU3739IM2007", 9126917120, "2014-12-01", null, true, "2014-12-25", "2014-12-25", "19:40:31", null, 0, 18164),
(00043, 1157752512, "HV221BN8257", 700714596, "2011-08-01", null, true, "2011-08-23", "2011-08-25", "17:47:43", null, 0, 32025),
(00044, 1273108642, "HX5430EX5665", 282338368, "2015-11-01", null, true, "2015-11-03", "2015-11-04", "17:02:19", null, 0, 7606),
(00045, 1282100271, "IB215FA137", 6151656699, "2013-10-01", null, true, "2013-10-13", "2013-10-13", "18:30:30", null, 0, 15635),
(00046, 1253773543, "IT5236ET3596", 4676964236, "2015-10-01", null, true, "2015-10-22", "2015-10-22", "17:40:24", null, 0, 8665),
(00047, 1158881322, "JC5638FN8519", 7185881341, "2015-03-01", null, true, "2015-03-03", "2015-03-03", "17:48:06", null, 0, 12666),
(00048, 1300334243, "JD757FC5501", 5015419492, "2015-10-01", null, true, "2015-10-09", "2015-10-11", "14:06:06", null, 0, 19631),
(00049, 1218537022, "JE4657VC4869", 262041359, "2015-10-01", null, true, "2015-10-10", "2015-10-11", "13:12:06", null, 0, 23475),
(00050, 1173581525, "JF8587MW9941", 1653255599, "2015-02-01", null, true, "2015-02-18", "2015-02-20", "16:26:52", null, 0, 3298),
(00051, 1157752512, "JG5040JF7437", 4367346248, "2014-04-01", null, true, "2014-04-24", "2014-04-24", "13:55:04", null, 0, 35329),
(00052, 1311225410, "JK6684BQ5799", 9916514730, "2012-03-01", null, true, "2012-03-09", "2012-03-10", "18:56:38", null, 0, 9249),
(00053, 1281518756, "JL9386BU2387", 4528097680, "2011-08-01", null, true, "2011-08-22", "2011-08-23", "17:06:02", null, 0, 22241),
(00054, 1245266303, "JP1238AA5485", 9420030835, "2011-08-01", null, true, "2011-08-04", "2011-08-06", "14:33:54", null, 0, 3817),
(00055, 1216312042, "JR4954VF1086", 8835285566, "2011-06-01", null, true, "2011-06-09", "2011-06-10", "14:30:59", null, 0, 14424),
(00056, 1218537022, "JS9216UF8879", 9152430527, "2013-04-01", null, true, "2013-04-03", "2013-04-04", "13:15:16", null, 0, 769),
(00057, 1218537022, "JT2388RY9908", 6186901571, "2015-12-01", null, true, "2015-12-12", "2015-12-12", "19:23:25", null, 0, 35414),
(00058, 1182374782, "JW3965GH3978", 8681033918, "2013-03-01", null, true, "2013-03-05", "2013-03-07", "13:38:50", null, 0, 28127),
(00059, 1135304113, "KE5048EJ2525", 9916514730, "2015-09-01", null, true, "2015-09-03", "2015-09-04", "15:55:55", null, 0, 22900),
(00060, 1175365032, "KF188QI4420", 700714596, "2015-06-01", null, true, "2015-06-23", "2015-06-24", "14:05:11", null, 0, 17993),
(00061, 1175365032, "KG5575YF4403", 4512815575, "2011-12-01", null, true, "2011-12-24", "2011-12-26", "16:15:34", null, 0, 18605),
(00062, 1176151246, "KK5366VK829", 6579161930, "2011-10-01", null, true, "2011-10-09", "2011-10-09", "16:05:23", null, 0, 25749),
(00063, 1281518756, "KL72PK6941", 1630844328, "2012-10-01", null, true, "2012-10-14", "2012-10-14", "13:46:59", null, 0, 20232),
(00064, 1281518756, "KM1534AD6244", 654265495, "2014-02-01", null, true, "2014-02-07", "2014-02-08", "13:48:20", null, 0, 20628),
(00065, 1218537022, "KN6864GC3047", 5015419492, "2014-11-01", null, true, "2014-11-21", "2014-11-22", "16:44:42", null, 0, 10857),
(00066, 1218537022, "KU7140JI548", 4528097680, "2013-12-01", null, true, "2013-12-24", "2013-12-25", "17:25:14", null, 0, 33134),
(00067, 1245215642, "LG2456KI6453", 1511604088, "2015-07-01", null, true, "2015-07-22", "2015-07-23", "19:35:25", null, 0, 12188),
(00068, 1311764813, "LI4307GB6311", 1085932915, "2012-06-01", null, true, "2012-06-15", "2012-06-16", "18:20:46", null, 0, 13116),
(00069, 1181720352, "LL4122JI1075", 8835285566, "2014-11-01", null, true, "2014-11-09", "2014-11-09", "14:21:19", null, 0, 26905),
(00070, 1310557070, "LP5635TC9352", 6587093568, "2011-11-01", null, true, "2011-11-03", "2011-11-03", "18:21:02", null, 0, 33666),
(00071, 1281383230, "LY4958QS5819", 8842204359, "2013-12-01", null, true, "2013-12-04", "2013-12-06", "16:07:05", null, 0, 4337),
(00072, 1146517147, "MB5415VW103", 2156026255, "2013-10-01", null, true, "2013-10-15", "2013-10-15", "18:04:27", null, 0, 1902),
(00073, 1181720352, "ME201UT391", 700714596, "2013-06-01", null, true, "2013-06-14", "2013-06-14", "16:54:48", null, 0, 39616),
(00074, 1311764813, "MF7149XS3745", 7358057534, "2015-09-01", null, true, "2015-09-04", "2015-09-05", "14:12:18", null, 0, 32925),
(00075, 1234582127, "MI3708TH1309", 7185881341, "2012-08-01", null, true, "2012-08-02", "2012-08-04", "18:24:43", null, 0, 3944),
(00076, 1281518756, "MP894EY3444", 5015419492, "2014-06-01", null, true, "2014-06-09", "2014-06-09", "15:03:23", null, 0, 7805),
(00077, 1137438516, "MQ6162SQ6507", 4880101872, "2015-10-01", null, true, "2015-10-25", "2015-10-27", "19:58:29", null, 0, 21748),
(00078, 1173581525, "MV698IM3112", 2156026255, "2013-04-01", null, true, "2013-04-13", "2013-04-13", "13:05:55", null, 0, 5174),
(00079, 1245752173, "NG8913OV617", 9420030835, "2011-12-01", null, true, "2011-12-12", "2011-12-14", "18:09:15", null, 0, 4197),
(00080, 1247785710, "NH6249DS8971", 282338368, "2014-03-01", null, true, "2014-03-17", "2014-03-17", "18:47:04", null, 0, 21090),
(00081, 1277367334, "NK1454LY930", 4367346248, "2015-12-01", null, true, "2015-12-23", "2015-12-23", "17:37:32", null, 0, 2089),
(00082, 1150812126, "NS8445OR9720", 4528097680, "2012-08-01", null, true, "2012-08-04", "2012-08-04", "15:46:55", null, 0, 25704),
(00083, 1142248885, "NU4976SS8559", 6579161930, "2015-02-01", null, true, "2015-02-05", "2015-02-05", "17:44:30", null, 0, 9436),
(00084, 1282308833, "NU5852DW8440", 2902488951, "2012-07-01", null, true, "2012-07-05", "2012-07-05", "16:04:02", null, 0, 20444),
(00085, 1173581525, "NU7492YW9880", 5015419492, "2013-05-01", null, true, "2013-05-05", "2013-05-07", "13:48:18", null, 0, 31071),
(00086, 1206726676, "NW7974XJ1283", 6685163882, "2011-09-01", null, true, "2011-09-13", "2011-09-15", "15:35:20", null, 0, 38892),
(00087, 1188757658, "NX2223EN1947", 7061959401, "2015-11-01", null, true, "2015-11-10", "2015-11-12", "16:59:24", null, 0, 12141),
(00088, 1247785710, "NY5696HF7496", 8842204359, "2011-07-01", null, true, "2011-07-15", "2011-07-17", "14:23:52", null, 0, 19809),
(00089, 1316666638, "OA7304MR372", 4528097680, "2014-11-01", null, true, "2014-11-18", "2014-11-18", "16:25:24", null, 0, 1959),
(00090, 1277518026, "OB1855QP4462", 6151656699, "2013-10-01", null, true, "2013-10-06", "2013-10-06", "14:20:22", null, 0, 4022),
(00091, 1218537022, "OD483TI4933", 6151656699, "2013-12-01", null, true, "2013-12-12", "2013-12-14", "13:23:47", null, 0, 32345),
(00092, 1281508385, "OH5935BV14", 700714596, "2012-05-01", null, true, "2012-05-02", "2012-05-02", "16:40:53", null, 0, 5546),
(00093, 1247785710, "OI8363PV1547", 1653255599, "2011-06-01", null, true, "2011-06-07", "2011-06-07", "19:55:27", null, 0, 23754),
(00094, 1316666638, "OQ4127LW1867", 4880101872, "2011-04-01", null, true, "2011-04-08", "2011-04-10", "15:37:30", null, 0, 22238),
(00095, 1234582127, "OS9881KU142", 262041359, "2012-05-01", null, true, "2012-05-07", "2012-05-07", "18:42:21", null, 0, 36120),
(00096, 1310557070, "PH4398IC8238", 654265495, "2015-04-01", null, true, "2015-04-19", "2015-04-20", "14:04:33", null, 0, 27388),
(00097, 1188757658, "PI9561XK6616", 1031367114, "2014-02-01", null, true, "2014-02-24", "2014-02-24", "18:56:34", null, 0, 41187),
(00098, 1245215642, "PK506DH2967", 4512815575, "2011-05-01", null, true, "2011-05-13", "2011-05-15", "15:53:08", null, 0, 27968),
(00099, 1146517147, "PN2589CJ1679", 6579161930, "2011-11-01", null, true, "2011-11-16", "2011-11-17", "19:34:29", null, 0, 1163),
(00100, 1300334243, "PV3077VG939", 9420030835, "2015-08-01", null, true, "2015-08-06", "2015-08-07", "17:23:33", null, 0, 29140),
(00101, 1247785710, "PV6190DQ6760", 4512815575, "2012-09-01", null, true, "2012-09-17", "2012-09-19", "18:02:24", null, 0, 18505),
(00102, 1141620351, "PW5560KB4173", 6685163882, "2012-05-01", null, true, "2012-05-16", "2012-05-17", "19:57:33", null, 0, 33157),
(00103, 1310557070, "QA2252RD952", 6685163882, "2012-02-01", null, true, "2012-02-04", "2012-02-06", "17:39:53", null, 0, 11607),
(00104, 1146517147, "QA3010KV626", 6186901571, "2011-02-01", null, true, "2011-02-10", "2011-02-12", "14:09:47", null, 0, 14846),
(00105, 1177843304, "QH4314BC557", 9763191517, "2015-03-01", null, true, "2015-03-09", "2015-03-10", "13:48:31", null, 0, 36098),
(00106, 1181720352, "QL1628XV3526", 7185881341, "2015-06-01", null, true, "2015-06-20", "2015-06-22", "19:09:41", null, 0, 37612),
(00107, 1254435411, "QP1597UX4875", 4880101872, "2014-05-01", null, true, "2014-05-07", "2014-05-08", "15:14:35", null, 0, 18198),
(00108, 1146517147, "QS9223NK8572", 1653255599, "2015-12-01", null, true, "2015-12-02", "2015-12-03", "13:49:07", null, 0, 40438),
(00109, 1188757658, "QY1984QK3830", 9126917120, "2013-12-01", null, true, "2013-12-08", "2013-12-09", "16:54:47", null, 0, 24404),
(00110, 1311225410, "RD4135NB3523", 282338368, "2014-09-01", null, true, "2014-09-07", "2014-09-08", "16:17:58", null, 0, 29130),
(00111, 1182374782, "RJ6533XR6136", 9420030835, "2014-05-01", null, true, "2014-05-11", "2014-05-13", "15:27:43", null, 0, 20248),
(00112, 1282308833, "RM280WS3296", 4512815575, "2014-06-01", null, true, "2014-06-15", "2014-06-17", "15:59:33", null, 0, 29529),
(00113, 1316666638, "RM5689TI3539", 282338368, "2012-04-01", null, true, "2012-04-13", "2012-04-14", "17:47:56", null, 0, 21038),
(00114, 1177843304, "RM6364IA4841", 8842204359, "2013-11-01", null, true, "2013-11-09", "2013-11-11", "13:54:29", null, 0, 11091),
(00115, 1302762734, "RR4363XL9559", 654265495, "2013-06-01", null, true, "2013-06-08", "2013-06-08", "15:40:42", null, 0, 31501),
(00116, 1146517147, "RV9245MN9363", 6151656699, "2013-09-01", null, true, "2013-09-14", "2013-09-15", "18:35:45", null, 0, 29737),
(00117, 1311225410, "SB1669NX626", 8835285566, "2013-12-01", null, true, "2013-12-25", "2013-12-25", "17:39:59", null, 0, 88),
(00118, 1173581525, "SL4005MI2906", 4367346248, "2011-03-01", null, true, "2011-03-16", "2011-03-18", "16:17:03", null, 0, 27514),
(00119, 1275225576, "SP1545UD4888", 9152430527, "2011-10-01", null, true, "2011-10-25", "2011-10-26", "14:25:50", null, 0, 8600),
(00120, 1188757658, "SQ2175QW3971", 8842204359, "2015-07-01", null, true, "2015-07-12", "2015-07-13", "18:02:39", null, 0, 39610),
(00121, 1282100271, "ST9932HM2269", 1630844328, "2011-05-01", null, true, "2011-05-11", "2011-05-12", "18:20:18", null, 0, 39363),
(00122, 1216312042, "SY2651DV1521", 1653255599, "2012-04-01", null, true, "2012-04-08", "2012-04-09", "18:30:43", null, 0, 12015),
(00123, 1150812126, "TC3959PA3798", 7358057534, "2013-09-01", null, true, "2013-09-12", "2013-09-13", "19:48:21", null, 0, 3695),
(00124, 1234582127, "TG6361AJ6639", 9152430527, "2012-11-01", null, true, "2012-11-09", "2012-11-10", "16:49:27", null, 0, 3886),
(00125, 1245752173, "TI7760XW4445", 6156889503, "2013-04-01", null, true, "2013-04-11", "2013-04-13", "13:07:35", null, 0, 12751),
(00126, 1135304113, "TJ1096OV6103", 7061959401, "2012-03-01", null, true, "2012-03-22", "2012-03-24", "13:34:57", null, 0, 31114),
(00127, 1310557070, "TT3544YU1950", 9126917120, "2015-09-01", null, true, "2015-09-10", "2015-09-12", "15:30:15", null, 0, 21480),
(00128, 1277367334, "TW4898KY384", 6587093568, "2014-11-01", null, true, "2014-11-17", "2014-11-17", "14:59:29", null, 0, 8584),
(00129, 1245752173, "UM2220GT7783", 654265495, "2013-11-01", null, true, "2013-11-13", "2013-11-15", "17:25:41", null, 0, 3961),
(00130, 1141620351, "UN5183FX9497", 1511604088, "2015-04-01", null, true, "2015-04-08", "2015-04-10", "13:02:39", null, 0, 31017),
(00131, 1157752512, "UO2022EB5218", 6156889503, "2015-11-01", null, true, "2015-11-13", "2015-11-14", "13:55:04", null, 0, 24677),
(00132, 1157752512, "VB3102NL1109", 9307042574, "2014-05-01", null, true, "2014-05-04", "2014-05-05", "13:32:42", null, 0, 24132),
(00133, 1311147076, "VC838GT7678", 654265495, "2012-08-01", null, true, "2012-08-21", "2012-08-21", "17:46:40", null, 0, 18721),
(00134, 1146517147, "VM1754MT951", 8835285566, "2015-08-01", null, true, "2015-08-09", "2015-08-11", "13:59:14", null, 0, 110),
(00135, 1277367334, "VN3749ES462", 654265495, "2015-09-01", null, true, "2015-09-08", "2015-09-08", "18:26:47", null, 0, 30937),
(00136, 1316666638, "VQ1816NO397", 6151656699, "2012-07-01", null, true, "2012-07-17", "2012-07-17", "16:39:51", null, 0, 19419),
(00137, 1277367334, "VQ6138UU3037", 4367346248, "2012-02-01", null, true, "2012-02-23", "2012-02-25", "17:19:38", null, 0, 7480),
(00138, 1176151246, "VU7401LJ1673", 9420030835, "2015-02-01", null, true, "2015-02-23", "2015-02-24", "13:06:40", null, 0, 8798),
(00139, 1182374782, "WE4400DG4535", 6151656699, "2011-11-01", null, true, "2011-11-09", "2011-11-11", "14:22:14", null, 0, 14775),
(00140, 1173710242, "WO645IY445", 6156889503, "2014-12-01", null, true, "2014-12-04", "2014-12-04", "17:41:48", null, 0, 27776),
(00141, 1177843304, "WV1089OD5559", 8842204359, "2014-11-01", null, true, "2014-11-15", "2014-11-15", "14:36:42", null, 0, 5471),
(00142, 1302762734, "WY4645VQ9349", 8681033918, "2013-11-01", null, true, "2013-11-08", "2013-11-10", "17:14:13", null, 0, 29851),
(00143, 1234582127, "XB4618UB3488", 282338368, "2013-08-01", null, true, "2013-08-21", "2013-08-22", "16:40:33", null, 0, 31758),
(00144, 1281508385, "XC4011EH5092", 6186901571, "2014-12-01", null, true, "2014-12-11", "2014-12-11", "14:20:06", null, 0, 3214),
(00145, 1277518026, "XT7312KF9811", 1085932915, "2012-07-01", null, true, "2012-07-08", "2012-07-09", "17:45:35", null, 0, 25289),
(00146, 1277367334, "XX1804HU3340", 9827809820, "2012-07-01", null, true, "2012-07-05", "2012-07-07", "14:25:45", null, 0, 41229),
(00147, 1137438516, "YE9045JE2731", 2902488951, "2014-05-01", null, true, "2014-05-10", "2014-05-12", "14:38:46", null, 0, 8339),
(00148, 1158881322, "YM2289RY626", 9827809820, "2014-07-01", null, true, "2014-07-15", "2014-07-16", "14:45:27", null, 0, 21351),
(00149, 1175365032, "YN4501MR3420", 2902488951, "2013-07-01", null, true, "2013-07-20", "2013-07-21", "17:46:33", null, 0, 29965),
(00150, 1311764813, "YW358WV2949", 6587093568, "2014-08-01", null, true, "2014-08-15", "2014-08-15", "18:35:57", null, 0, 10783),
(00151, 1234582127, "YX130PQ6374", 4279444630, "2013-08-01", null, true, "2013-08-07", "2013-08-07", "19:42:50", null, 0, 24795);

insert into detalleservicio values
(00000, "14P7755", 1, 126431),
(00001, "10A7753", 3, 138791),
(00002, "10M5551", 1, 190994),
(00003, "12L6903", 5, 146855),
(00004, "11K5606", 4, 149599),
(00005, "12O7396", 1, 106441),
(00006, "0L2380", 1, 138438),
(00007, "11I6394", 2, 172569),
(00008, "14Q9840", 3, 163082),
(00009, "10L9892", 4, 148850),
(00010, "11K5606", 3, 195417),
(00011, "11S1306", 2, 121200),
(00012, "12J3338", 1, 140666),
(00013, "10X4221", 4, 154259),
(00014, "12W6382", 5, 106324),
(00015, "11V2477", 2, 174732),
(00016, "10O7322", 5, 122702),
(00017, "0L8972", 3, 188433),
(00018, "13K3622", 5, 198978),
(00019, "11B1567", 1, 120588),
(00020, "11A2878", 5, 181183),
(00021, "13O6738", 1, 151038),
(00022, "10X4221", 5, 179339),
(00023, "10W5461", 5, 155848),
(00024, "11G1553", 2, 160502),
(00025, "11A2878", 5, 179177),
(00026, "15H1343", 2, 181236),
(00027, "0L2380", 3, 194999),
(00028, "12H4984", 4, 109693),
(00029, "10S5668", 4, 115999),
(00030, "10K9450", 3, 131566),
(00031, "10V3361", 2, 160292),
(00032, "10L1428", 4, 124051),
(00033, "13E6909", 4, 162608),
(00034, "11G1553", 4, 161238),
(00035, "11A2878", 2, 123702),
(00036, "10L1428", 4, 166277),
(00037, "11I6361", 1, 169926),
(00038, "12V1860", 3, 134429),
(00039, "10N3261", 3, 151895),
(00040, "10V7313", 2, 167845),
(00041, "12A831", 2, 181622),
(00042, "11I6394", 1, 135453),
(00043, "11V2477", 2, 181192),
(00044, "11A2878", 1, 182348),
(00045, "12Y6257", 5, 112986),
(00046, "10V3361", 3, 179911),
(00047, "10X4221", 1, 130161),
(00048, "12Y9563", 3, 189615),
(00049, "11T4628", 3, 183550),
(00050, "12B6614", 5, 199673),
(00051, "11G7981", 4, 158931),
(00052, "13K7738", 3, 104719),
(00053, "10V7313", 3, 145159),
(00054, "12B6614", 1, 131133),
(00055, "13K7738", 5, 127361),
(00056, "10L8430", 4, 145282),
(00057, "11T4628", 2, 131524),
(00058, "13R4483", 3, 145958),
(00059, "10V7313", 5, 106278),
(00060, "11I6394", 3, 139141),
(00061, "11G892", 5, 141922),
(00062, "13K7738", 1, 128935),
(00063, "10R1840", 4, 141475),
(00064, "12C902", 3, 132753),
(00065, "15J3073", 5, 108465),
(00066, "13I7082", 2, 148409),
(00067, "13V9976", 5, 193685),
(00068, "12L5975", 3, 199408),
(00069, "13T3548", 5, 187206),
(00070, "12W6382", 3, 195706),
(00071, "12L5975", 3, 179842),
(00072, "10O7322", 4, 111866),
(00073, "10A7753", 3, 134195),
(00074, "11S1212", 5, 159787),
(00075, "11I6361", 1, 107867),
(00076, "10M6744", 1, 137388),
(00077, "10S8979", 4, 154154),
(00078, "12V1860", 2, 190379),
(00079, "10V7313", 5, 173521),
(00080, "16L5814", 1, 145399),
(00081, "10L8430", 1, 128861),
(00082, "11G1553", 3, 149119),
(00083, "11L5041", 2, 132873),
(00084, "11G892", 2, 193133),
(00085, "0L8972", 1, 183478),
(00086, "10W5461", 4, 128741),
(00087, "14Q9840", 1, 188426),
(00088, "10V7313", 3, 134524),
(00089, "11G1553", 2, 190679),
(00090, "10A7753", 3, 110309),
(00091, "13E6909", 2, 195155),
(00092, "12V7665", 1, 117795),
(00093, "10C8285", 4, 114780),
(00094, "10A2380", 3, 125299),
(00095, "10S5668", 2, 118782),
(00096, "12P1625", 5, 107206),
(00097, "11I6361", 1, 185052),
(00098, "11D5706", 5, 121462),
(00099, "11G1553", 4, 114940),
(00100, "0E8176", 5, 101768),
(00101, "11G892", 4, 153207),
(00102, "11S1212", 4, 152738),
(00103, "12D9009", 3, 171343),
(00104, "11K5606", 1, 157684),
(00105, "12Y1559", 4, 176867),
(00106, "12A831", 5, 146772),
(00107, "12R566", 2, 100225),
(00108, "10S8979", 5, 138586),
(00109, "14A6096", 5, 172875),
(00110, "10O7322", 5, 169282),
(00111, "10K9450", 5, 169776),
(00112, "13K7738", 5, 176526),
(00113, "13J6142", 1, 136604),
(00114, "12A831", 1, 187713),
(00115, "13K3622", 3, 193530),
(00116, "12N2036", 1, 131395),
(00117, "12L6903", 3, 139072),
(00118, "11N4847", 1, 157190),
(00119, "12P1625", 1, 188518),
(00120, "10O7322", 4, 156978),
(00121, "10S5668", 4, 100465),
(00122, "12H4984", 4, 130468),
(00123, "12H4984", 2, 165824),
(00124, "11F5721", 4, 162836),
(00125, "12N2036", 5, 192108),
(00126, "10V3701", 4, 165068),
(00127, "10C8285", 1, 111435),
(00128, "10C8285", 5, 168142),
(00129, "12V7665", 4, 118008),
(00130, "12W6382", 4, 163053),
(00131, "0Q7104", 4, 119119),
(00132, "11V6150", 2, 114088),
(00133, "11G7981", 5, 189427),
(00134, "13L565", 3, 111338),
(00135, "11G1553", 4, 196026),
(00136, "13U4934", 4, 154425),
(00137, "12R566", 4, 120779),
(00138, "10C8285", 1, 118362),
(00139, "12H4984", 4, 164946),
(00140, "13I7082", 3, 158305),
(00141, "13M7237", 5, 188397),
(00142, "10G747", 1, 165088),
(00143, "11T4628", 5, 155909),
(00144, "12C902", 1, 178730),
(00145, "10L1428", 3, 195514),
(00146, "11P2591", 1, 166666),
(00147, "11G1553", 1, 178815),
(00148, "13K3622", 3, 148535),
(00149, "13I7082", 4, 108023),
(00150, "10V3701", 5, 175280),
(00151, "12Y6257", 2, 108247);