use main;
insert into persona values
(1671054022, 6604782, 3171733727, "Gema", "Medina", "909 Summerhouse St. Tiffin, OH 44883"),
(1311147076, 1662260, 3016780260, "Rebeca", "Blesa", "401 Mayflower St. Warminster, PA 18974"),
(1085524644, 3088433, 3023105485, "Germán", "Romero", "8558 Hawthorne St. Conyers, GA 30012"),
(1001446282, 8208737, 3166351272, "Anna", "Guerrero", "39 Golf Ave. Warren, MI 48089"),
(1352765716, 2264177, 3057046654, "Simón", "Suárez", "461 South Elmwood Drive Plattsburgh, NY 12901"),
(1828134270, 5166668, 3076118472, "Celia", "Vega", "9260 Somerset Court Wisconsin Rapids, WI 54494"),
(1181720352, 3631868, 3013340431, "Feliciano", "Cabrera", "94 Hudson Avenue Leominster, MA 01453"),
(1453451840, 7571573, 3127348158, "Noelia", "Nieto", "32 E. Brickell Court Colorado Springs, CO 80911"),
(1234725485, 5455245, 3052472153, "Norberto", "Peña", "9345 Nut Swamp St. Iowa City, IA 52240"),
(1027375887, 6770512, 3174301683, "Guido", "Alonso", "7616 Glenholme St. Marlborough, MA 01752"),
(1104457435, 7404423, 3168436645, "Aniano", "Crespo", "7 Division St. Southampton, PA 18966"),
(1716154386, 5138138, 3126755276, "Primo", "Sánchez", "95 Lafayette Avenue Pittsford, NY 14534"),
(1437386203, 1707448, 3034621837, "Ireneo", "Marín", "243 Sunbeam St. Bethel Park, PA 15102"),
(1458518707, 0882157, 3004646445, "Pilar", "Peña", "364 Vale Street Wadsworth, OH 44281"),
(1802022777, 7622416, 3025805462, "Concepción", "Soler", "8717 Jackson St. Clover, SC 29710"),
(1017131420, 6568606, 3015322458, "Gisela", "Garrido", "473 Sutor St. Chelsea, MA 02150"),
(1635142387, 3010581, 3053151287, "Josafat", "Garrido", "63 Illinois Ave. West Bloomfield, MI 48322"),
(1054312534, 2023603, 3136680180, "Colombo", "Ortega", "291 State Street Cockeysville, MD 21030"),
(1872400663, 8146545, 3164503528, "Nicolás", "Peña", "7 S. Windfall Dr. Schererville, IN 46375"),
(1281383230, 1546186, 3015834532, "Marc", "Mora", "8 E. Foxrun Street Bloomfield, NJ 07003"),
(1870455770, 3750630, 3045544310, "Nemesio", "Campos", "93 S. Longfellow Drive Copperas Cove, TX 76522"),
(1085305217, 6873452, 3021861673, "Damián", "Calvo", "9494 Aspen Drive Bel Air, MD 21014"),
(1410180863, 3002405, 3143737840, "Maximiliano", "Santana", "317 Country Drive Hanover Park, IL 60133"),
(1704345475, 5360640, 3042071860, "Noelia", "Parra", "7440 Stonybrook Street Staten Island, NY 10301"),
(1733444265, 0884487, 3158373064, "Casiano", "Castro", "24 Honey Creek Rd. Nicholasville, KY 40356"),
(1360111225, 4146468, 3088741342, "Adón", "Cambil", "89 Williams Lane Vincentown, NJ 08088"),
(1822850174, 0615652, 3174172833, "Julián", "Nieto", "908 North Studebaker St. Harleysville, PA 19438"),
(1617684338, 2083235, 3085431278, "José", "Blanco", "9 Trusel St. Livonia, MI 48150"),
(1765408353, 3818828, 3082635147, "Teodosia", "Iglesias", "3 West Riverside Rd. Emporia, KS 66801"),
(1218537022, 7412166, 3184743615, "Sonia", "Santos", "8733 Sugar St. Coram, NY 11727"),
(1806145541, 0402876, 3166371311, "Maximiliano", "Nieto", "20 Beech Court Floral Park, NY 11001"),
(1541200527, 6336348, 3063783328, "Jonás", "Gutiérrez", "1 Lantern Court Libertyville, IL 60048"),
(1431716417, 8571706, 3122801875, "Ester", "González", "1 Old Logan Drive Stillwater, MN 55082"),
(1011355387, 4535682, 3036243326, "Leonor", "Ramos", "96 Saxon Street Alexandria, VA 22304"),
(1555155273, 4413027, 3131233640, "Aurelia", "Giménez", "88 Shadow Brook Lane Westland, MI 48185"),
(1745260704, 6530220, 3052080844, "Honorio", "Castillo", "7 Clay St. Santa Monica, CA 90403"),
(1277518026, 6260664, 3150746728, "Simón", "Soler", "703 James St. Burbank, IL 60459"),
(1281518756, 8841048, 3188055765, "Colombo", "Gallego", "6 Tower Street Hamilton, OH 45011"),
(1380021251, 2072051, 3107358841, "Blas", "Rubio", "7432 North Roehampton Ave. Marshalltown, IA 50158"),
(1017651081, 1302411, 3103202572, "Bartolomé", "Medina", "956 S. State Dr. Circle Pines, MN 55014"),
(1582001833, 1008407, 3168118076, "Clara", "Román", "371 Lantern St. Lake Charles, LA 70605"),
(1158881322, 0026067, 3006181221, "Roberto", "Nieto", "922 College Drive Council Bluffs, IA 51501"),
(1612578714, 4624607, 3170678503, "Carolina", "Ramírez", "8435 North Galvin Avenue Perth Amboy, NJ 08861"),
(1802068400, 0547253, 3184067671, "Moisés", "Muñoz", "365 Beech Dr. Bardstown, KY 40004"),
(1302762734, 4684376, 3041132581, "Gabriel", "Romero", "98 Augusta Street Scarsdale, NY 10583"),
(1483706841, 6216152, 3048213721, "David", "Torres", "26 Holly Ave. Ottawa, IL 61350"),
(1503600810, 7820603, 3048853536, "Isaac", "Arias", "7310 Gainsway St. Trumbull, CT 06611"),
(1470247865, 1886256, 3142660372, "Vidal", "Prieto", "11 Homestead Street Sebastian, FL 32958"),
(1641600842, 1052566, 3000265486, "Melchor", "Pascual", "706 Ivy Court Barberton, OH 44203"),
(1784875526, 2233603, 3130482244, "Guido", "Campos", "7123B Mountainview St. Chester, PA 19013"),
(1726775007, 5832844, 3140370505, "Melchor", "Núñez", "51 Marlborough Drive Norwich, CT 06360"),
(1326820514, 2035581, 3180155802, "Alonso", "Domínguez", "718 Greenrose Drive West Chicago, IL 60185"),
(1282308833, 7726701, 3022128020, "Porfirio", "Serrano", "57 North Rockville Lane Sicklerville, NJ 08081"),
(1847530581, 7750875, 3174481337, "Alfredo", "Cambil", "30 Broad Street Jenison, MI 49428"),
(1156247710, 1172615, 3068065331, "Venancio", "Durán", "987 Glenwood Ave. New Castle, PA 16101"),
(1748621172, 5380527, 3126004317, "Rafael", "Flores", "9054 North Newbridge Court Baltimore, MD 21206"),
(1382483310, 3363577, 3172746333, "Yolanda", "Peña", "339 Pumpkin Hill Drive Gaithersburg, MD 20877"),
(1311764813, 3623244, 3150534080, "Faustino", "Cambil", "819 Wakehurst Road Johnson City, TN 37601"),
(1721268220, 4140403, 3124163635, "Lidia", "Moreno", "82 Franklin St. Lancaster, NY 14086"),
(1612824655, 3068777, 3110068162, "Oscar", "Ramírez", "89 Smoky Hollow Drive Memphis, TN 38106"),
(1135057257, 2272685, 3024838861, "Natalia", "Marín", "988 South Vernon Street Circle Pines, MN 55014"),
(1566883111, 1460465, 3183873178, "Lucrecia", "Caballero", "8500 Foster Street Lilburn, GA 30047"),
(1476783638, 6747063, 3064673834, "Segismundo", "Serrano", "9534 Wakehurst Road Avon Lake, OH 44012"),
(1222251662, 3324852, 3126661270, "Ildefonso", "Ruiz", "150 Lees Creek Drive Providence, RI 02904"),
(1648760080, 1076416, 3181381782, "Jorge", "Márquez", "21 Sherwood Lane Indiana, PA 15701"),
(1830887468, 6355825, 3047002045, "Oswaldo", "Peña", "69 Garden Ave. Lake Charles, LA 70605"),
(1825121418, 2728281, 3100644376, "Leopoldo", "Ibáñez", "7 Griffin St. Charlottesville, VA 22901"),
(1336213068, 7427645, 3107485245, "Timoteo", "Álvarez", "9988 Sulphur Springs Court Wheaton, IL 60187"),
(1606248327, 1431380, 3013175588, "Teodosia", "Méndez", "815 N. Lilac Drive Mcminnville, TN 37110"),
(1175365032, 3713428, 3121200167, "Oseas", "Giménez", "47 Helen Drive Crystal Lake, IL 60014"),
(1881331571, 0272642, 3120271427, "Evaristo", "Lozano", "373 Glenlake St. West Orange, NJ 07052"),
(1883721628, 6418541, 3051117387, "Sara", "González", "7007 Mammoth St. Alabaster, AL 35007"),
(1177843304, 3575128, 3003253033, "Bartolomé", "Díez", "8837 Linden Rd. Whitestone, NY 11357"),
(1667161722, 2062362, 3023760058, "Camilo", "Jiménez", "323 NW. Ohio Drive Arvada, CO 80003"),
(1646714143, 7006500, 3125548400, "Arturo", "Rubio", "110 Buttonwood Lane Enterprise, AL 36330"),
(1234582127, 3373523, 3128755477, "Esperanza", "Cano", "17 East Armstrong St. Highland, IN 46322"),
(1556051477, 1624768, 3103854631, "Dolores", "Pastor", "2 Rose Dr. Hopewell Junction, NY 12533"),
(1173581525, 6218106, 3140352827, "Aitor", "Martín", "7 Glen Ridge Lane Ft Mitchell, KY 41017"),
(1823223701, 1788844, 3114284157, "Valeriano", "Sanz", "806 Gainsway St. Mount Vernon, NY 10550"),
(1065028680, 5178000, 3056433165, "Lucía", "Vidal", "8486 Miller Ave. Fremont, OH 43420"),
(1823247458, 1246516, 3011808071, "Casiano", "Hernández", "7743 Gates Street Madison Heights, MI 48071"),
(1858540325, 7581782, 3037602445, "Oriol", "Flores", "895 Laurel St. West Lafayette, IN 47906"),
(1103280342, 8632156, 3054536341, "Timoteo", "Ramos", "2 North Randall Mill Circle Baldwin, NY 11510"),
(1825408814, 8263862, 3077475686, "Columba", "Velasco", "21 William Ave. Hudsonville, MI 49426"),
(1505746872, 3031334, 3043261748, "Blanca", "Cortés", "1 Rockledge Lane Mount Airy, MD 21771"),
(1127701276, 8645246, 3042158046, "Moisés", "Suárez", "8801 Old Wakehurst Ave. Uniondale, NY 11553"),
(1710437533, 7773160, 3004653570, "Heraclio", "Blesa", "443 Wintergreen St. Homestead, FL 33030"),
(1327212124, 2303054, 3016138141, "Ananías", "Giménez", "53 Blackburn Road Bethlehem, PA 18015"),
(1088427343, 0175167, 3146226558, "Ananías", "González", "274 South Orchard Street Jenison, MI 49428"),
(1764634000, 6106737, 3136665080, "Rita", "Medina", "578 Vermont St. East Orange, NJ 07017"),
(1135304113, 6368621, 3022443300, "Camilo", "Peña", "364 Ohio St. Montclair, NJ 07042"),
(1188757658, 3738075, 3123026370, "Guillermo", "Medina", "2 Cherry Hill St. Carpentersville, IL 60110"),
(1608363552, 4716833, 3112371185, "Antonia", "Santos", "461 Edgefield St. Warwick, RI 02886"),
(1358304603, 6044510, 3166731773, "Albert", "Carrasco", "34 Elm St. Bluffton, SC 29910"),
(1247785710, 7571816, 3011618815, "Fabio", "Calvo", "40 Creek St. Johnson City, TN 37601"),
(1023760387, 4501451, 3051832484, "José", "Carmona", "7381 Helen St. Morton Grove, IL 60053"),
(1814535606, 0143168, 3050831577, "Vidal", "Martín", "9885 West Shub Farm St. Derry, NH 03038"),
(1014020822, 2172512, 3052327240, "Cristina", "Nieto", "9928 East San Carlos Lane Lawrence, MA 01841"),
(1356203883, 6800835, 3087553661, "Ariadna", "Montoro", "9117 Ann Ave. Saint Paul, MN 55104"),
(1652045316, 3181276, 3155703665, "Conrado", "Moya", "2 Shadow Brook Ave. Covington, GA 30014"),
(1361762011, 6570206, 3156434328, "Rita", "Herrero", "903 Harvard Road Watertown, MA 02472"),
(1801210804, 3258777, 3032654474, "Víctor", "Molina", "3 Corona Street Hudson, NH 03051"),
(1618127014, 3716181, 3100473621, "Elena", "Flores", "704 Maple St. Dawsonville, GA 30534"),
(1801180045, 7236373, 3164610385, "Ariadna", "Blesa", "2 Summit St. Virginia Beach, VA 23451"),
(1607512506, 0877665, 3164474521, "Alicia", "Durán", "2 Old Holly Street Portsmouth, VA 23703"),
(1375133888, 4473348, 3145241273, "Lino", "Iglesias", "822 W. Ridge Rd. Franklin, MA 02038"),
(1037671513, 7487244, 3017081581, "Efrén", "Díaz", "9730 Colonial Court Lemont, IL 60439"),
(1516861852, 5753406, 3058277055, "Leandro", "Montero", "708 Court St. Berwyn, IL 60402"),
(1382141544, 4843026, 3067805610, "Arcadio", "Núñez", "351 Carson Ave. Los Banos, CA 93635"),
(1155136700, 8354474, 3062762382, "Sebastián", "Domínguez", "478 Gonzales Street Butte, MT 59701"),
(1807334787, 3415452, 3166677676, "Inés", "Álvarez", "58 Fremont Road Webster, NY 14580"),
(1815164450, 4020644, 3050307744, "Cecilia", "Sánchez", "544 Evergreen St. Redford, MI 48239"),
(1745878586, 3040718, 3000827730, "Columba", "Cortés", "8682 Pheasant Ave. Chicopee, MA 01020"),
(1712322135, 3761342, 3067578440, "Joan", "Nieto", "890 San Juan Ave. Gulfport, MS 39503"),
(1554570153, 2201683, 3036103231, "Adrián", "Lozano", "210 Blue Spring Lane Kissimmee, FL 34741"),
(1812658428, 1121418, 3076323050, "Teófila", "Sanz", "90 Rockwell Ave. Mansfield, MA 02048"),
(1115468148, 3435063, 3058750370, "Teófila", "López", "364 Fulton St. Tewksbury, MA 01876"),
(1546000646, 4855388, 3022410784, "Sebastián", "Pérez", "28 East Warren Street Orange Park, FL 32065"),
(1560534351, 0154662, 3060408137, "Vicenta", "Durán", "698 Peg Shop Drive Forney, TX 75126"),
(1783557321, 4347317, 3122075221, "Pío", "Muñoz", "11C North Shore Street New Orleans, LA 70115"),
(1678322156, 0317734, 3131013748, "Rafael", "Blanco", "8658 Old York Circle Livonia, MI 48150"),
(1800765267, 1840023, 3136515375, "Casimiro", "Guerrero", "239 North Walt Whitman Drive Evans, GA 30809"),
(1832225600, 7086051, 3067133722, "Fabián", "Herrero", "74 SW. Clinton Lane Mount Pleasant, SC 29464"),
(1880242116, 1608471, 3187146885, "Jordi", "González", "121 Main Rd. Irwin, PA 15642"),
(1157752512, 8601027, 3186515611, "Ramón", "Reyes", "8252 Euclid Dr. Lemont, IL 60439"),
(1847818067, 1053077, 3082288012, "Oriol", "Arias", "4 Pin Oak Ave. Pompano Beach, FL 33060"),
(1881733243, 2048688, 3156035362, "Victorio", "Cano", "9238 Court St. Powell, TN 37849"),
(1843876165, 2222011, 3063676514, "María", "Domínguez", "49 Redwood Street Rock Hill, SC 29730"),
(1216312042, 7566485, 3005235755, "Elías", "Guerrero", "40 Saxton Road Gallatin, TN 37066"),
(1821825667, 0680228, 3158636871, "Patricia", "Cano", "9437 Vernon Street Ridgecrest, CA 93555"),
(1602217878, 4175121, 3140512043, "Begoña", "Carmona", "34 William Dr. Goshen, IN 46526"),
(1628848785, 8833606, 3165835755, "Lourdes", "Ortega", "99 Greenrose Street Romeoville, IL 60446"),
(1777765782, 2315017, 3144306451, "Pascual", "Vega", "33 Poor House St. Laurel, MD 20707"),
(1176151246, 4353781, 3038258802, "Alipio", "Rey", "8849 San Pablo Dr. Lawndale, CA 90260"),
(1344743623, 3833547, 3181420048, "Pancracio", "Delgado", "636 2nd Avenue Battle Ground, WA 98604"),
(1764842822, 6710622, 3013854523, "Natalia", "Velasco", "898 S. Smith Court Valrico, FL 33594"),
(1733416013, 5067308, 3060401575, "Félix", "Martínez", "496 South Lakewood Drive New Orleans, LA 70115"),
(1057756378, 4346728, 3015851833, "Demócrito", "Cruz", "8291 Brickell Avenue Meadville, PA 16335"),
(1764130062, 5778526, 3074607583, "Fidel", "Vicente", "362 Harrison St. Pittsburgh, PA 15206"),
(1342820130, 0811384, 3002720251, "Casiano", "Gutiérrez", "936 Helen Court Trussville, AL 35173"),
(1575357454, 6731642, 3106683448, "Pedro", "Sanz", "54 South Fawn St. Perkasie, PA 18944"),
(1388421732, 1821367, 3171482837, "Renato", "Romero", "4 Griffin Ave. Wallingford, CT 06492"),
(1710610174, 5208578, 3123464082, "Cesáreo", "Arias", "20 East Street Waltham, MA 02453"),
(1625672744, 8574213, 3083535871, "Mario", "Parra", "895 Westminster Court Deerfield, IL 60015"),
(1473311731, 7640038, 3118154512, "Lorenzo", "Lorenzo", "9403 Coffee Ave. Suffolk, VA 23434"),
(1606108122, 5082527, 3010335525, "Anna", "Caballero", "8536 Woodside Rd. Saint Petersburg, FL 33702"),
(1278148341, 6363460, 3108403410, "Guadalupe", "Herrera", "8550 Sulphur Springs St. Kings Mountain, NC 28086"),
(1732800305, 1442824, 3120775840, "Ifigenia", "Arias", "7585 E. Garden Court Holland, MI 49423"),
(1715826213, 5036301, 3065828121, "Eduvigis", "Santos", "892 Corona St. Winter Haven, FL 33880"),
(1842385617, 8807417, 3102140248, "Natividad", "Ortiz", "776 Ridge Dr. Fargo, ND 58102"),
(1718627800, 6462244, 3007747722, "Poncio", "Pastor", "8870 Morris St. Cape Coral, FL 33904"),
(1012784887, 1474572, 3102572580, "Hilarión", "Molina", "37 N. Shirley St. Palatine, IL 60067"),
(1433770506, 3048867, 3020184481, "Benedicto", "Vázquez", "917 Coffee Court Canal Winchester, OH 43110"),
(1363540631, 2355527, 3142803820, "Tomás", "Santana", "131 Jefferson St. Depew, NY 14043"),
(1073074057, 3665422, 3016184223, "Epifanía", "Díez", "486 Orange Ave. Reynoldsburg, OH 43068"),
(1710481552, 6676663, 3174763454, "Aureliano", "Calvo", "8055 Amherst St. Hermitage, TN 37076"),
(1512408506, 2026352, 3021785868, "Rita", "Moya", "523 Orchard Lane Potomac, MD 20854"),
(1554427456, 4585835, 3080758687, "Priscila", "Esteban", "7229 Atlantic Street Amsterdam, NY 12010"),
(1783260778, 0367064, 3043483337, "Antero", "Torres", "29 New Saddle Lane Centreville, VA 20120"),
(1040061368, 0180717, 3176283761, "Xavier", "Arias", "26 53rd Street Suite 49 "),
(1331143147, 0274746, 3108857047, "Baldomero", "Ramos", "Framingham, MA 01701349 E. Glenholme Lane "),
(1633576666, 4571462, 3087266238, "Jaume", "Fuentes", "Winter Haven, FL 338809991 Carson St. "),
(1500502424, 3708844, 3123208718, "Dolores", "Blanco", "Independence, KY 410511 Del Monte Street "),
(1127702534, 5138807, 3027854515, "Iván", "Santana", "Hackensack, NJ 0760127 Broad Dr. "),
(1563134853, 2587558, 3070083634, "Virgilio", "Ruiz", "Madison Heights, MI 480718484 Rockland Street "),
(1182374782, 4300546, 3076603050, "Rubén", "Guerrero", "Miami Gardens, FL 3305655 Wall St. "),
(1663144576, 2316142, 3048438242, "Daciano", "Santiago", "Bergenfield, NJ 0762169 Rockville Road "),
(1336836846, 3416486, 3131727661, "Orestes", "Martín", "Woodbridge, VA 221918993 Cobblestone Drive "),
(1741621680, 7230460, 3036365038, "Eulalia", "Sánchez", "Port Richey, FL 346687365 Elizabeth St. "),
(1011313746, 6835788, 3021576882, "Facundo", "López", "Brainerd, MN 56401134 Leatherwood St. "),
(1540433705, 5142363, 3062357678, "Bernabé", "Montoro", "Longview, TX 756044 Greystone Ave. "),
(1536120668, 6708210, 3054323623, "Camilo", "Gómez", "Defiance, OH 435128107 Warren Court "),
(1586370516, 5288525, 3148207067, "Inés", "Nieto", "Torrington, CT 067909 Thatcher St. "),
(1621117638, 7702800, 3071026655, "Nieves", "Ramos", "Decatur, GA 300309502 S. St Margarets Drive "),
(1885785884, 0583884, 3026106157, "Marcelino", "Medina", "Hopewell Junction, NY 12533566 North Garfield Drive "),
(1716571407, 4655811, 3148505257, "Victorino", "Carmona", "Sterling, VA 20164201 Orchard Drive "),
(1456338187, 4702470, 3103243800, "Octavio", "León", "Knoxville, TN 379189650 East Sleepy Hollow St. "),
(1478140186, 2103337, 3070555507, "Adán", "Ramos", "Colonial Heights, VA 2383489 Saxton St. "),
(1061274130, 5128462, 3115018773, "Odón", "Domínguez", "Providence, RI 029049949 Tarkiln Hill Street "),
(1533535170, 8408322, 3167208700, "Vladimiro", "Rey", "Columbia, MD 21044128 South Military St. "),
(1667051482, 2513366, 3168056678, "Blanca", "López", "Buckeye, AZ 8532667 South Riverview Lane "),
(1550853078, 2507334, 3118864282, "Casio", "Pastor", "Homestead, FL 33030101 Oklahoma Rd. "),
(1817181701, 3400226, 3178050656, "Dámaso", "Castro", "Woodside, NY 113777386 La Sierra Street "),
(1556857166, 3113335, 3061466103, "Oscar", "Benítez", "Moorhead, MN 56560612 S. Hilldale Street "),
(1836778856, 7354320, 3145520507, "Juvenal", "López", "Waterloo, IA 5070198 St Louis St. "),
(1336268676, 0768574, 3151017867, "Elisa", "Gómez", "Quincy, MA 02169387 South Winchester Court "),
(1687252220, 3218110, 3018301467, "Borja", "Rey", "Windsor Mill, MD 2124424 SW. Roehampton Court "),
(1465458745, 0088350, 3043655182, "Evaristo", "Morales", "Fairmont, WV 2655419 Durham Court "),
(1062051512, 0886447, 3050671204, "Arturo", "Pérez", "Woonsocket, RI 028959048 Euclid Ave. "),
(1476872734, 2015388, 3100682134, "Honorio", "Reyes", "Atlantic City, NJ 08401765 North Purple Finch Dr. "),
(1146517147, 8885717, 3181823554, "Luis", "Rubio", "El Dorado, AR 71730361 Prairie Dr. "),
(1885102628, 0687181, 3108540844, "Honorio", "Ortiz", "Milwaukee, WI 532044 Sugar Rd. "),
(1141620351, 3700201, 3073075581, "Carmen", "Blesa", "Westwood, NJ 07675645 Roberts Ave. "),
(1137438516, 0102611, 3112670614, "Esiquio", "Delgado", "Indiana, PA 1570175 Division Court "),
(1467637666, 2011626, 3044508847, "Adela", "Rubio", "Chicago, IL 60621463 Academy Court "),
(1810540653, 3033666, 3138228726, "Tadeo", "Méndez", "Honolulu, HI 9681571 Vernon Rd. "),
(1775184557, 2063158, 3171242408, "Cesáreo", "Caballero", "La Crosse, WI 546019310 George Dr. "),
(1424624014, 1707236, 3158077641, "Atanasio", "Vargas", "Campbell, CA 950083 West Vermont Drive "),
(1316666638, 6812173, 3165317641, "Efrén", "Cruz", "Bountiful, UT 840108305 Edgewood Lane "),
(1700773464, 3833808, 3136052765, "Juvenal", "Giménez", "Worcester, MA 0160433 North Cobblestone Ave. "),
(1578771680, 0847887, 3026826235, "Ascensión", "Pérez", "Philadelphia, PA 1911197 Thorne Street "),
(1245266303, 6285178, 3037587750, "Sixto", "Santiago", "Kenosha, WI 5314085 Wild Horse Avenue "),
(1625104113, 6087500, 3105382207, "Donato", "Cruz", "Zanesville, OH 43701808 Amerige Drive "),
(1017205288, 6230283, 3072707555, "Rebeca", "Santos", "Calumet City, IL 604098386 Smith Store St. "),
(1400323816, 7766234, 3077341362, "Sandra", "Santiago", "New Lenox, IL 604519 Windfall Rd. "),
(1113734316, 2858860, 3161007284, "Marcos", "Giménez", "Youngstown, OH 445121 Newport Ave. "),
(1150812126, 1304726, 3027673720, "Anastasia", "Ortega", "Alliance, OH 446017472 Bay St. "),
(1008366631, 4547242, 3176665384, "Fausto", "Molina", "Fernandina Beach, FL 32034966 North Cedar Road "),
(1648037304, 3751116, 3033665035, "Aurora", "Ibáñez", "Millington, TN 3805369 Trusel Ave. "),
(1420142571, 3485376, 3073526137, "Marina", "Sánchez", "Lapeer, MI 484467835 Rockwell St. "),
(1566413108, 2545346, 3021024478, "Alonso", "Ramos", "Little Falls, NJ 074247272 Front Street "),
(1344120674, 8628683, 3078313476, "Jeremías", "Vázquez", "Downers Grove, IL 605159365 Griffin Avenue "),
(1486866371, 1227608, 3032124682, "Ángel", "León", "Mount Laurel, NJ 08054535 Theatre Dr. "),
(1017037031, 5545132, 3075853517, "Luis", "García", "Maryville, TN 37803622 Bradford Street "),
(1111517365, 6052430, 3078662084, "Vladimiro", "Méndez", "Stroudsburg, PA 183607817 Armstrong St. "),
(1878827761, 2301620, 3162878826, "Esther", "Navarro", "Mesa, AZ 852039874 Deerfield Ave. "),
(1677647528, 4336565, 3178224530, "Purificación", "Torres", "Parsippany, NJ 07054580 Fawn Drive "),
(1754268752, 8644242, 3121262034, "Calixto", "Sanz", "Severn, MD 21144127 Berkshire Ave. "),
(1750280504, 6631303, 3034581324, "Isabel", "Hidalgo", "Warren, MI 480897054 Old Trout Ave. "),
(1687481683, 0410815, 3155853634, "Urbano", "Benítez", "New Milford, CT 0677628 NE. High Ridge Street "),
(1088482700, 4208024, 3167732770, "Francisca", "Garrido", "Lincolnton, NC 28092447 West Southampton Ave. "),
(1816143086, 3608151, 3073088352, "Lorena", "Moreno", "Bemidji, MN 56601287 Edgewood St. "),
(1684613658, 2055165, 3072151382, "Isaías", "Prieto", "Hixson, TN 3734324 West Inverness St. "),
(1724858723, 3118736, 3045085746, "Esiquio", "Santana", "Thomasville, NC 27360101 Primrose St. "),
(1670415638, 4105821, 3080804550, "Jaime", "Delgado", "Delray Beach, FL 33445587 West Armstrong Ave. "),
(1011420513, 8863877, 3066126770, "Bernardo", "Campos", "Beckley, WV 2580137 West 1st Road "),
(1077376337, 5076227, 3106518700, "Cipriano", "Álvarez", "Acworth, GA 301016 Highland Street "),
(1655880627, 6342580, 3080561155, "Ricardo", "López", "Westminster, MD 211578833 Creekside Drive "),
(1640768667, 6637511, 3104773814, "Liduvina", "Gil", "Shepherdsville, KY 401658392 NE. Rockville Court "),
(1113710440, 8508523, 3018548655, "Jacinto", "Arias", "Desoto, TX 75115273 West Argyle Dr. "),
(1067571623, 0600405, 3140583222, "Alfredo", "Esteban", "Piscataway, NJ 088548225 Howard Lane "),
(1120716843, 8444732, 3008827563, "Esteban", "Martín", "Danbury, CT 068108212 Lawrence St. "),
(1531815135, 8644754, 3132006758, "Casimiro", "Prieto", "Dorchester, MA 0212542 N. Market St. "),
(1023688600, 3677744, 3082474560, "Trinidad", "Hernández", "Hampton, VA 23666890 Chapel Street "),
(1488605611, 8416356, 3151441757, "Luciano", "Hernández", "Hamburg, NY 14075403 Vale Drive "),
(1106216867, 6664210, 3122245533, "Augusto", "Santana", "Dekalb, IL 601159977 Race Ave. "),
(1585178205, 7455634, 3073382144, "Lourdes", "González", "Wilson, NC 2789397 West Wall Road "),
(1656651506, 7742541, 3168108670, "Elisa", "Carmona", "Glendale Heights, IL 601394 Cross Ave. "),
(1515557821, 5738841, 3004333417, "Leonor", "Iglesias", "North Canton, OH 4472090 Squaw Creek Circle "),
(1376771615, 2204614, 3010085387, "César", "Guerrero", "Glendora, CA 91740750 Tunnel St. "),
(1444768135, 8772376, 3186101700, "Ubaldo", "Sáez", "Harlingen, TX 785527581 Indian Spring St. "),
(1277367334, 7331864, 3063586763, "Alejandra", "Castillo", "Macon, GA 31204458 Summer Ave. "),
(1752865205, 5665303, 3176858757, "Primo", "Santana", "Ontario, CA 91762204 Rockwell Street "),
(1370678518, 0456680, 3123668446, "Julián", "Flores", "Caldwell, NJ 070068699 Augusta Street "),
(1662186021, 0421360, 3014046102, "Esther", "Medina", "Warminster, PA 189745 Griffin St. "),
(1103182531, 4282637, 3156640035, "Esteban", "Ortiz", "Emporia, KS 6680183 Del Monte Lane "),
(1775536317, 5852844, 3076202765, "Damián", "Mora", "Twin Falls, ID 8330173 New Street "),
(1206726676, 2208637, 3122713521, "Gema", "Benítez", "Savage, MN 5537892 W. Green Hill Court "),
(1851735512, 2181133, 3126887712, "Eugenio", "Iglesias", "Hickory, NC 2860115 Stonybrook Street "),
(1522372137, 2164466, 3085171335, "Francisca", "Cortés", "Charleston, SC 29406752 Oakland Ave. "),
(1543751126, 3477682, 3157157413, "Miguel", "Gómez", "Beckley, WV 25801449 Fairview Ave. "),
(1717602443, 3036475, 3168513571, "Edmundo", "Santiago", "Longwood, FL 32779657 8th Ave. "),
(1442742157, 3303701, 3052678453, "Bartolomé", "Romero", "Hopkins, MN 553437705 Newport St. "),
(1500236620, 4763242, 3145706674, "Bárbara", "Marín", "Taylor, MI 4818063 West Schoolhouse Dr. "),
(1173710242, 8470626, 3100321308, "Josep", "Ortega", "Thornton, CO 80241832 Ridge Drive "),
(1142248885, 4153605, 3183614202, "Agustín", "Ferrer", "Oakland Gardens, NY 113647706 Division St. "),
(1363102825, 8450563, 3084328861, "Albina", "Soler", "Lake Worth, FL 3346067 Lake Forest Ave. "),
(1650684466, 0165101, 3111855367, "Roque", "Moreno", "Rockford, MI 49341774 Canal Circle "),
(1310557070, 5404107, 3032757838, "Matilde", "Sánchez", "Matthews, NC 28104582 6th Ave. "),
(1082126275, 5702786, 3114484066, "Vicente", "Delgado", "Shrewsbury, MA 015455 East Street "),
(1653305084, 0435564, 3171652827, "Eduardo", "Cano", "Fort Dodge, IA 505017832 Tailwater Ave. "),
(1044888588, 4703573, 3037404182, "Josafat", "Pascual", "Great Falls, MT 59404491 NW. Rock Creek Rd. "),
(1745356211, 5715853, 3006502736, "Augusto", "Sanz", "Fargo, ND 58102104 Foster Street "),
(1467520018, 3683345, 3006474652, "Asunción", "Soto", "Ridgefield, CT 068779678 Broad Street "),
(1657238038, 0025100, 3166446247, "María", "Fernández", "Bardstown, KY 4000485 Newbridge Street "),
(1282100271, 0278826, 3047831140, "Pablo", "Gallardo", "Vernon Hills, IL 600617602 S. Leeton Ridge Drive "),
(1058713061, 7204562, 3182816547, "Isaac", "Santos", "Windermere, FL 347867741 SE. Pendergast Drive "),
(1765401105, 1520672, 3128035482, "Patricia", "Gallardo", "Lakeville, MN 55044447 High Noon Dr. "),
(1130086657, 1848223, 3083586224, "Ángela", "Soto", "Goshen, IN 46526105 Valley View Street "),
(1882031478, 8063226, 3175810863, "Inmaculada", "León", "Fort Walton Beach, FL 325475 Carpenter St. "),
(1083402652, 5163506, 3172131877, "Leoncio", "Herrero", "Mcallen, TX 78501464 Princeton Street "),
(1762836831, 3422782, 3154775564, "Esdras", "Romero", "Redford, MI 482398677 George Dr. "),
(1311225410, 0407465, 3176581178, "Mercedes", "Suárez", "Glenview, IL 600259890 W. Pulaski St. "),
(1245752173, 6665667, 3063512163, "Leoncio", "Caballero", "Clarksville, TN 3704057 Golden Star Ave. "),
(1663873845, 1358630, 3133332563, "Luciano", "Cortés", "Marion, NC 28752216 Beach Lane "),
(1275225576, 6020058, 3046482763, "Godofredo", "Romero", "Levittown, NY 11756305 Roehampton Street "),
(1854470265, 8866444, 3100101426, "Timoteo", "Suárez", "Johnson City, TN 376017140 North Applegate Ave. "),
(1281508385, 4857482, 3135625025, "Rosendo", "Díez", "Palm Beach Gardens, FL 334108958 College Rd. "),
(1254435411, 5252133, 3071641631, "Bernarda", "Román", "Rosedale, NY 11422998 Tailwater Drive "),
(1557414002, 5827518, 3070584223, "Juan", "Campos", "Stoughton, MA 020728081 Beechwood Street "),
(1672511817, 5385173, 3071567808, "Heraclio", "Gil", "Fair Lawn, NJ 07410625 SW. Lower River Rd. "),
(1300334243, 3288254, 3178760203, "Carlos", "Ruiz", "Centreville, VA 20120671 Glenlake Road "),
(1253773543, 5301750, 3011223782, "Dario", "Fuentes", "Anderson, SC 29621667 Mammoth Rd. "),
(1056510588, 2306526, 3064640631, "Urbano", "Parra", "Clarkston, MI 48348723 Marshall Street "),
(1055654700, 4328428, 3153160224, "Roberto", "Campos", "Windsor, CT 06095192 Heather Drive "),
(1884037740, 1838537, 3144058446, "Andrea", "Vicente", "Cedar Rapids, IA 5240247 W. Catherine St. "),
(1666275300, 8822016, 3038683788, "Basileo", "Fuentes", "Davenport, IA 52804999 Gates St. "),
(1712650145, 8382506, 3040260546, "Aarón", "Pastor", "Langhorne, PA 190477638 South Ridgeview Ave. "),
(1640048641, 2553308, 3110574745, "Nemesio", "Cabrera", "Harleysville, PA 194389638 Sleepy Hollow Drive "),
(1004714488, 4222115, 3181163083, "Sansón", "Pastor", "Nazareth, PA 18064399 Joy Ridge Street "),
(1875232711, 1227433, 3115705431, "Leoncio", "Morales", "Roseville, MI 4806674 Plumb Branch Ave. "),
(1631725437, 2065213, 3045538134, "Mauricio", "Cano", "Waterford, MI 483297 Rockville St. "),
(1245215642, 7607808, 3104335735, "Julián", "Montoro", "Allison Park, PA 151018796 Meadow Street "),
(1223620155, 8174551, 3064788451, "Vicente", "Herrero", "Port Washington, NY 11050397 Sutor St. "),
(1518716508, 1228166, 3188017015, "Cayo", "Gil", "Wyoming, MI 4950910 Meadow Rd. "),
(1101405428, 0417745, 3006447407, "Victoria", "Nieto", "Marshalltown, IA 501589239 Devon Street "),
(1006500231, 2157758, 3108667835, "Esdras", "Ibáñez", "Alliance, OH 44601352 3rd Rd. "),
(1271862711, 7025003, 3014227624, "Julia", "Ortega", "Redford, MI 48239221 N. Leeton Ridge Dr. "),
(1408275662, 0746628, 3030375008, "Renato", "Bravo", "Poughkeepsie, NY 12601438 Essex Road "),
(1273108642, 4204861, 3174065802, "Sandra", "Guerrero", "Orchard Park, NY 1412771 Selby Rd. ")
;

insert into funcionario values
(1001446282, "MGTBHGNAMX", "1994-09-26", "O+", "Salud", "Caja de Compensación Familiar COMFENALCO ANTIOQUIA", null),
(1004714488, "KYPFVSLCKN", "1992-08-03", "AB-", "Saludcolombia", "Skandia Administradora de Fondos de Pensiones y Cesantías S.A.", null),
(1006500231, "DFLHMJLDOP", "1971-11-05", "A-", "Sanitas", "Compañía Agrícola de Seguros de Vida S.A.", null),
(1008366631, "YWOMUDCITG", "1993-05-10", "A+", "Cafesalud", "Caja Nacional de Previsión Social - CAJANAL E.I.C.E", null),
(1011313746, "VDFOYRIHQM", "1983-04-14", "O+", "Valle", "Skandia Alternativo", null),
(1011355387, "EISZHULNVJ", "1989-02-25", "A-", "Solsalud", "Compañía Colombiana Administradora de Fondos de Pensiones y Cesantías S.A. COLFONDOS", null),
(1011420513, "BGIJZWJQPB", "1965-11-01", "AB+", "Colpatria", "Aseguradora de Vida Colseguros", null),
(1012784887, "ZFECVXXCLO", "1975-09-14", "B-", "Salud", "Caja de Compensación Familiar Camacol COMFAMILIAR CAMACOL", null),
(1014020822, "VNKUCVGJXV", "1975-11-05", "AB-", "Famisanar", "Caja de Compensación Familiar de Barranquilla COMBARRANQUILLA", null),
(1017037031, "UVDLLZKKAF", "1994-11-09", "AB-", "Colpatria", "Caja de Previsión Social de Los Trabajadores de la Universidad del Cauca", null),
(1017131420, "BELVMUBWGM", "1966-04-16", "O+", "Vivir", "Compañía Suramericana Administradora de Riesgos Profesionales y Seguros de Vida", null),
(1017205288, "WMMAKNOYDH", "1975-11-12", "O+", "Colpatria", "Compañía Agrícola de Seguros de Vida S.A.", null),
(1017651081, "STKSQMSAUG", "1965-11-18", "AB-", "Compensar", "Skandia Alternativo", null),
(1023688600, "VTWQIPMWNF", "1996-10-16", "O+", "Antioquia", "Instituto de Seguros Sociales I.S.S. Pensiones", null),
(1023760387, "IJLQREHCKA", "1972-03-23", "AB-", "EPS", "Seguros de Vida Colpatria S.A.", null),
(1027375887, "UGPTKMRDIQ", "1991-01-06", "B+", "Sanitas", "Sociedad Administradora de Fondos de Pensiones y Cesantías Porvenir S.A.", null),
(1037671513, "HHLNUOBNCQ", "1998-05-21", "AB-", "Saludvida", "Caja de Compensación Familiar CAJACOPI ATLANTICO", null),
(1040061368, "RKDITTWJBL", "1990-01-24", "A-", "Convida", "Liberty Seguros de Vida", null),
(1044888588, "JPYYPBNIRE", "1995-11-21", "B-", "Convida", "Caja de Compensación Familiar Camacol COMFAMILIAR CAMACOL", null),
(1054312534, "OZDXLMFZAS", "1984-07-10", "B-", "Colmena", "CIA. de Seguros Bolívar S.A.", null),
(1055654700, "IJXNLBQCML", "1991-03-12", "A+", "Selvasalud", "Pensiones de Antioquia", null),
(1056510588, "TDDNSFXMXJ", "1970-03-02", "A+", "Colmédica", "La Equidad Seguros de Vida Organismo Cooperativo - La Equidad Vida", null),
(1057756378, "ILPZBAEJSA", "1977-06-16", "B-", "de", "Fondo de Previsión Social del Congreso de la República FonpreconP", null),
(1058713061, "BHKWRFJNCI", "1977-01-05", "A-", "Saludcolombia", "Bbva Horizonte Sociedad Administradora de Fondos de Pensiones y de Cesantías S.A", null),
(1061274130, "DKDWXUMVKB", "1966-10-05", "AB+", "Cruz", "La Equidad Seguros de Vida Organismo Cooperativo - La Equidad Vida", null),
(1062051512, "CBSWKNVGDR", "1965-07-03", "AB-", "de", "Riesgos Profesionales Colmena S.A Compañía de Seguros de Vida", null),
(1065028680, "GXFIOHJASE", "1975-03-06", "B+", "los", "Compañía Suramericana Administradora de Riesgos Profesionales y Seguros de Vida", null),
(1067571623, "LUDZGPYUZR", "1986-05-03", "AB+", "Humana", "Fondo de solidaridad pensional", null),
(1073074057, "BATXAJUIZI", "1988-07-14", "B+", "S.O.S", "Sociedad Administradora de Fondos de Pensiones y Cesantías Porvenir S.A.", null),
(1077376337, "NFYFUCDWKM", "1994-04-26", "A+", "Sanitas", "La Previsora Vida S.A. Compañía de Seguros", null),
(1082126275, "WTWTGLRMDG", "1975-01-05", "O+", "Solsalud", "Seguros de Vida Colpatria S.A.", null),
(1083402652, "DIMKWBHZYK", "1969-07-16", "A-", "Sanitas", "Fondo de solidaridad pensional", null),
(1085305217, "MBYUWOCBQW", "1974-01-20", "B-", "EPS", "Caja de Compensación Familiar de Barranquilla COMBARRANQUILLA", null),
(1085524644, "SDIOHYKNLI", "1975-06-05", "B+", "Salud", "Fondo de solidaridad pensional", null),
(1088427343, "NHPOCZJQEM", "1991-04-03", "A+", "Capresoca", "Skandia Administradora de Fondos de Pensiones y Cesantías S.A.", null),
(1088482700, "OQDTOBIKTR", "1977-02-11", "B-", "Coomeva", "Caja de Compensación Familiar COMFAMILIAR DEL ATLANTICO", null),
(1101405428, "KBGFTIGVIF", "1978-08-07", "O+", "Caprecom", "Caja de Compensación Familiar COMFAMILIAR DEL ATLANTICO", null),
(1103182531, "EOAXSZSNXJ", "1980-09-26", "B-", "Salud", "Aseguradora de Vida Colseguros", null),
(1103280342, "KHLZTRORUT", "1994-05-10", "A+", "Salud", "Caja de Previsión Social de Comunicaciones -CaprecomP", null),
(1104457435, "KCMYGFGBFI", "1970-01-12", "A-", "de", "Compañía Agrícola de Seguros de Vida S.A.", null),
(1106216867, "FTOAHEGMQI", "1979-04-27", "B+", "EPS", "Caja de Compensación Familiar COMFENALCO ANTIOQUIA", null),
(1111517365, "YWLSVNOKZL", "1997-05-19", "O+", "Antioquia", "Riesgos Profesionales Colmena S.A Compañía de Seguros de Vida", null),
(1113710440, "TMDMFQSNMJ", "1990-01-16", "AB+", "Instituto", "Fondo de solidaridad pensional", null),
(1113734316, "HSLPMHUALS", "1988-11-16", "AB+", "Convida", "Seguros de Vida Alfa S.A.", null),
(1115468148, "VVLFBGPQQH", "1978-06-05", "AB-", "Valle", "La Previsora Vida S.A. Compañía de Seguros", null),
(1120716843, "TCRJLIVYRB", "1973-06-26", "A-", "Famisanar", "Caja de Compensación Familiar de Antioquia COMFAMA", null),
(1127701276, "PMUAOFZWHY", "1979-08-22", "A-", "Solsalud", "Aseguradora de Vida Colseguros", null),
(1127702534, "JNMVLRQPWR", "1971-02-17", "AB-", "Cruz", "Seguros de Vida Alfa S.A.", null),
(1130086657, "XNCPEKLGIO", "1996-03-14", "A-", "Saludvida", "Compañía Colombiana Administradora de Fondos de Pensiones y Cesantías S.A. COLFONDOS", null),
(1135057257, "EOCFHEKMWP", "1983-10-27", "B+", "Famisanar", "Caja de Previsión Social de Comunicaciones -CaprecomP", null),
(1135304113, "VHCVYGQFPP", "1979-04-15", "A+", "Comfenalco", "Instituto de Seguros Sociales I.S.S. Riesgos Profesionales", null),
(1137438516, "CFMEVYDGXN", "1971-06-25", "A+", "Convida", "Compañía Colombiana Administradora de Fondos de Pensiones y Cesantías S.A. COLFONDOS", null),
(1141620351, "JFSGWSVUFE", "1981-06-03", "B+", "Caprecom", "Pensiones de Antioquia", null),
(1142248885, "NEVYGKWORD", "1969-05-09", "AB+", "Blanca", "Fondo de solidaridad pensional", null),
(1146517147, "FOOXNXXQLI", "1969-06-27", "O+", "Total", "La Previsora Vida S.A. Compañía de Seguros", null),
(1150812126, "AUISUMUEOY", "1989-07-03", "B-", "Colpatria", "Aseguradora de Vida Colseguros", null),
(1155136700, "HVZYKHCABV", "1968-06-05", "A+", "Valle", "BBVA Seguros de Vida Colombia S.A", null),
(1156247710, "NSFEDFTBMC", "1964-01-16", "A+", "de", "Pensiones de Antioquia", null),
(1157752512, "SNHWNHOPUP", "1988-05-27", "B+", "ARS", "Caja de Previsión Social de Comunicaciones -CaprecomP", null),
(1158881322, "OOKSOFGSSY", "1986-09-18", "A+", "Salud", "Skandia Alternativo", null),
(1173581525, "UGKUTAOYCL", "1983-09-21", "A+", "Seguros", "Caja de Previsión Social de Los Trabajadores de la Universidad del Cauca", null),
(1173710242, "JSRKUOGIUK", "1967-01-23", "B+", "Famisanar", "Caja de Compensación Familiar de Barranquilla COMBARRANQUILLA", null),
(1175365032, "PNPMHMFYQG", "1991-04-26", "B+", "Blanca", "Caja de Compensación Familiar de Antioquia COMFAMA", null),
(1176151246, "KTPUNKSJCA", "1968-10-01", "A-", "Capresoca", "Compañía Colombiana Administradora de Fondos de Pensiones y Cesantías S.A. COLFONDOS", null),
(1177843304, "KKWOUROCZM", "1983-04-25", "B-", "Vivir", "Seguros de Vida Alfa S.A.", null),
(1181720352, "FHKGDDSXYZ", "1996-10-12", "AB-", "Saludvida", "La Previsora Vida S.A. Compañía de Seguros", null),
(1182374782, "QDBYTYGLIV", "1992-01-22", "O+", "Caprecom", "Liberty Seguros de Vida", null),
(1188757658, "VOMOYPODWO", "1979-02-09", "A-", "Colmena", "Caja de Auxilios y Prestaciones de la Asociación Colombiana de Aviadores Civiles Acdac", null),
(1206726676, "TWEOBWTUBR", "1984-11-22", "A-", "Coomeva", "Skandia Alternativo", null),
(1216312042, "UFGORVKBLX", "1977-04-11", "B-", "Sanitas", "La Previsora Vida S.A. Compañía de Seguros", null),
(1218537022, "YQCHLEKBJN", "1976-11-17", "O+", "de", "Instituto de Seguros Sociales I.S.S. Riesgos Profesionales", null),
(1222251662, "ONKGHIHLNY", "1981-08-04", "O+", "Solsalud", "Caja de Compensación Familiar de Antioquia COMFAMA", null),
(1223620155, "BKBKTCIBGC", "1971-02-08", "O+", "Solsalud", "Compañía Suramericana Administradora de Riesgos Profesionales y Seguros de Vida", null),
(1234582127, "BOKKQQHBEO", "1990-03-12", "AB-", "Capresoca", "Seguros de Vida Colpatria S.A.", null),
(1234725485, "ZOJTCEVZIM", "1998-08-04", "AB+", "Selvasalud", "Compañía Agrícola de Seguros de Vida S.A.", null),
(1245215642, "RETOYPQFUP", "1973-08-05", "B+", "Cafesalud", "Skandia Alternativo", null),
(1245266303, "IPPLLHCIBR", "1979-01-21", "B-", "Solsalud", "Instituto de Seguros Sociales I.S.S. Pensiones", null),
(1245752173, "NEBVJDTCFZ", "1987-11-19", "AB+", "Colmena", "Liberty Seguros de Vida", null),
(1247785710, "NBNFSCUMFY", "1991-06-14", "AB+", "Sanitas", "Caja de Compensación Familiar COMFAMILIAR DEL ATLANTICO", null),
(1253773543, "XMYWWSDKRL", "1970-03-18", "B-", "Caprecom", "Aseguradora de Vida Colseguros", null),
(1254435411, "TKBDUFBYHD", "1990-07-14", "A+", "Instituto", "Caja Nacional de Previsión Social - CAJANAL E.I.C.E", null),
(1271862711, "LUNNEWUZNI", "1972-03-19", "B+", "Cruz", "Compañía Suramericana Administradora de Riesgos Profesionales y Seguros de Vida", null),
(1273108642, "GRMSDAVUNE", "1976-10-27", "A-", "SaludCoop", "Compañía Colombiana Administradora de Fondos de Pensiones y Cesantías S.A. COLFONDOS", null),
(1275225576, "BHMPHKLMNC", "1974-11-25", "AB-", "Salud", "Skandia Alternativo", null),
(1277367334, "CCQEDWZLRL", "1966-10-02", "O+", "Comfenalco", "BBVA Seguros de Vida Colombia S.A", null),
(1277518026, "PAJIBFXCBL", "1990-06-23", "A-", "Vivir", "La Equidad Seguros de Vida Organismo Cooperativo - La Equidad Vida", null),
(1278148341, "CORACSVUJE", "1986-02-03", "A-", "Solsalud", "Caja de Compensación Familiar de Antioquia COMFAMA", null),
(1281383230, "RLSEDHTREU", "1981-11-19", "B-", "Calisalud", "Caja de Previsión Social de Comunicaciones -CaprecomP", null),
(1281508385, "NDGSWMKABH", "1982-01-25", "AB-", "Selvasalud", "Sociedad Administradora de Fondos de Pensiones y Cesantías Porvenir S.A.", null),
(1281518756, "WYEXHGECNA", "1968-09-09", "A-", "Salud", "Aseguradora de Vida Colseguros", null),
(1282100271, "TDPNQNAWAS", "1970-07-22", "AB-", "S.A.", "Compañía Agrícola de Seguros de Vida S.A.", null),
(1282308833, "EIVPANKHKE", "1973-02-10", "AB-", "EPS", "Instituto de Seguros Sociales I.S.S. Riesgos Profesionales", null),
(1300334243, "PXMLAWDBAR", "1979-03-07", "A+", "Comfenalco", "Liberty Seguros de Vida", null),
(1302762734, "ROXPZZOIMZ", "1998-03-27", "B-", "los", "Compañía Colombiana Administradora de Fondos de Pensiones y Cesantías S.A. COLFONDOS", null),
(1310557070, "DESQPJMWRA", "1974-10-26", "B-", "Vivir", "Sociedad Administradora de Fondos de Pensiones y Cesantías Porvenir S.A.", null),
(1311147076, "XTNXYNSGXK", "1986-08-10", "A-", "Sanitas", "BBVA Seguros de Vida Colombia S.A", null),
(1311225410, "QWXQSBGVLH", "1965-05-06", "B-", "EPS", "Compañía Colombiana Administradora de Fondos de Pensiones y Cesantías S.A. COLFONDOS", null),
(1311764813, "CYPKEBHETV", "1994-09-05", "A-", "Selvasalud", "Seguros de Vida del Estado S.A.", null),
(1316666638, "EJJJGEPPEI", "1970-08-20", "AB-", "Salud", "Fondo de solidaridad pensional", null),
(1326820514, "TWHLMFERXC", "1969-06-04", "O+", "Seguros", "Administradora de Fondos de Pensiones y Cesantía Protección S.A.", null),
(1327212124, "KYRZEKEYDK", "1977-02-21", "AB+", "Cruz", "Seguros de Vida del Estado S.A.", null),
(1331143147, "KNOWTKTEXB", "1977-05-04", "B+", "Convida", "Aseguradora de Vida Colseguros", null),
(1336213068, "TBHGWDYFGR", "1978-07-17", "AB-", "Colmena", "Instituto de Seguros Sociales I.S.S. Pensiones", null),
(1336268676, "XPQOQLFMEK", "1990-02-03", "A+", "Antioquia", "La Previsora Vida S.A. Compañía de Seguros", null),
(1336836846, "JFJMTZPOMT", "1987-08-19", "B+", "Selvasalud", "Instituto de Seguros Sociales I.S.S. Riesgos Profesionales", null),
(1342820130, "GBDFWENQPZ", "1982-07-11", "AB-", "Sociales", "Caja de Auxilios y Prestaciones de la Asociación Colombiana de Aviadores Civiles Acdac", null),
(1344120674, "YSFOIWIEGZ", "1988-02-20", "B-", "Saludcolombia", "Fondo de Previsión Social del Congreso de la República FonpreconP", null),
(1344743623, "PECTAQADJM", "1977-08-14", "B+", "Antioquia", "Caja de Compensación Familiar de Antioquia COMFAMA", null),
(1352765716, "LOSYWNKRNU", "1978-03-16", "B-", "Valle", "Caja de Previsión Social de Los Trabajadores de la Universidad del Cauca", null),
(1356203883, "LRJGYBOCBC", "1964-11-26", "A+", "Vivir", "Aseguradora de Vida Colseguros", null),
(1358304603, "QOIJIJGLMS", "1981-04-27", "B+", "Saludvida", "Seguros de Vida Alfa S.A.", null),
(1360111225, "OXMQXHOEDJ", "1992-02-01", "A+", "Seguros", "Compañía Agrícola de Seguros de Vida S.A.", null),
(1361762011, "TXHHYKRVNL", "1992-05-10", "AB-", "Colmédica", "Skandia Administradora de Fondos de Pensiones y Cesantías S.A.", null),
(1363102825, "PRXAGWVAAB", "1980-05-05", "AB+", "Salud", "CIA. de Seguros Bolívar S.A.", null),
(1363540631, "AXAONEHJHL", "1988-09-17", "B-", "Selvasalud", "Caja de Compensación Familiar de Antioquia COMFAMA", null),
(1370678518, "NHVGRUTWUP", "1992-04-04", "AB-", "Colpatria", "Caja de Compensación Familiar COMFAMILIAR DEL ATLANTICO", null),
(1375133888, "NSVJBPUJER", "1964-07-25", "B+", "Comfenalco", "Liberty Seguros de Vida", null),
(1376771615, "FXRRVBDDZO", "1972-01-15", "AB-", "Solsalud", "Instituto de Seguros Sociales I.S.S. Riesgos Profesionales", null),
(1380021251, "WNKMKDHUEK", "1983-10-07", "B+", "S.O.S", "Instituto de Seguros Sociales I.S.S. Riesgos Profesionales", null),
(1382141544, "PACEOEGBXU", "1965-06-07", "B-", "EPS", "Liberty Seguros de Vida", null),
(1382483310, "NGYVKWZXUK", "1997-09-20", "O+", "Antioquia", "CIA. de Seguros Bolívar S.A.", null),
(1388421732, "ITMFWYEPJZ", "1990-03-20", "A-", "Coomeva", "Riesgos Profesionales Colmena S.A Compañía de Seguros de Vida", null),
(1400323816, "VRRARHDLSF", "1986-11-14", "B-", "Comfenalco", "Fondo de Previsión Social del Congreso de la República FonpreconP", null),
(1408275662, "UCEACEIFLZ", "1997-03-03", "B+", "Valle", "Caja de Compensación Familiar de Barranquilla COMBARRANQUILLA", null),
(1410180863, "ITJOQYCVZE", "1980-02-14", "B-", "Cruz", "La Previsora Vida S.A. Compañía de Seguros", null),
(1420142571, "UHDRDAJQOP", "1969-10-14", "B+", "Convida", "BBVA Seguros de Vida Colombia S.A", null),
(1424624014, "KPJGVOIJKU", "1965-06-04", "AB+", "Selvasalud", "Compañía de Seguros de Vida Aurora", null),
(1431716417, "RARXNQNCXC", "1992-07-06", "A-", "Saludvida", "Fondos de Pensiones y Cesantía Santander S.A.", null),
(1433770506, "QRFCNWJYHF", "1988-10-21", "B-", "Selvasalud", "Compañía Central de Seguros de Vida S.A.", null),
(1437386203, "DWCZQBBNDQ", "1984-09-08", "B-", "EPS", "Instituto de Seguros Sociales I.S.S. Pensiones", null),
(1442742157, "GLROVMEUKD", "1994-01-09", "AB+", "Calisalud", "Seguros de Vida Alfa S.A.", null),
(1444768135, "LKFUIHQCDJ", "1985-09-18", "B-", "Salud", "Seguros de Vida Colpatria S.A.", null),
(1453451840, "TKFMPZVEUM", "1986-05-26", "AB-", "Salud", "Caja de Compensación Familiar COMFENALCO ANTIOQUIA", null),
(1456338187, "COTHWNXORI", "1968-10-23", "AB+", "Saludvida", "Fondo de Previsión Social del Congreso de la República FonpreconP", null),
(1458518707, "DAWCENGLFP", "1998-05-05", "A+", "Solsalud", "Seguros de Vida Colpatria S.A.", null),
(1465458745, "AUIEHMSIIA", "1977-08-17", "A-", "Humana", "Fondo de solidaridad pensional", null),
(1467520018, "HVWXDBVNNT", "1989-06-07", "A+", "Capresoca", "Instituto de Seguros Sociales I.S.S. Pensiones", null),
(1467637666, "JJGXPWADSH", "1978-08-27", "AB-", "ARS", "Caja de Compensación Familiar de Antioquia COMFAMA", null),
(1470247865, "QBNKLCZNKG", "1964-02-07", "AB+", "Antioquia", "Pensiones de Antioquia", null),
(1473311731, "OOXWGGAMFD", "1998-09-14", "O+", "Seguros", "Liberty Seguros de Vida", null),
(1476783638, "KCMJPCLHYO", "1967-08-21", "AB+", "Solsalud", "Instituto de Seguros Sociales I.S.S. Pensiones", null),
(1476872734, "SXXCAIEAOY", "1978-03-07", "AB+", "Salud", "Administradora de Fondos de Pensiones y Cesantía Protección S.A.", null),
(1478140186, "KCTJSHILDA", "1990-06-25", "A+", "Cafesalud", "Caja de Compensación Familiar COMFAMILIAR DEL ATLANTICO", null),
(1483706841, "JKGOCDJRBH", "1966-08-26", "B-", "Calisalud", "Caja de Previsión Social de Comunicaciones -CaprecomP", null),
(1486866371, "TTYBDGUCGX", "1996-04-25", "B-", "los", "La Equidad Seguros de Vida Organismo Cooperativo - La Equidad Vida", null),
(1488605611, "KPOWXBLTBN", "1966-08-24", "A-", "Colpatria", "Compañía Agrícola de Seguros de Vida S.A.", null),
(1500236620, "NPCXYOAPHY", "1977-08-23", "O+", "Cafesalud", "Caja de Compensación Familiar COMFENALCO ANTIOQUIA", null),
(1500502424, "LVWXDWFNHE", "1984-10-21", "AB-", "Colmédica", "Caja de Auxilios y Prestaciones de la Asociación Colombiana de Aviadores Civiles Acdac", null),
(1503600810, "MMZUSVBXOK", "1990-03-15", "O+", "Selvasalud", "Seguros de Vida Colpatria S.A.", null),
(1505746872, "PNIBSESLZC", "1977-08-08", "A+", "Cafesalud", "Caja de Previsión Social de Comunicaciones -CaprecomP", null),
(1512408506, "FGVCYEXNLE", "1971-03-09", "B+", "Comfenalco", "Caja de Compensación Familiar CAJACOPI ATLANTICO", null),
(1515557821, "IZJIDQBSHJ", "1967-06-08", "A+", "Selvasalud", "BBVA Seguros de Vida Colombia S.A", null),
(1516861852, "TZPPLLBOIM", "1980-11-01", "A+", "Salud", "Riesgos Profesionales Colmena S.A Compañía de Seguros de Vida", null),
(1518716508, "RXVIEOHUYW", "1979-05-07", "A-", "Colmédica", "Seguros de Vida Colpatria S.A.", null),
(1522372137, "SIPZVZGDQC", "1970-01-02", "A+", "ARS", "Caja de Previsión Social de Comunicaciones -CaprecomP", null),
(1531815135, "ZKQWMSYGEE", "1979-10-26", "AB+", "Coomeva", "La Previsora Vida S.A. Compañía de Seguros", null),
(1533535170, "PPVKLLWFRH", "1965-04-17", "A+", "Seguros", "Instituto de Seguros Sociales I.S.S. Pensiones", null),
(1536120668, "UCGGMCMKRR", "1969-07-17", "AB+", "EPS", "Fondo de solidaridad pensional", null),
(1540433705, "LCIAZHGNPU", "1988-05-02", "A+", "Blanca", "Fondo de Previsión Social del Congreso de la República FonpreconP", null),
(1541200527, "YBBRWZOXLA", "1966-07-10", "B+", "Saludvida", "Compañía Suramericana Administradora de Riesgos Profesionales y Seguros de Vida", null),
(1543751126, "QUMVHLVEOE", "1973-06-07", "AB-", "Calisalud", "Caja de Compensación Familiar CAJACOPI ATLANTICO", null),
(1546000646, "KBZTVQSECD", "1974-09-10", "AB-", "Humana", "Instituto de Seguros Sociales I.S.S. Riesgos Profesionales", null),
(1550853078, "PJXBTSJHGO", "1991-08-22", "O+", "Valle", "Compañía Suramericana Administradora de Riesgos Profesionales y Seguros de Vida", null),
(1554427456, "ZWKYMCIWES", "1998-01-16", "O+", "EPS", "Liberty Seguros de Vida", null),
(1554570153, "KDUYEPVKNB", "1964-06-12", "B-", "Salud", "Sociedad Administradora de Fondos de Pensiones y Cesantías Porvenir S.A.", null),
(1555155273, "FWFHCZWILG", "1981-03-06", "AB+", "Humana", "Caja de Previsión Social de Los Trabajadores de la Universidad del Cauca", null),
(1556051477, "IQDKOCCIGZ", "1983-04-19", "B+", "SaludCoop", "Instituto de Seguros Sociales I.S.S. Pensiones", null),
(1556857166, "NNLCQJTJYD", "1986-07-11", "AB-", "Vivir", "BBVA Seguros de Vida Colombia S.A", null),
(1557414002, "ACGZWORJDY", "1977-07-07", "AB-", "Salud", "Liberty Seguros de Vida", null),
(1560534351, "MBGYLJSYPK", "1965-06-24", "B-", "S.A.", "Caja de Compensación Familiar CAJACOPI ATLANTICO", null),
(1563134853, "HLTBGAPIEV", "1986-05-05", "A-", "Colmena", "Seguros de Vida del Estado S.A.", null),
(1566413108, "EUKHMUEEQM", "1970-09-05", "O+", "Colmédica", "CIA. de Seguros Bolívar S.A.", null),
(1566883111, "LCZAJWYVVT", "1979-06-10", "A+", "Valle", "Aseguradora de Vida Colseguros", null),
(1575357454, "OCOJXVVUOE", "1967-05-01", "A-", "Solsalud", "Caja de Previsión Social de Comunicaciones -CaprecomP", null),
(1578771680, "HPSWMCGBQS", "1969-05-20", "B-", "Blanca", "Caja de Compensación Familiar Camacol COMFAMILIAR CAMACOL", null),
(1582001833, "HFBCJUURBD", "1987-07-06", "A+", "Total", "CIA. de Seguros Bolívar S.A.", null),
(1585178205, "RCCEBVUDCG", "1979-10-04", "AB-", "Cruz", "Compañía Colombiana Administradora de Fondos de Pensiones y Cesantías S.A. COLFONDOS", null),
(1586370516, "XODLPJGKWS", "1966-01-22", "B-", "Colmena", "Caja de Compensación Familiar Camacol COMFAMILIAR CAMACOL", null),
(1602217878, "DEYKPABWNO", "1984-06-15", "O+", "Capresoca", "Caja Nacional de Previsión Social - CAJANAL E.I.C.E", null),
(1606108122, "YNPIXNHXZM", "1970-02-16", "O+", "Coomeva", "Caja de Compensación Familiar Camacol COMFAMILIAR CAMACOL", null),
(1606248327, "FRKJTNGNHK", "1971-03-07", "B+", "Convida", "Skandia Administradora de Fondos de Pensiones y Cesantías S.A.", null),
(1607512506, "AKSCAUMDBQ", "1992-04-15", "AB-", "Instituto", "La Equidad Seguros de Vida Organismo Cooperativo - La Equidad Vida", null),
(1608363552, "XHQQWNTVYS", "1987-08-11", "AB+", "EPS", "Skandia Administradora de Fondos de Pensiones y Cesantías S.A.", null),
(1612578714, "NMJGGXAWJX", "1976-03-27", "AB+", "Saludvida", "Caja Nacional de Previsión Social - CAJANAL E.I.C.E", null),
(1612824655, "YXLLJPTDEV", "1990-01-25", "O+", "Solsalud", "Caja de Compensación Familiar Camacol COMFAMILIAR CAMACOL", null),
(1617684338, "AYICXBHVNN", "1985-08-07", "A-", "los", "Compañía Agrícola de Seguros de Vida S.A.", null),
(1618127014, "YKFVKTPUCO", "1964-05-01", "O+", "S.A.", "Caja Nacional de Previsión Social - CAJANAL E.I.C.E", null),
(1621117638, "JWBFAQYICX", "1969-10-11", "B+", "Antioquia", "BBVA Seguros de Vida Colombia S.A", null),
(1625104113, "ISIHUBRPMR", "1988-02-03", "AB+", "Comfenalco", "Compañía Colombiana Administradora de Fondos de Pensiones y Cesantías S.A. COLFONDOS", null),
(1625672744, "YAAYGZYMVY", "1997-02-07", "AB-", "Salud", "Caja de Compensación Familiar COMFENALCO ANTIOQUIA", null),
(1628848785, "JZVTIUYPMS", "1982-02-24", "B-", "Humana", "Skandia Administradora de Fondos de Pensiones y Cesantías S.A.", null),
(1631725437, "RWEXZSDJCF", "1994-08-05", "A-", "Saludvida", "Administradora de Fondos de Pensiones y Cesantía Protección S.A.", null),
(1633576666, "EYCNLZPNOK", "1965-03-20", "A-", "Cruz", "Compañía Colombiana Administradora de Fondos de Pensiones y Cesantías S.A. COLFONDOS", null),
(1635142387, "YNXINEWLDF", "1993-03-06", "A-", "Colpatria", "Seguros de Vida Alfa S.A.", null),
(1640048641, "BWJFUMRFGZ", "1984-10-22", "A-", "Salud", "Caja Nacional de Previsión Social - CAJANAL E.I.C.E", null),
(1640768667, "GONZOYIFJT", "1987-01-09", "B-", "Selvasalud", "Compañía de Seguros de Vida Aurora", null),
(1641600842, "XNAZCDEQNN", "1975-07-11", "B+", "Salud", "Caja de Auxilios y Prestaciones de la Asociación Colombiana de Aviadores Civiles Acdac", null),
(1646714143, "ZZFYBMMKIS", "1970-07-16", "A+", "Comfenalco", "Seguros de Vida Alfa S.A.", null),
(1648037304, "QVCXSRJEBT", "1970-06-20", "A+", "Comfenalco", "Sociedad Administradora de Fondos de Pensiones y Cesantías Porvenir S.A.", null),
(1648760080, "XWJIBYAVGJ", "1971-05-12", "A-", "Coomeva", "Instituto de Seguros Sociales I.S.S. Pensiones", null)
;

insert into gerente values
(1001446282),
(1004714488),
(1006500231),
(1008366631),
(1011313746),
(1011355387),
(1011420513),
(1012784887),
(1014020822),
(1017037031),
(1017131420),
(1017205288),
(1017651081),
(1023688600),
(1023760387),
(1027375887),
(1037671513),
(1040061368),
(1044888588),
(1054312534),
(1055654700),
(1056510588),
(1057756378),
(1058713061),
(1061274130),
(1062051512),
(1065028680),
(1067571623),
(1073074057),
(1077376337),
(1082126275),
(1083402652),
(1085305217),
(1085524644),
(1088427343),
(1088482700),
(1101405428),
(1103182531),
(1103280342),
(1104457435),
(1106216867),
(1111517365),
(1113710440),
(1113734316),
(1115468148),
(1120716843),
(1127701276),
(1127702534),
(1130086657),
(1135057257)
;

UPDATE funcionario set fun_ger_fun_per_cedula = 1001446282 where fun_per_cedula = 1135304113;
UPDATE funcionario set fun_ger_fun_per_cedula = 1004714488 where fun_per_cedula = 1137438516;
UPDATE funcionario set fun_ger_fun_per_cedula = 1006500231 where fun_per_cedula = 1141620351;
UPDATE funcionario set fun_ger_fun_per_cedula = 1008366631 where fun_per_cedula = 1142248885;
UPDATE funcionario set fun_ger_fun_per_cedula = 1011313746 where fun_per_cedula = 1146517147;
UPDATE funcionario set fun_ger_fun_per_cedula = 1011355387 where fun_per_cedula = 1150812126;
UPDATE funcionario set fun_ger_fun_per_cedula = 1011420513 where fun_per_cedula = 1155136700;
UPDATE funcionario set fun_ger_fun_per_cedula = 1012784887 where fun_per_cedula = 1156247710;
UPDATE funcionario set fun_ger_fun_per_cedula = 1014020822 where fun_per_cedula = 1157752512;
UPDATE funcionario set fun_ger_fun_per_cedula = 1017037031 where fun_per_cedula = 1158881322;
UPDATE funcionario set fun_ger_fun_per_cedula = 1017131420 where fun_per_cedula = 1173581525;
UPDATE funcionario set fun_ger_fun_per_cedula = 1017205288 where fun_per_cedula = 1173710242;
UPDATE funcionario set fun_ger_fun_per_cedula = 1017651081 where fun_per_cedula = 1175365032;
UPDATE funcionario set fun_ger_fun_per_cedula = 1023688600 where fun_per_cedula = 1176151246;
UPDATE funcionario set fun_ger_fun_per_cedula = 1023760387 where fun_per_cedula = 1177843304;
UPDATE funcionario set fun_ger_fun_per_cedula = 1027375887 where fun_per_cedula = 1181720352;
UPDATE funcionario set fun_ger_fun_per_cedula = 1037671513 where fun_per_cedula = 1182374782;
UPDATE funcionario set fun_ger_fun_per_cedula = 1040061368 where fun_per_cedula = 1188757658;
UPDATE funcionario set fun_ger_fun_per_cedula = 1044888588 where fun_per_cedula = 1206726676;
UPDATE funcionario set fun_ger_fun_per_cedula = 1054312534 where fun_per_cedula = 1216312042;
UPDATE funcionario set fun_ger_fun_per_cedula = 1055654700 where fun_per_cedula = 1218537022;
UPDATE funcionario set fun_ger_fun_per_cedula = 1056510588 where fun_per_cedula = 1222251662;
UPDATE funcionario set fun_ger_fun_per_cedula = 1057756378 where fun_per_cedula = 1223620155;
UPDATE funcionario set fun_ger_fun_per_cedula = 1058713061 where fun_per_cedula = 1234582127;
UPDATE funcionario set fun_ger_fun_per_cedula = 1061274130 where fun_per_cedula = 1234725485;
UPDATE funcionario set fun_ger_fun_per_cedula = 1062051512 where fun_per_cedula = 1245215642;
UPDATE funcionario set fun_ger_fun_per_cedula = 1065028680 where fun_per_cedula = 1245266303;
UPDATE funcionario set fun_ger_fun_per_cedula = 1067571623 where fun_per_cedula = 1245752173;
UPDATE funcionario set fun_ger_fun_per_cedula = 1073074057 where fun_per_cedula = 1247785710;
UPDATE funcionario set fun_ger_fun_per_cedula = 1077376337 where fun_per_cedula = 1253773543;
UPDATE funcionario set fun_ger_fun_per_cedula = 1082126275 where fun_per_cedula = 1254435411;
UPDATE funcionario set fun_ger_fun_per_cedula = 1083402652 where fun_per_cedula = 1271862711;
UPDATE funcionario set fun_ger_fun_per_cedula = 1085305217 where fun_per_cedula = 1273108642;
UPDATE funcionario set fun_ger_fun_per_cedula = 1085524644 where fun_per_cedula = 1275225576;
UPDATE funcionario set fun_ger_fun_per_cedula = 1088427343 where fun_per_cedula = 1277367334;
UPDATE funcionario set fun_ger_fun_per_cedula = 1088482700 where fun_per_cedula = 1277518026;
UPDATE funcionario set fun_ger_fun_per_cedula = 1101405428 where fun_per_cedula = 1278148341;
UPDATE funcionario set fun_ger_fun_per_cedula = 1103182531 where fun_per_cedula = 1281383230;
UPDATE funcionario set fun_ger_fun_per_cedula = 1103280342 where fun_per_cedula = 1281508385;
UPDATE funcionario set fun_ger_fun_per_cedula = 1104457435 where fun_per_cedula = 1281518756;
UPDATE funcionario set fun_ger_fun_per_cedula = 1106216867 where fun_per_cedula = 1282100271;
UPDATE funcionario set fun_ger_fun_per_cedula = 1111517365 where fun_per_cedula = 1282308833;
UPDATE funcionario set fun_ger_fun_per_cedula = 1113710440 where fun_per_cedula = 1300334243;
UPDATE funcionario set fun_ger_fun_per_cedula = 1113734316 where fun_per_cedula = 1302762734;
UPDATE funcionario set fun_ger_fun_per_cedula = 1115468148 where fun_per_cedula = 1310557070;
UPDATE funcionario set fun_ger_fun_per_cedula = 1120716843 where fun_per_cedula = 1311147076;
UPDATE funcionario set fun_ger_fun_per_cedula = 1127701276 where fun_per_cedula = 1311225410;
UPDATE funcionario set fun_ger_fun_per_cedula = 1127702534 where fun_per_cedula = 1311764813;
UPDATE funcionario set fun_ger_fun_per_cedula = 1130086657 where fun_per_cedula = 1316666638;
UPDATE funcionario set fun_ger_fun_per_cedula = 1135057257 where fun_per_cedula = 1326820514;
UPDATE funcionario set fun_ger_fun_per_cedula = 1085305217 where fun_per_cedula = 1327212124;
UPDATE funcionario set fun_ger_fun_per_cedula = 1106216867 where fun_per_cedula = 1331143147;
UPDATE funcionario set fun_ger_fun_per_cedula = 1088427343 where fun_per_cedula = 1336213068;
UPDATE funcionario set fun_ger_fun_per_cedula = 1113734316 where fun_per_cedula = 1336268676;
UPDATE funcionario set fun_ger_fun_per_cedula = 1023688600 where fun_per_cedula = 1336836846;
UPDATE funcionario set fun_ger_fun_per_cedula = 1017205288 where fun_per_cedula = 1342820130;
UPDATE funcionario set fun_ger_fun_per_cedula = 1113710440 where fun_per_cedula = 1344120674;
UPDATE funcionario set fun_ger_fun_per_cedula = 1008366631 where fun_per_cedula = 1344743623;
UPDATE funcionario set fun_ger_fun_per_cedula = 1017651081 where fun_per_cedula = 1352765716;
UPDATE funcionario set fun_ger_fun_per_cedula = 1130086657 where fun_per_cedula = 1356203883;
UPDATE funcionario set fun_ger_fun_per_cedula = 1011420513 where fun_per_cedula = 1358304603;
UPDATE funcionario set fun_ger_fun_per_cedula = 1073074057 where fun_per_cedula = 1360111225;
UPDATE funcionario set fun_ger_fun_per_cedula = 1127701276 where fun_per_cedula = 1361762011;
UPDATE funcionario set fun_ger_fun_per_cedula = 1083402652 where fun_per_cedula = 1363102825;
UPDATE funcionario set fun_ger_fun_per_cedula = 1055654700 where fun_per_cedula = 1363540631;
UPDATE funcionario set fun_ger_fun_per_cedula = 1101405428 where fun_per_cedula = 1370678518;
UPDATE funcionario set fun_ger_fun_per_cedula = 1130086657 where fun_per_cedula = 1375133888;
UPDATE funcionario set fun_ger_fun_per_cedula = 1023688600 where fun_per_cedula = 1376771615;
UPDATE funcionario set fun_ger_fun_per_cedula = 1127701276 where fun_per_cedula = 1380021251;
UPDATE funcionario set fun_ger_fun_per_cedula = 1004714488 where fun_per_cedula = 1382141544;
UPDATE funcionario set fun_ger_fun_per_cedula = 1130086657 where fun_per_cedula = 1382483310;
UPDATE funcionario set fun_ger_fun_per_cedula = 1130086657 where fun_per_cedula = 1388421732;
UPDATE funcionario set fun_ger_fun_per_cedula = 1065028680 where fun_per_cedula = 1400323816;
UPDATE funcionario set fun_ger_fun_per_cedula = 1011355387 where fun_per_cedula = 1408275662;
UPDATE funcionario set fun_ger_fun_per_cedula = 1017651081 where fun_per_cedula = 1410180863;
UPDATE funcionario set fun_ger_fun_per_cedula = 1023760387 where fun_per_cedula = 1420142571;
UPDATE funcionario set fun_ger_fun_per_cedula = 1040061368 where fun_per_cedula = 1424624014;
UPDATE funcionario set fun_ger_fun_per_cedula = 1083402652 where fun_per_cedula = 1431716417;
UPDATE funcionario set fun_ger_fun_per_cedula = 1103182531 where fun_per_cedula = 1433770506;
UPDATE funcionario set fun_ger_fun_per_cedula = 1054312534 where fun_per_cedula = 1437386203;
UPDATE funcionario set fun_ger_fun_per_cedula = 1044888588 where fun_per_cedula = 1442742157;
UPDATE funcionario set fun_ger_fun_per_cedula = 1055654700 where fun_per_cedula = 1444768135;
UPDATE funcionario set fun_ger_fun_per_cedula = 1057756378 where fun_per_cedula = 1453451840;
UPDATE funcionario set fun_ger_fun_per_cedula = 1120716843 where fun_per_cedula = 1456338187;
UPDATE funcionario set fun_ger_fun_per_cedula = 1040061368 where fun_per_cedula = 1458518707;
UPDATE funcionario set fun_ger_fun_per_cedula = 1006500231 where fun_per_cedula = 1465458745;
UPDATE funcionario set fun_ger_fun_per_cedula = 1113734316 where fun_per_cedula = 1467520018;
UPDATE funcionario set fun_ger_fun_per_cedula = 1067571623 where fun_per_cedula = 1467637666;
UPDATE funcionario set fun_ger_fun_per_cedula = 1113734316 where fun_per_cedula = 1470247865;
UPDATE funcionario set fun_ger_fun_per_cedula = 1037671513 where fun_per_cedula = 1473311731;
UPDATE funcionario set fun_ger_fun_per_cedula = 1017131420 where fun_per_cedula = 1476783638;
UPDATE funcionario set fun_ger_fun_per_cedula = 1061274130 where fun_per_cedula = 1476872734;
UPDATE funcionario set fun_ger_fun_per_cedula = 1017205288 where fun_per_cedula = 1478140186;
UPDATE funcionario set fun_ger_fun_per_cedula = 1057756378 where fun_per_cedula = 1483706841;
UPDATE funcionario set fun_ger_fun_per_cedula = 1073074057 where fun_per_cedula = 1486866371;
UPDATE funcionario set fun_ger_fun_per_cedula = 1061274130 where fun_per_cedula = 1488605611;
UPDATE funcionario set fun_ger_fun_per_cedula = 1103280342 where fun_per_cedula = 1500236620;
UPDATE funcionario set fun_ger_fun_per_cedula = 1111517365 where fun_per_cedula = 1500502424;
UPDATE funcionario set fun_ger_fun_per_cedula = 1082126275 where fun_per_cedula = 1503600810;
UPDATE funcionario set fun_ger_fun_per_cedula = 1008366631 where fun_per_cedula = 1505746872;
UPDATE funcionario set fun_ger_fun_per_cedula = 1014020822 where fun_per_cedula = 1512408506;
UPDATE funcionario set fun_ger_fun_per_cedula = 1044888588 where fun_per_cedula = 1515557821;
UPDATE funcionario set fun_ger_fun_per_cedula = 1017131420 where fun_per_cedula = 1516861852;
UPDATE funcionario set fun_ger_fun_per_cedula = 1044888588 where fun_per_cedula = 1518716508;
UPDATE funcionario set fun_ger_fun_per_cedula = 1115468148 where fun_per_cedula = 1522372137;
UPDATE funcionario set fun_ger_fun_per_cedula = 1103280342 where fun_per_cedula = 1531815135;
UPDATE funcionario set fun_ger_fun_per_cedula = 1055654700 where fun_per_cedula = 1533535170;
UPDATE funcionario set fun_ger_fun_per_cedula = 1017131420 where fun_per_cedula = 1536120668;
UPDATE funcionario set fun_ger_fun_per_cedula = 1001446282 where fun_per_cedula = 1540433705;
UPDATE funcionario set fun_ger_fun_per_cedula = 1011355387 where fun_per_cedula = 1541200527;
UPDATE funcionario set fun_ger_fun_per_cedula = 1001446282 where fun_per_cedula = 1543751126;
UPDATE funcionario set fun_ger_fun_per_cedula = 1017131420 where fun_per_cedula = 1546000646;
UPDATE funcionario set fun_ger_fun_per_cedula = 1011313746 where fun_per_cedula = 1550853078;
UPDATE funcionario set fun_ger_fun_per_cedula = 1004714488 where fun_per_cedula = 1554427456;
UPDATE funcionario set fun_ger_fun_per_cedula = 1082126275 where fun_per_cedula = 1554570153;
UPDATE funcionario set fun_ger_fun_per_cedula = 1017131420 where fun_per_cedula = 1555155273;
UPDATE funcionario set fun_ger_fun_per_cedula = 1056510588 where fun_per_cedula = 1556051477;
UPDATE funcionario set fun_ger_fun_per_cedula = 1088482700 where fun_per_cedula = 1556857166;
UPDATE funcionario set fun_ger_fun_per_cedula = 1001446282 where fun_per_cedula = 1557414002;
UPDATE funcionario set fun_ger_fun_per_cedula = 1017205288 where fun_per_cedula = 1560534351;
UPDATE funcionario set fun_ger_fun_per_cedula = 1088427343 where fun_per_cedula = 1563134853;
UPDATE funcionario set fun_ger_fun_per_cedula = 1058713061 where fun_per_cedula = 1566413108;
UPDATE funcionario set fun_ger_fun_per_cedula = 1017131420 where fun_per_cedula = 1566883111;
UPDATE funcionario set fun_ger_fun_per_cedula = 1065028680 where fun_per_cedula = 1575357454;
UPDATE funcionario set fun_ger_fun_per_cedula = 1011313746 where fun_per_cedula = 1578771680;
UPDATE funcionario set fun_ger_fun_per_cedula = 1120716843 where fun_per_cedula = 1582001833;
UPDATE funcionario set fun_ger_fun_per_cedula = 1115468148 where fun_per_cedula = 1585178205;
UPDATE funcionario set fun_ger_fun_per_cedula = 1077376337 where fun_per_cedula = 1586370516;
UPDATE funcionario set fun_ger_fun_per_cedula = 1127702534 where fun_per_cedula = 1602217878;
UPDATE funcionario set fun_ger_fun_per_cedula = 1120716843 where fun_per_cedula = 1606108122;
UPDATE funcionario set fun_ger_fun_per_cedula = 1012784887 where fun_per_cedula = 1606248327;
UPDATE funcionario set fun_ger_fun_per_cedula = 1057756378 where fun_per_cedula = 1607512506;
UPDATE funcionario set fun_ger_fun_per_cedula = 1113710440 where fun_per_cedula = 1608363552;
UPDATE funcionario set fun_ger_fun_per_cedula = 1017037031 where fun_per_cedula = 1612578714;
UPDATE funcionario set fun_ger_fun_per_cedula = 1011313746 where fun_per_cedula = 1612824655;
UPDATE funcionario set fun_ger_fun_per_cedula = 1088482700 where fun_per_cedula = 1617684338;
UPDATE funcionario set fun_ger_fun_per_cedula = 1065028680 where fun_per_cedula = 1618127014;
UPDATE funcionario set fun_ger_fun_per_cedula = 1083402652 where fun_per_cedula = 1621117638;
UPDATE funcionario set fun_ger_fun_per_cedula = 1037671513 where fun_per_cedula = 1625104113;
UPDATE funcionario set fun_ger_fun_per_cedula = 1106216867 where fun_per_cedula = 1625672744;
UPDATE funcionario set fun_ger_fun_per_cedula = 1085305217 where fun_per_cedula = 1628848785;
UPDATE funcionario set fun_ger_fun_per_cedula = 1111517365 where fun_per_cedula = 1631725437;
UPDATE funcionario set fun_ger_fun_per_cedula = 1055654700 where fun_per_cedula = 1633576666;
UPDATE funcionario set fun_ger_fun_per_cedula = 1077376337 where fun_per_cedula = 1635142387;
UPDATE funcionario set fun_ger_fun_per_cedula = 1083402652 where fun_per_cedula = 1640048641;
UPDATE funcionario set fun_ger_fun_per_cedula = 1056510588 where fun_per_cedula = 1640768667;
UPDATE funcionario set fun_ger_fun_per_cedula = 1012784887 where fun_per_cedula = 1641600842;
UPDATE funcionario set fun_ger_fun_per_cedula = 1054312534 where fun_per_cedula = 1646714143;
UPDATE funcionario set fun_ger_fun_per_cedula = 1077376337 where fun_per_cedula = 1648037304;
UPDATE funcionario set fun_ger_fun_per_cedula = 1012784887 where fun_per_cedula = 1648760080;

insert into tecnico values
(1135304113, 6, "Electrónico"),
(1137438516, 18, "Electrónico"),
(1141620351, 6, "Limpieza de equipos"),
(1142248885, 14, "Niño de las llaves"),
(1146517147, 10, "Niño de las llaves"),
(1150812126, 4, "Experto en explosivos"),
(1155136700, 17, "Limpieza de equipos"),
(1156247710, 9, "Mecánico"),
(1157752512, 14, "Limpieza de equipos"),
(1158881322, 19, "Mecánico"),
(1173581525, 6, "Electrónico"),
(1173710242, 11, "Experto en explosivos"),
(1175365032, 10, "Programador"),
(1176151246, 4, "Niño de las llaves"),
(1177843304, 2, "Niño de las llaves"),
(1181720352, 7, "Programador"),
(1182374782, 14, "Programador"),
(1188757658, 19, "Mecánico"),
(1206726676, 2, "Experto en explosivos"),
(1216312042, 12, "Programador"),
(1218537022, 6, "Mecánico"),
(1222251662, 1, "Mecánico"),
(1223620155, 19, "Limpieza de equipos"),
(1234582127, 7, "Niño de las llaves"),
(1234725485, 1, "Experto en explosivos"),
(1245215642, 13, "Mecánico"),
(1245266303, 18, "Experto en explosivos"),
(1245752173, 6, "Experto en explosivos"),
(1247785710, 0, "Mecánico"),
(1253773543, 18, "Mecánico"),
(1254435411, 11, "Programador"),
(1271862711, 9, "Limpieza de equipos"),
(1273108642, 14, "Limpieza de equipos"),
(1275225576, 12, "Limpieza de equipos"),
(1277367334, 12, "Niño de las llaves"),
(1277518026, 9, "Electrónico"),
(1278148341, 7, "Niño de las llaves"),
(1281383230, 16, "Programador"),
(1281508385, 5, "Experto en explosivos"),
(1281518756, 1, "Programador"),
(1282100271, 3, "Niño de las llaves"),
(1282308833, 2, "Electrónico"),
(1300334243, 7, "Limpieza de equipos"),
(1302762734, 6, "Experto en explosivos"),
(1310557070, 9, "Electrónico"),
(1311147076, 18, "Experto en explosivos"),
(1311225410, 10, "Niño de las llaves"),
(1311764813, 19, "Niño de las llaves"),
(1316666638, 14, "Limpieza de equipos"),
(1326820514, 1, "Mecánico")
;

insert into vendedor values
(1327212124, 221, 941447.0),
(1331143147, 65, 686995.0),
(1336213068, 145, 185012.0),
(1336268676, 367, 180275.0),
(1336836846, 255, 783357.0),
(1342820130, 140, 313945.0),
(1344120674, 2, 130669.0),
(1344743623, 293, 633749.0),
(1352765716, 299, 586915.0),
(1356203883, 15, 662350.0),
(1358304603, 300, 996040.0),
(1360111225, 429, 913088.0),
(1361762011, 484, 498579.0),
(1363102825, 384, 379371.0),
(1363540631, 29, 726682.0),
(1370678518, 326, 239738.0),
(1375133888, 45, 874419.0),
(1376771615, 308, 608228.0),
(1380021251, 178, 366201.0),
(1382141544, 323, 199730.0),
(1382483310, 164, 939881.0),
(1388421732, 259, 213295.0),
(1400323816, 173, 833864.0),
(1408275662, 15, 333594.0),
(1410180863, 53, 530813.0),
(1420142571, 318, 90177.0),
(1424624014, 282, 937283.0),
(1431716417, 352, 321655.0),
(1433770506, 499, 474519.0),
(1437386203, 405, 713897.0),
(1442742157, 18, 494968.0),
(1444768135, 445, 932340.0),
(1453451840, 465, 715284.0),
(1456338187, 346, 194483.0),
(1458518707, 437, 339258.0),
(1465458745, 425, 405365.0),
(1467520018, 196, 451930.0),
(1467637666, 12, 129847.0),
(1470247865, 177, 853550.0),
(1473311731, 149, 9946.0),
(1476783638, 221, 35206.0),
(1476872734, 242, 491078.0),
(1478140186, 153, 695700.0),
(1483706841, 258, 659584.0),
(1486866371, 56, 5530.0),
(1488605611, 56, 682051.0),
(1500236620, 266, 579302.0),
(1500502424, 292, 915157.0),
(1503600810, 321, 155535.0),
(1505746872, 80, 426819.0)
;

insert into administrativo values
(1512408506),
(1515557821),
(1516861852),
(1518716508),
(1522372137),
(1531815135),
(1533535170),
(1536120668),
(1540433705),
(1541200527),
(1543751126),
(1546000646),
(1550853078),
(1554427456),
(1554570153),
(1555155273),
(1556051477),
(1556857166),
(1557414002),
(1560534351),
(1563134853),
(1566413108),
(1566883111),
(1575357454),
(1578771680),
(1582001833),
(1585178205),
(1586370516),
(1602217878),
(1606108122),
(1606248327),
(1607512506),
(1608363552),
(1612578714),
(1612824655),
(1617684338),
(1618127014),
(1621117638),
(1625104113),
(1625672744),
(1628848785),
(1631725437),
(1633576666),
(1635142387),
(1640048641),
(1640768667),
(1641600842),
(1646714143),
(1648037304),
(1648760080)
;
